BLOCK_GROUP,SHIFT,offense-text,BID,VOTING_PRECINCT,END_DATE,YEAR,OCTO_RECORD_ID,NEIGHBORHOOD_CLUSTER,OFFENSE,XBLOCK,offensekey,location,LONGITUDE,ANC,BLOCK,WARD,DISTRICT,METHOD,offensegroup,PSA,START_DATE,YBLOCK,CENSUS_TRACT,sector,LATITUDE,CCN,REPORT_DAT,ucr-rank
001200 4,evening,theft/other,,precinct 33,,2026,,cluster 11,theft/other,393227.28,property|theft/other,"38.9451386287,-77.0781266684",-77.0781266684,3E,4300 - 4326 block of wisconsin avenue nw,3,2,others,property,202,"5/23/2026, 7:00:00 PM",141918.97,001200,2D1,38.9451386287,26070030,"5/23/2026, 8:06:11 PM",6
001002 3,day,theft f/auto,,precinct 29,"10/7/2024, 6:45:00 AM",2024,,cluster 14,theft f/auto,393473.08,property|theft f/auto,"38.9368147603,-77.0752824532",-77.0752824532,3A,3811 - 3848 block of porter street nw,3,2,others,property,204,"10/6/2024, 12:00:00 PM",140994.74,001002,2D2,38.9368147603,24155215,"10/7/2024, 7:27:19 AM",7
000903 1,evening,sex abuse,,precinct 9,"11/4/2025, 3:30:00 AM",2025,,cluster 13,sex abuse,392375.89,violent|sex abuse,"38.9394013931,-77.0879407978",-77.0879407978,3E,4400 - 4500 block of massachusetts avenue nw,3,2,others,violent,205,"11/4/2025, 3:00:00 AM",141282.86,000903,2D2,38.9394013931,25168026,"11/4/2025, 6:08:25 PM",2
000803 2,evening,theft/other,,precinct 10,"11/11/2024, 5:45:00 PM",2024,,cluster 14,theft/other,392544.93,property|theft/other,"38.9337607693,-77.0859841914",-77.0859841914,3B,3300 - 3399 block of new mexico avenue nw,3,2,others,property,205,"11/11/2024, 5:26:00 PM",140656.54,000803,2D2,38.9337607693,24175512,"11/11/2024, 6:15:24 PM",6
001200 4,day,burglary,,precinct 33,"8/18/2026, 10:45:00 PM",2026,,cluster 11,burglary,393836.72,property|burglary,"38.9439690665,-77.0710953093",-77.0710953093,3F,3600 - 3699 block of veazey street nw,3,2,others,property,202,"8/14/2026, 7:00:00 PM",141788.64,001200,2D1,38.9439690665,26114745,"8/15/2026, 1:21:04 PM",5
000600 4,evening,theft/other,,precinct 27,"7/29/2024, 8:45:00 PM",2024,,cluster 15,theft/other,393766.95,property|theft/other,"38.9355433915,-77.0718916308",-77.0718916308,3A,3600 - 3699 block of norton place nw,3,2,others,property,203,"7/29/2024, 8:40:00 PM",140853.37,000600,2D1,38.9355433915,24422859,"8/14/2024, 6:22:56 PM",6
000903 2,day,theft f/auto,,precinct 9,"11/6/2024, 8:00:00 AM",2024,,cluster 13,theft f/auto,391611.38,property|theft f/auto,"38.9450422591,-77.096766748",-77.096766748,3D,4300 - 4369 block of 49th street nw,3,2,others,property,205,"11/6/2024, 7:44:00 AM",141909.82,000903,2D2,38.9450422591,24172528,"11/6/2024, 9:06:36 AM",7
001004 2,evening,motor vehicle theft,,precinct 31,"12/10/2023, 10:13:00 PM",2023,,cluster 11,motor vehicle theft,393016.93,property|motor vehicle theft,"38.9503734019,-77.0805590756",-77.0805590756,3E,4600 - 4699 block of wisconsin avenue nw,3,2,others,property,202,"12/10/2023, 10:09:00 PM",142500.26,001004,2D1,38.9503734019,23201115,"12/10/2023, 10:58:45 PM",8
001200 4,evening,theft f/auto,,precinct 33,"11/22/2023, 1:00:00 PM",2023,,cluster 11,theft f/auto,393875.78,property|theft f/auto,"38.9422128145,-77.0706429999",-77.0706429999,3F,3600 - 3699 block of upton street nw,3,2,others,property,202,"11/21/2023, 12:30:00 AM",141593.65,001200,2D1,38.9422128145,23191244,"11/22/2023, 4:14:56 PM",7
000803 2,evening,theft f/auto,,precinct 10,"10/24/2025, 5:01:00 PM",2025,,cluster 14,theft f/auto,392994.72,property|theft f/auto,"38.9341858788,-77.0807969499",-77.0807969499,3B,4100 - 4199 block of massachusetts avenue nw,3,2,others,property,205,"10/24/2025, 4:58:00 PM",140703.32,000803,2D2,38.9341858788,25162040,"10/24/2025, 6:28:34 PM",7
000804 3,day,theft f/auto,,precinct 10,"6/28/2023, 3:34:00 PM",2023,,cluster 13,theft f/auto,392810,property|theft f/auto,"38.9283711486,-77.0829206971",-77.0829206971,3D,2900 - 3033 block of new mexico avenue nw,3,2,others,property,205,"6/28/2023, 12:47:00 PM",140058,000804,2D2,38.9283711486,23104070,"6/29/2023, 8:01:09 AM",7
001002 2,midnight,theft/other,,precinct 29,"9/20/2025, 11:33:00 AM",2025,,cluster 14,theft/other,393254.53,property|theft/other,"38.9400305108,-77.0778067509",-77.0778067509,3A,10 - 99 block of ridge square nw,3,2,others,property,204,"9/20/2025, 11:23:00 AM",141351.9,001002,2D2,38.9400305108,25143957,"9/22/2025, 5:33:54 AM",6
001200 4,midnight,theft f/auto,,precinct 33,"10/23/2023, 1:15:00 PM",2023,,cluster 11,theft f/auto,393836.72,property|theft f/auto,"38.9439690665,-77.0710953093",-77.0710953093,3F,3600 - 3699 block of veazey street nw,3,2,others,property,202,"10/22/2023, 9:00:00 PM",141788.64,001200,2D1,38.9439690665,23424497,"11/9/2023, 6:22:16 AM",7
000903 2,day,theft f/auto,,precinct 9,"11/15/2024, 8:20:00 AM",2024,,cluster 13,theft f/auto,391696.79,property|theft f/auto,"38.945126307,-77.0957816153",-77.0957816153,3D,4800 - 4899 block of massachusetts avenue nw,3,2,others,property,205,"11/15/2024, 8:14:00 AM",141919.06,000903,2D2,38.945126307,24177483,"11/15/2024, 8:34:10 AM",7
001004 2,evening,theft/other,,precinct 31,"10/20/2025, 7:44:00 PM",2025,,cluster 11,theft/other,393070.63,property|theft/other,"38.9483570552,-77.0799373128",-77.0799373128,3E,4500 - 4537 block of wisconsin avenue nw,3,2,others,property,202,"10/20/2025, 7:42:00 PM",142276.38,001004,2D1,38.9483570552,25159978,"10/20/2025, 8:14:36 PM",6
000600 3,evening,theft/other,,precinct 27,"9/16/2024, 8:45:00 AM",2024,,cluster 15,theft/other,393787.76,property|theft/other,"38.9334825303,-77.0716495385",-77.0716495385,3A,3600 - 3699 block of macomb street nw,3,2,others,property,204,"9/16/2024, 8:42:00 AM",140624.58,000600,2D2,38.9334825303,24143226,"9/18/2024, 4:13:09 PM",6
001004 3,day,theft f/auto,,precinct 30,"5/23/2025, 1:20:00 PM",2025,,cluster 11,theft f/auto,392391.01,property|theft f/auto,"38.9426959444,-77.087770451",-77.087770451,3E,4100 - 4199 block of 45th street nw,3,2,others,property,202,"5/23/2025, 12:33:00 PM",141648.57,001004,2D1,38.9426959444,25076598,"5/23/2025, 1:20:33 PM",7
001004 3,evening,theft/other,,precinct 30,"1/9/2026, 4:30:00 PM",2026,,cluster 11,theft/other,393113.91,property|theft/other,"38.9474950334,-77.0794370733",-77.0794370733,3E,4404 - 4499 block of wisconsin avenue nw,3,2,others,property,202,"1/9/2026, 3:30:00 PM",142180.65,001004,2D1,38.9474950334,26003988,"1/9/2026, 4:47:35 PM",6
001004 3,evening,theft f/auto,,precinct 30,"7/11/2024, 1:30:00 PM",2024,,cluster 11,theft f/auto,392391.01,property|theft f/auto,"38.9426959444,-77.087770451",-77.087770451,3E,4100 - 4199 block of 45th street nw,3,2,others,property,202,"7/11/2024, 12:30:00 PM",141648.57,001004,2D1,38.9426959444,24106316,"7/11/2024, 7:59:11 PM",7
001200 4,evening,theft/other,,precinct 33,"9/16/2025, 6:48:00 PM",2025,,cluster 11,theft/other,393227.28,property|theft/other,"38.9451386287,-77.0781266684",-77.0781266684,3E,4300 - 4326 block of wisconsin avenue nw,3,2,others,property,202,"9/16/2025, 6:45:00 PM",141918.97,001200,2D1,38.9451386287,25142022,"9/16/2025, 8:59:51 PM",6
001002 3,day,theft f/auto,,precinct 29,"9/21/2025, 1:12:00 PM",2025,,cluster 14,theft f/auto,393468.43,property|theft f/auto,"38.9394409131,-77.075338862",-77.075338862,3A,3800 - 3809 block of rodman street nw,3,2,others,property,204,"9/21/2025, 1:08:00 PM",141286.27,001002,2D2,38.9394409131,25144491,"9/21/2025, 1:20:10 PM",7
001002 1,evening,motor vehicle theft,,precinct 10,"3/3/2026, 5:18:00 PM",2026,,cluster 14,motor vehicle theft,392734.78,property|motor vehicle theft,"38.940372645,-77.083802298",-77.083802298,3A,3700 - 4123 block of nebraska avenue nw,3,2,others,property,204,"1/19/2026, 11:00:00 PM",141390.34,001002,2D2,38.940372645,26028170,"3/3/2026, 6:07:34 PM",8
001002 2,day,burglary,,precinct 30,"8/23/2023, 9:00:00 PM",2023,,cluster 11,burglary,393135.7,property|burglary,"38.9431623118,-77.079180894",-77.079180894,3A,3920 - 4099 block of van ness street nw,3,2,others,property,202,"8/23/2023, 8:45:00 AM",141699.66,001002,2D1,38.9431623118,23139362,"8/24/2023, 1:06:32 PM",5
000703 1,evening,assault w/dangerous weapon,,precinct 28,"10/29/2023, 5:37:00 PM",2023,,cluster 14,assault w/dangerous weapon,393203.59,violent|assault w/dangerous weapon,"38.9324226132,-77.0783859624",-77.0783859624,3A,3900 - 4099 block of massachusetts avenue nw,3,2,knife,violent,205,"10/29/2023, 5:37:00 PM",140507.4,000703,2D2,38.9324226132,23178157,"10/29/2023, 6:40:35 PM",3
001002 2,day,theft/other,,precinct 29,"10/10/2023, 1:17:00 PM",2023,,cluster 14,theft/other,393254.53,property|theft/other,"38.9400305108,-77.0778067509",-77.0778067509,3A,10 - 99 block of ridge square nw,3,2,others,property,204,"10/10/2023, 8:15:00 AM",141351.9,001002,2D2,38.9400305108,23167279,"10/10/2023, 2:08:21 PM",6
000903 1,midnight,theft f/auto,,precinct 9,,2023,,cluster 13,theft f/auto,392375.89,property|theft f/auto,"38.9394013931,-77.0879407978",-77.0879407978,3E,4400 - 4500 block of massachusetts avenue nw,3,2,others,property,,"10/10/2023, 11:48:00 PM",141282.86,000903,,38.9394013931,23167580,"10/11/2023, 12:53:27 AM",7
000600 3,day,theft/other,,precinct 27,"3/31/2026, 6:30:00 PM",2026,,cluster 15,theft/other,393716.95,property|theft/other,"38.9330137754,-77.072465757",-77.072465757,3A,3201 - 3299 block of wisconsin avenue nw,3,2,others,property,204,"3/31/2026, 5:30:00 PM",140572.6,000600,2D2,38.9330137754,26421236,"4/1/2026, 9:31:12 AM",6
000804 3,day,theft f/auto,,precinct 10,"2/13/2025, 9:42:00 AM",2025,,cluster 13,theft f/auto,392471.97,property|theft f/auto,"38.9302760065,-77.0868214437",-77.0868214437,3D,4400 - 4434 block of cathedral avenue nw,3,2,others,property,205,"2/13/2025, 9:41:00 AM",140269.77,000804,2D2,38.9302760065,25021287,"2/13/2025, 1:11:35 PM",7
000904 2,day,theft f/auto,,precinct 9,"12/11/2024, 8:10:00 AM",2024,,cluster 13,theft f/auto,391587.02,property|theft f/auto,"38.9460519441,-77.0970491269",-77.0970491269,3D,4900 - 4908 block of massachusetts avenue nw,3,2,others,property,205,"12/11/2024, 8:05:00 AM",142021.93,000904,2D2,38.9460519441,24191736,"12/11/2024, 9:25:38 AM",7
001002 4,evening,theft/other,,precinct 29,"9/24/2022, 5:28:00 PM",2022,,cluster 14,theft/other,393720,property|theft/other,"38.9340623633,-77.0724316449",-77.0724316449,3A,3300 - 3399 block of wisconsin avenue nw,3,2,others,property,204,"9/24/2022, 4:25:00 PM",140689,001002,2D2,38.9340623633,22138597,"9/24/2022, 5:27:55 PM",6
001003 3,day,theft f/auto,,precinct 30,"3/9/2026, 10:00:00 AM",2026,,cluster 11,theft f/auto,392231.02,property|theft f/auto,"38.9479076347,-77.0896225038",-77.0896225038,3E,4500 - 4599 block of albemarle street nw,3,2,others,property,202,"3/9/2026, 9:45:00 AM",142227.27,001003,2D1,38.9479076347,26030916,"3/9/2026, 1:36:49 PM",7
001002 2,day,theft f/auto,,precinct 29,"7/3/2024, 9:00:00 AM",2024,,cluster 14,theft f/auto,393320.76,property|theft f/auto,"38.9345996466,-77.0770369414",-77.0770369414,3A,3300 - 3499 block of 39th street nw,3,2,others,property,204,"7/2/2024, 10:00:00 AM",140748.97,001002,2D2,38.9345996466,24101535,"7/3/2024, 11:02:26 AM",7
001004 2,evening,theft/other,,precinct 31,"6/28/2024, 4:35:00 PM",2024,,cluster 11,theft/other,393070.63,property|theft/other,"38.9483570552,-77.0799373128",-77.0799373128,3E,4500 - 4537 block of wisconsin avenue nw,3,2,others,property,202,"6/28/2024, 4:20:00 PM",142276.38,001004,2D1,38.9483570552,24102922,"7/5/2024, 6:05:52 PM",6
001200 3,day,motor vehicle theft,,precinct 33,"11/12/2025, 6:30:00 AM",2025,,cluster 11,motor vehicle theft,393322.45,property|motor vehicle theft,"38.946685358,-77.0770305065",-77.0770305065,3E,4400 - 4415 block of 39th street nw,3,2,others,property,202,"11/11/2025, 7:00:00 PM",142090.59,001200,2D1,38.946685358,25171994,"11/12/2025, 7:27:31 AM",8
001100 4,evening,theft/other,,precinct 32,"9/22/2025, 3:54:00 PM",2025,,cluster 11,theft/other,393039.43,property|theft/other,"38.9492466458,-77.0802982386",-77.0802982386,3E,4530 - 4599 block of wisconsin avenue nw,3,2,others,property,202,"9/22/2025, 3:48:00 PM",142375.16,001100,2D1,38.9492466458,25145084,"9/22/2025, 6:07:49 PM",6
001002 2,day,theft/other,,precinct 30,"11/6/2023, 2:00:00 PM",2023,,cluster 11,theft/other,393303.37,property|theft/other,"38.9435542951,-77.0772472157",-77.0772472157,3A,4200 - 4226 block of wisconsin avenue nw,3,2,others,property,202,"11/5/2023, 1:00:00 PM",141743.03,001002,2D1,38.9435542951,23191577,"11/23/2023, 12:19:29 PM",6
001003 3,day,theft/other,,precinct 30,"10/28/2025, 6:05:00 PM",2025,,cluster 11,theft/other,391696.79,property|theft/other,"38.945126307,-77.0957816153",-77.0957816153,3E,4800 - 4899 block of massachusetts avenue nw,3,2,others,property,202,"10/28/2025, 6:00:00 PM",141919.06,001003,2D1,38.945126307,25164891,"10/30/2025, 7:02:53 AM",6
001002 4,day,theft/other,,precinct 29,"8/22/2026, 11:38:00 AM",2026,,cluster 14,theft/other,393720.86,property|theft/other,"38.9340623694,-77.0724217259",-77.0724217259,3A,3300 - 3399 block of wisconsin avenue nw,3,2,others,property,204,"8/22/2026, 11:14:00 AM",140689,001002,2D2,38.9340623694,26118500,"8/22/2026, 11:45:05 AM",6
001003 3,day,theft f/auto,,precinct 30,"2/3/2025, 11:53:00 AM",2025,,cluster 11,theft f/auto,391696.79,property|theft f/auto,"38.945126307,-77.0957816153",-77.0957816153,3E,4800 - 4899 block of massachusetts avenue nw,3,2,others,property,202,"2/3/2025, 10:55:00 AM",141919.06,001003,2D1,38.945126307,25016359,"2/3/2025, 12:00:50 PM",7
001003 3,day,theft/other,,precinct 30,"8/29/2025, 2:59:00 PM",2025,,cluster 11,theft/other,391696.79,property|theft/other,"38.945126307,-77.0957816153",-77.0957816153,3E,4800 - 4899 block of massachusetts avenue nw,3,2,others,property,202,"8/29/2025, 1:30:00 PM",141919.06,001003,2D1,38.945126307,25131882,"8/29/2025, 3:00:56 PM",6
000902 1,evening,motor vehicle theft,,precinct 8,"3/18/2025, 1:30:00 PM",2025,,cluster 13,motor vehicle theft,391451.49,property|motor vehicle theft,"38.9279577523,-77.0985875298",-77.0985875298,3D,5000 - 5027 block of garfield street nw,3,2,others,property,205,"3/18/2025, 12:30:00 PM",140013.46,000902,2D2,38.9279577523,25039048,"3/18/2025, 4:34:02 PM",8
001004 2,evening,theft/other,,precinct 31,,2023,,cluster 11,theft/other,393070,property|theft/other,"38.9483536271,-77.0799445766",-77.0799445766,3E,4500 - 4537 block of wisconsin avenue nw,3,2,others,property,202,"5/31/2023, 5:31:00 PM",142276,001004,2D1,38.9483536271,23086297,"5/31/2023, 5:52:52 PM",6
001002 1,evening,theft/other,,precinct 10,"6/3/2024, 7:00:00 PM",2024,,cluster 14,theft/other,392798.58,property|theft/other,"38.9358388469,-77.0830611003",-77.0830611003,3A,4200 - 4349 block of massachusetts avenue nw,3,2,others,property,204,"6/3/2024, 2:00:00 PM",140886.99,001002,2D2,38.9358388469,24095277,"6/22/2024, 5:50:11 PM",6
001002 4,evening,theft/other,,precinct 29,"12/10/2024, 9:00:00 PM",2024,,cluster 14,theft/other,393645.65,property|theft/other,"38.934751414,-77.0732898841",-77.0732898841,3A,3700 - 3749 block of newark street nw,3,2,others,property,204,"12/10/2024, 8:58:00 PM",140765.55,001002,2D2,38.934751414,24191568,"12/10/2024, 9:19:42 PM",6
001003 3,day,theft/other,,precinct 30,,2024,,cluster 11,theft/other,391696.79,property|theft/other,"38.945126307,-77.0957816153",-77.0957816153,3E,4800 - 4899 block of massachusetts avenue nw,3,2,others,property,202,"4/24/2024, 11:38:00 AM",141919.06,001003,2D1,38.945126307,24061199,"4/24/2024, 12:36:15 PM",6
001002 4,evening,theft/other,,precinct 29,"6/30/2025, 6:31:00 PM",2025,,cluster 14,theft/other,393645.65,property|theft/other,"38.934751414,-77.0732898841",-77.0732898841,3A,3700 - 3749 block of newark street nw,3,2,others,property,204,"6/30/2025, 5:34:00 PM",140765.55,001002,2D2,38.934751414,25098201,"6/30/2025, 7:21:22 PM",6
000904 2,day,motor vehicle theft,,precinct 9,"5/19/2023, 8:48:00 AM",2023,,cluster 13,motor vehicle theft,391236,property|motor vehicle theft,"38.9447969924,-77.10109659",-77.10109659,3D,5100 - 5115 block of 52nd street nw,3,2,others,property,205,"5/19/2023, 8:00:00 AM",141883,000904,2D2,38.9447969924,23078740,"5/19/2023, 9:11:29 AM",8
001003 3,evening,theft f/auto,,precinct 30,"9/24/2024, 3:05:00 PM",2024,,cluster 11,theft f/auto,391696.79,property|theft f/auto,"38.945126307,-77.0957816153",-77.0957816153,3E,4800 - 4899 block of massachusetts avenue nw,3,2,others,property,202,"9/24/2024, 2:45:00 PM",141919.06,001003,2D1,38.945126307,24148528,"9/25/2024, 3:14:48 PM",7
000703 1,evening,theft f/auto,,precinct 28,"3/7/2024, 6:51:00 PM",2024,,cluster 14,theft f/auto,393203.59,property|theft f/auto,"38.9324226132,-77.0783859624",-77.0783859624,3A,3900 - 4099 block of massachusetts avenue nw,3,2,others,property,205,"3/7/2024, 6:24:00 PM",140507.4,000703,2D2,38.9324226132,24035230,"3/11/2024, 5:49:13 PM",7
001002 4,midnight,sex abuse,,precinct 29,"2/3/2024, 11:00:00 PM",2024,,cluster 14,sex abuse,393645.65,violent|sex abuse,"38.934751414,-77.0732898841",-77.0732898841,3A,3700 - 3749 block of newark street nw,3,2,others,violent,204,"2/3/2024, 6:00:00 PM",140765.55,001002,2D2,38.934751414,24017521,"2/4/2024, 1:46:00 AM",2
001004 2,evening,theft f/auto,,precinct 31,"11/7/2023, 3:40:00 PM",2023,,cluster 11,theft f/auto,392579.65,property|theft f/auto,"38.9496887016,-77.0856028659",-77.0856028659,3E,4310 - 4399 block of brandywine street nw,3,2,others,property,202,"11/7/2023, 2:50:00 PM",142424.65,001004,2D1,38.9496887016,23183148,"11/7/2023, 4:26:16 PM",7
000600 3,evening,theft/other,,precinct 27,"1/15/2024, 6:08:00 PM",2024,,cluster 15,theft/other,393716.95,property|theft/other,"38.9330137754,-77.072465757",-77.072465757,3A,3201 - 3299 block of wisconsin avenue nw,3,2,others,property,204,"1/15/2024, 5:59:00 PM",140572.6,000600,2D2,38.9330137754,24007587,"1/15/2024, 9:24:55 PM",6
001100 4,evening,theft/other,,precinct 32,"5/15/2023, 5:00:00 PM",2023,,cluster 11,theft/other,393070,property|theft/other,"38.9483536271,-77.0799445766",-77.0799445766,3E,4500 - 4537 block of wisconsin avenue nw,3,2,others,property,202,"5/15/2023, 4:39:00 PM",142276,001100,2D1,38.9483536271,23076501,"5/15/2023, 6:00:54 PM",6
000600 4,day,theft f/auto,,precinct 27,"12/7/2022, 10:35:00 AM",2022,,cluster 15,theft f/auto,393928,property|theft f/auto,"38.9381445833,-77.0700366444",-77.0700366444,3A,3500 - 3599 block of quebec street nw,3,2,others,property,203,"12/7/2022, 9:15:00 AM",141142,000600,2D1,38.9381445833,22177879,"12/7/2022, 12:50:16 PM",7
001003 1,evening,theft f/auto,,precinct 31,"7/26/2023, 2:30:00 PM",2023,,cluster 11,theft f/auto,392058.98,property|theft f/auto,"38.9510398035,-77.0916111732",-77.0916111732,3E,4600 - 4699 block of chesapeake street nw,3,2,others,property,202,"7/26/2023, 11:45:00 AM",142575.14,001003,2D1,38.9510398035,23121377,"7/26/2023, 4:28:04 PM",7
001003 3,day,theft/other,,precinct 30,"8/25/2023, 7:00:00 AM",2023,,cluster 11,theft/other,391696.79,property|theft/other,"38.945126307,-77.0957816153",-77.0957816153,3E,4800 - 4899 block of massachusetts avenue nw,3,2,others,property,202,"8/25/2023, 6:55:00 AM",141919.06,001003,2D1,38.945126307,23139828,"8/25/2023, 7:28:06 AM",6
001002 4,evening,theft/other,,precinct 29,"5/29/2024, 5:47:00 PM",2024,,cluster 14,theft/other,393645.65,property|theft/other,"38.934751414,-77.0732898841",-77.0732898841,3A,3700 - 3749 block of newark street nw,3,2,others,property,204,"5/29/2024, 5:45:00 PM",140765.55,001002,2D2,38.934751414,24081273,"5/29/2024, 6:07:38 PM",6
001003 1,day,theft f/auto,,precinct 31,"10/30/2023, 2:25:00 PM",2023,,cluster 11,theft f/auto,392231.45,property|theft f/auto,"38.9510406251,-77.0896214822",-77.0896214822,3E,4500 - 4599 block of chesapeake street nw,3,2,others,property,202,"10/30/2023, 1:45:00 PM",142575.06,001003,2D1,38.9510406251,23182984,"11/7/2023, 11:28:49 AM",7
001004 2,day,theft/other,,precinct 31,"3/1/2024, 8:10:00 AM",2024,,cluster 11,theft/other,393070.63,property|theft/other,"38.9483570552,-77.0799373128",-77.0799373128,3E,4500 - 4537 block of wisconsin avenue nw,3,2,others,property,202,"3/1/2024, 8:07:00 AM",142276.38,001004,2D1,38.9483570552,24043792,"3/23/2024, 12:56:03 PM",6
001004 2,evening,theft/other,,precinct 31,"5/22/2025, 2:44:00 PM",2025,,cluster 11,theft/other,393070.63,property|theft/other,"38.9483570552,-77.0799373128",-77.0799373128,3E,4500 - 4537 block of wisconsin avenue nw,3,2,others,property,202,"5/22/2025, 1:29:00 PM",142276.38,001004,2D1,38.9483570552,25076038,"5/22/2025, 3:18:39 PM",6
001100 4,day,theft/other,,precinct 32,,2023,,cluster 11,theft/other,393039.43,property|theft/other,"38.9492466458,-77.0802982386",-77.0802982386,3E,4530 - 4599 block of wisconsin avenue nw,3,2,others,property,202,"10/17/2023, 12:00:00 PM",142375.16,001100,2D1,38.9492466458,23171137,"10/17/2023, 12:36:43 PM",6
000703 1,day,sex abuse,,precinct 28,"8/29/2023, 2:30:00 PM",2023,,cluster 14,sex abuse,393250.96,violent|sex abuse,"38.9303971911,-77.0778374123",-77.0778374123,3A,3000 - 3099 block of idaho avenue nw,3,2,others,violent,204,"8/29/2023, 1:50:00 PM",140282.52,000703,2D2,38.9303971911,23142707,"8/30/2023, 8:36:16 AM",2
000903 2,evening,theft f/auto,,precinct 9,"7/30/2024, 12:30:00 PM",2024,,cluster 13,theft f/auto,391535.99,property|theft f/auto,"38.9337319912,-77.0976209202",-77.0976209202,3D,4830 - 4960 block of rockwood parkway nw,3,2,others,property,205,"7/30/2024, 12:11:00 PM",140654.36,000903,2D2,38.9337319912,24116669,"7/30/2024, 8:33:35 PM",7
001004 2,evening,theft f/auto,,precinct 31,"6/28/2024, 6:00:00 AM",2024,,cluster 11,theft f/auto,392423.34,property|theft f/auto,"38.948791765,-77.0874049948",-77.0874049948,3E,4400 - 4499 block of butterworth place nw,3,2,others,property,202,"6/27/2024, 10:10:00 PM",142325.23,001004,2D1,38.948791765,24422465,"7/6/2024, 4:22:39 PM",7
001002 4,evening,theft/other,,precinct 29,"6/28/2023, 1:05:00 PM",2023,,cluster 14,theft/other,393645,property|theft/other,"38.9347464547,-77.073297376",-77.073297376,3A,3700 - 3749 block of newark street nw,3,2,others,property,204,"6/28/2023, 12:50:00 PM",140765,001002,2D2,38.9347464547,23104149,"6/28/2023, 9:04:41 PM",6
001002 4,midnight,theft/other,,precinct 29,"8/3/2024, 8:43:00 PM",2024,,cluster 14,theft/other,393645.65,property|theft/other,"38.934751414,-77.0732898841",-77.0732898841,3A,3700 - 3749 block of newark street nw,3,2,others,property,204,"8/3/2024, 7:57:00 PM",140765.55,001002,2D2,38.934751414,24119080,"8/3/2024, 11:58:37 PM",6
001002 1,evening,assault w/dangerous weapon,,precinct 10,"2/26/2025, 7:20:00 PM",2025,,cluster 14,assault w/dangerous weapon,392798.58,violent|assault w/dangerous weapon,"38.9358388469,-77.0830611003",-77.0830611003,3A,4200 - 4349 block of massachusetts avenue nw,3,2,knife,violent,204,"2/26/2025, 6:00:00 PM",140886.99,001002,2D2,38.9358388469,25028272,"2/26/2025, 7:28:29 PM",3
001100 4,evening,theft/other,,precinct 32,"9/20/2023, 5:53:00 PM",2023,,cluster 11,theft/other,393348.63,property|theft/other,"38.9507275689,-77.0767328516",-77.0767328516,3E,3814 - 3989 block of chesapeake street nw,3,2,others,property,202,"9/20/2023, 5:15:00 PM",142539.29,001100,2D1,38.9507275689,23155524,"9/20/2023, 8:05:35 PM",6
001003 3,evening,theft f/auto,,precinct 30,"4/17/2023, 6:21:00 PM",2023,,cluster 11,theft f/auto,392316,property|theft f/auto,"38.9459061128,-77.0886396904",-77.0886396904,3E,4309 - 4399 block of 45th street nw,3,2,others,property,202,"4/17/2023, 5:28:00 PM",142005,001003,2D1,38.9459061128,23059903,"4/17/2023, 6:59:52 PM",7
001200 4,midnight,theft f/auto,,precinct 33,"5/2/2023, 4:05:00 AM",2023,,cluster 11,theft f/auto,393449,property|theft f/auto,"38.9422128886,-77.0755659169",-77.0755659169,3A,3800 - 3899 block of upton street nw,3,2,others,property,202,"5/2/2023, 4:00:00 AM",141594,001200,2D1,38.9422128886,23068424,"5/3/2023, 5:48:11 AM",7
001004 2,day,theft/other,,precinct 31,"3/4/2023, 11:21:00 AM",2023,,cluster 11,theft/other,393070,property|theft/other,"38.9483536271,-77.0799445766",-77.0799445766,3E,4500 - 4537 block of wisconsin avenue nw,3,2,others,property,202,"3/4/2023, 10:37:00 AM",142276,001004,2D1,38.9483536271,23034418,"3/4/2023, 11:31:28 AM",6
001002 4,evening,theft/other,,precinct 29,"7/4/2024, 7:25:00 PM",2024,,cluster 14,theft/other,393645.65,property|theft/other,"38.934751414,-77.0732898841",-77.0732898841,3A,3700 - 3749 block of newark street nw,3,2,others,property,204,"7/4/2024, 7:14:00 PM",140765.55,001002,2D2,38.934751414,24102311,"7/4/2024, 8:08:07 PM",6
001002 2,midnight,theft/other,,precinct 29,"12/30/2024, 5:43:00 PM",2024,,cluster 14,theft/other,393254.53,property|theft/other,"38.9400305108,-77.0778067509",-77.0778067509,3A,10 - 99 block of ridge square nw,3,2,others,property,204,"12/30/2024, 5:20:00 PM",141351.9,001002,2D2,38.9400305108,24201619,"12/31/2024, 6:33:20 AM",6
001003 2,evening,theft/other,,precinct 31,"6/26/2024, 10:00:00 AM",2024,,cluster 11,theft/other,392059.16,property|theft/other,"38.9521094468,-77.0916104713",-77.0916104713,3E,4600 - 4699 block of davenport street nw,3,2,others,property,202,"6/26/2024, 3:00:00 AM",142693.88,001003,2D1,38.9521094468,24097559,"6/26/2024, 3:13:39 PM",6
001002 2,day,motor vehicle theft,,precinct 29,,2023,,cluster 14,motor vehicle theft,393242.95,property|motor vehicle theft,"38.9383982098,-77.077938538",-77.077938538,3A,3700 - 3799 block of 39th street nw,3,2,others,property,204,"10/9/2023, 6:26:00 AM",141170.71,001002,2D2,38.9383982098,23166506,"10/9/2023, 7:36:29 AM",8
001004 2,day,motor vehicle theft,,precinct 31,"11/4/2024, 8:00:00 AM",2024,,cluster 11,motor vehicle theft,392944.1,property|motor vehicle theft,"38.9510306038,-77.081400018",-77.081400018,3E,4100 - 4199 block of chesapeake street nw,3,2,others,property,202,"11/3/2024, 7:00:00 PM",142573.28,001004,2D1,38.9510306038,24171393,"11/4/2024, 8:33:55 AM",8
001002 4,evening,theft/other,,precinct 29,"11/2/2025, 7:37:00 PM",2025,,cluster 14,theft/other,393720.86,property|theft/other,"38.9340623694,-77.0724217259",-77.0724217259,3A,3300 - 3399 block of wisconsin avenue nw,3,2,others,property,204,"11/2/2025, 7:28:00 PM",140689,001002,2D2,38.9340623694,25167009,"11/2/2025, 8:52:41 PM",6
000903 2,day,theft f/auto,,precinct 9,"4/13/2026, 12:10:00 PM",2026,,cluster 13,theft f/auto,391716.57,property|theft f/auto,"38.9422161886,-77.0955495427",-77.0955495427,3D,4800 - 4899 block of upton street nw,3,2,others,property,205,"4/13/2026, 11:00:00 AM",141595.99,000903,2D2,38.9422161886,26050303,"4/16/2026, 12:25:01 PM",7
001002 2,day,robbery,,precinct 29,"5/10/2024, 1:38:00 PM",2024,,cluster 11,robbery,393344.88,violent|robbery,"38.9426890947,-77.0767674562",-77.0767674562,3A,4100 - 4199 block of wisconsin avenue nw,3,2,others,violent,202,"5/10/2024, 1:30:00 PM",141646.95,001002,2D1,38.9426890947,24070154,"5/10/2024, 2:34:31 PM",4
001200 3,day,robbery,,precinct 33,"2/17/2026, 7:18:00 AM",2026,,cluster 11,robbery,393627.6,violent|robbery,"38.9462806306,-77.0735099561",-77.0735099561,3E,3700 - 3799 block of yuma street nw,3,2,gun,violent,202,"2/17/2026, 5:27:00 AM",142045.41,001200,2D1,38.9462806306,26021323,"2/17/2026, 8:42:13 AM",4
001100 4,evening,assault w/dangerous weapon,,precinct 32,,2026,,cluster 11,assault w/dangerous weapon,393106.17,violent|assault w/dangerous weapon,"38.9507238979,-77.0795299633",-77.0795299633,3E,4000 - 4099 block of chesapeake street nw,3,2,gun,violent,202,"5/8/2026, 4:27:00 PM",142539.09,001100,2D1,38.9507238979,26062009,"5/8/2026, 6:34:14 PM",3
001200 4,evening,theft f/auto,,precinct 33,"5/7/2024, 1:50:00 PM",2024,,cluster 11,theft f/auto,393427.3,property|theft f/auto,"38.9455301164,-77.0758197548",-77.0758197548,3E,3800 - 3899 block of windom place nw,3,2,others,property,202,"5/7/2024, 12:15:00 PM",141962.26,001200,2D1,38.9455301164,24421894,"5/24/2024, 5:02:39 PM",7
001002 4,day,theft/other,,precinct 29,"10/2/2022, 9:58:00 AM",2022,,cluster 14,theft/other,393550,property|theft/other,"38.9360879986,-77.0743944881",-77.0743944881,3A,3400 - 3499 block of 38th street nw,3,2,others,property,204,"9/25/2022, 1:00:00 PM",140914,001002,2D2,38.9360879986,22143056,"10/3/2022, 10:05:51 AM",6
001100 4,day,theft/other,,precinct 32,"5/10/2026, 12:30:00 PM",2026,,cluster 11,theft/other,393173.95,property|theft/other,"38.9487916125,-77.0787458915",-77.0787458915,3E,4500 - 4599 block of 40th street nw,3,2,others,property,202,"5/10/2026, 11:30:00 AM",142324.53,001100,2D1,38.9487916125,26062928,"5/10/2026, 1:08:03 PM",6
001002 2,evening,motor vehicle theft,,precinct 30,"6/19/2023, 5:00:00 PM",2023,,cluster 11,motor vehicle theft,393303,property|motor vehicle theft,"38.943554022,-77.0772514834",-77.0772514834,3A,4200 - 4226 block of wisconsin avenue nw,3,2,others,property,202,"6/19/2023, 3:53:00 PM",141743,001002,2D1,38.943554022,23098660,"6/19/2023, 5:37:31 PM",8
001004 2,day,theft f/auto,,precinct 31,"11/3/2024, 12:00:00 AM",2024,,cluster 11,theft f/auto,392944.1,property|theft f/auto,"38.9510306038,-77.081400018",-77.081400018,3E,4100 - 4199 block of chesapeake street nw,3,,others,property,202,"11/3/2024, 12:00:00 AM",142573.28,001004,2D1,38.9510306038,24171561,"11/6/2024, 1:17:30 PM",7
000904 2,day,theft f/auto,,precinct 9,"9/17/2024, 11:08:00 AM",2024,,cluster 13,theft f/auto,391587.02,property|theft f/auto,"38.9460519441,-77.0970491269",-77.0970491269,3D,4900 - 4908 block of massachusetts avenue nw,3,2,others,property,205,"9/17/2024, 11:00:00 AM",142021.93,000904,2D2,38.9460519441,24143628,"9/17/2024, 12:34:59 PM",7
001002 2,evening,theft/other,,precinct 29,"8/9/2023, 8:38:00 PM",2023,,cluster 14,theft/other,393254.53,property|theft/other,"38.9400305108,-77.0778067509",-77.0778067509,3A,10 - 99 block of ridge square nw,3,2,others,property,204,"8/7/2023, 8:37:00 PM",141351.9,001002,2D2,38.9400305108,23130462,"8/9/2023, 8:41:27 PM",6
001002 2,evening,theft/other,,precinct 29,"9/18/2026, 10:45:00 AM",2026,,cluster 14,theft/other,393391.9,property|theft/other,"38.9417022317,-77.0762240207",-77.0762240207,3A,4000 - 4099 block of wisconsin avenue nw,3,2,others,property,204,"9/18/2026, 9:40:00 AM",141537.36,001002,2D2,38.9417022317,26133559,"9/20/2026, 7:47:42 PM",6
000804 3,day,motor vehicle theft,,precinct 10,"5/13/2026, 7:30:00 AM",2026,,cluster 13,motor vehicle theft,392628.55,property|motor vehicle theft,"38.9275252063,-77.0850123123",-77.0850123123,3D,4300 - 4399 block of garfield street nw,3,2,others,property,205,"5/12/2026, 11:39:00 AM",139964.26,000804,2D2,38.9275252063,26064470,"5/13/2026, 12:31:50 PM",8
000703 1,evening,theft/other,,precinct 28,"10/27/2025, 1:22:00 PM",2025,,cluster 14,theft/other,393203.59,property|theft/other,"38.9324226132,-77.0783859624",-77.0783859624,3A,3900 - 4099 block of massachusetts avenue nw,3,2,others,property,205,"10/27/2025, 9:00:00 AM",140507.4,000703,2D2,38.9324226132,25164537,"10/29/2025, 4:00:16 PM",6
001100 4,evening,theft/other,,precinct 32,"11/13/2023, 3:23:00 PM",2023,,cluster 11,theft/other,393039.43,property|theft/other,"38.9492466458,-77.0802982386",-77.0802982386,3E,4530 - 4599 block of wisconsin avenue nw,3,2,others,property,202,"11/13/2023, 3:15:00 PM",142375.16,001100,2D1,38.9492466458,23186427,"11/13/2023, 4:02:39 PM",6
001002 4,evening,theft/other,,precinct 29,"10/22/2024, 8:04:00 PM",2024,,cluster 14,theft/other,393645.65,property|theft/other,"38.934751414,-77.0732898841",-77.0732898841,3A,3700 - 3749 block of newark street nw,3,2,others,property,204,"10/22/2024, 7:06:00 PM",140765.55,001002,2D2,38.934751414,24164270,"10/22/2024, 8:16:18 PM",6
001002 2,day,theft f/auto,,precinct 29,"11/27/2024, 7:00:00 AM",2024,,cluster 14,theft f/auto,393340.54,property|theft f/auto,"38.9390328683,-77.0768135791",-77.0768135791,3A,3810 - 3899 block of rodman street nw,3,2,others,property,204,"11/26/2024, 9:00:00 PM",141241.08,001002,2D2,38.9390328683,24184299,"11/27/2024, 2:36:48 PM",7
001002 2,midnight,theft f/auto,,precinct 29,"7/15/2024, 3:45:00 PM",2024,,cluster 14,theft f/auto,393242.95,property|theft f/auto,"38.9383982098,-77.077938538",-77.077938538,3A,3700 - 3799 block of 39th street nw,3,2,others,property,204,"7/5/2024, 1:00:00 PM",141170.71,001002,2D2,38.9383982098,24422710,"8/2/2024, 1:42:34 AM",7
001100 4,evening,theft/other,,precinct 32,,2025,,cluster 11,theft/other,393039.43,property|theft/other,"38.9492466458,-77.0802982386",-77.0802982386,3E,4530 - 4599 block of wisconsin avenue nw,3,2,others,property,202,"2/4/2025, 5:56:00 PM",142375.16,001100,2D1,38.9492466458,25017122,"2/4/2025, 6:49:26 PM",6
000904 2,day,theft f/auto,,precinct 9,"12/2/2024, 11:44:00 AM",2024,,cluster 13,theft f/auto,391507.52,property|theft f/auto,"38.9435866043,-77.097962823",-77.097962823,3D,4200 - 4246 block of fordham road nw,3,2,others,property,205,"12/2/2024, 11:43:00 AM",141748.34,000904,2D2,38.9435866043,24186652,"12/2/2024, 12:10:45 PM",7
001100 4,day,theft/other,,precinct 32,"5/25/2026, 8:17:00 AM",2026,,cluster 11,theft/other,393348.63,property|theft/other,"38.9507275689,-77.0767328516",-77.0767328516,3E,3814 - 3989 block of chesapeake street nw,3,2,others,property,202,"5/25/2026, 8:16:00 AM",142539.29,001100,2D1,38.9507275689,26070712,"5/25/2026, 8:34:26 AM",6
000600 4,evening,motor vehicle theft,,precinct 27,"11/22/2024, 7:53:00 PM",2024,,cluster 15,motor vehicle theft,393766.95,property|motor vehicle theft,"38.9355433915,-77.0718916308",-77.0718916308,3A,3600 - 3699 block of norton place nw,3,2,others,property,203,"11/22/2024, 6:09:00 PM",140853.37,000600,2D1,38.9355433915,24181794,"11/22/2024, 8:56:50 PM",8
001002 1,evening,theft/other,,precinct 10,"5/23/2026, 8:00:00 PM",2026,,cluster 14,theft/other,392798.58,property|theft/other,"38.9358388469,-77.0830611003",-77.0830611003,3A,4200 - 4349 block of massachusetts avenue nw,3,2,others,property,204,"5/23/2026, 8:00:00 PM",140886.99,001002,2D2,38.9358388469,26071074,"5/25/2026, 9:31:07 PM",6
001100 4,evening,theft/other,,precinct 32,"12/26/2023, 8:01:00 PM",2023,,cluster 11,theft/other,393173.95,property|theft/other,"38.9487916125,-77.0787458915",-77.0787458915,3E,4500 - 4599 block of 40th street nw,3,2,others,property,202,"12/26/2023, 7:56:00 PM",142324.53,001100,2D1,38.9487916125,23209302,"12/26/2023, 9:46:19 PM",6
000903 2,day,theft f/auto,,precinct 9,"4/13/2026, 12:15:00 PM",2026,,cluster 13,theft f/auto,391896.03,property|theft f/auto,"38.9412682991,-77.0934782242",-77.0934782242,3D,4700 - 4799 block of tilden street nw,3,2,others,property,205,"4/13/2026, 8:30:00 AM",141490.58,000903,2D2,38.9412682991,26048825,"4/13/2026, 1:28:53 PM",7
001002 4,evening,theft/other,,precinct 29,"7/29/2025, 1:45:00 PM",2025,,cluster 14,theft/other,393697.56,property|theft/other,"38.9350777081,-77.0726914964",-77.0726914964,3A,3400 - 3421 block of wisconsin avenue nw,3,2,others,property,204,"7/29/2025, 1:15:00 PM",140801.73,001002,2D2,38.9350777081,25116728,"8/1/2025, 7:42:25 PM",6
000600 3,evening,theft/other,,precinct 27,"3/30/2025, 5:25:00 PM",2025,,cluster 15,theft/other,393720.86,property|theft/other,"38.9340623694,-77.0724217259",-77.0724217259,3A,3300 - 3399 block of wisconsin avenue nw,3,2,others,property,203,"3/2/2025, 5:25:00 PM",140689,000600,2D1,38.9340623694,25421319,"4/15/2025, 4:01:41 PM",6
000600 3,day,theft f/auto,,precinct 27,,2023,,cluster 15,theft f/auto,393716,property|theft f/auto,"38.9330083636,-77.0724767083",-77.0724767083,3A,3201 - 3299 block of wisconsin avenue nw,3,2,others,property,204,"3/22/2023, 10:48:00 AM",140572,000600,2D2,38.9330083636,23044317,"3/22/2023, 11:11:55 AM",7
001100 4,evening,theft/other,,precinct 32,"3/22/2025, 6:00:00 PM",2025,,cluster 11,theft/other,393070.63,property|theft/other,"38.9483570552,-77.0799373128",-77.0799373128,3E,4500 - 4537 block of wisconsin avenue nw,3,2,others,property,202,"3/22/2025, 1:30:00 PM",142276.38,001100,2D1,38.9483570552,25041510,"3/22/2025, 10:10:30 PM",6
000903 2,evening,theft f/auto,,precinct 9,"8/17/2023, 2:40:00 PM",2023,,cluster 13,theft f/auto,392078.62,property|theft f/auto,"38.9342565594,-77.0913630862",-77.0913630862,3D,4600 - 4809 block of rockwood parkway nw,3,2,others,property,205,"8/17/2023, 2:35:00 PM",140712.03,000903,2D2,38.9342565594,23135514,"8/17/2023, 7:23:07 PM",7
000600 4,evening,theft f/auto,,precinct 29,"3/18/2024, 11:00:00 AM",2024,,cluster 15,theft f/auto,393641.44,property|theft f/auto,"38.9381520148,-77.0733419395",-77.0733419395,3A,3700 - 3799 block of quebec street nw,3,2,others,property,203,"3/17/2024, 3:00:00 PM",141143.05,000600,2D1,38.9381520148,24041230,"3/18/2024, 6:09:43 PM",7
000704 1,day,theft/other,,precinct 28,"6/28/2024, 11:57:00 AM",2024,,cluster 14,theft/other,393574.79,property|theft/other,"38.9327442999,-77.0741050841",-77.0741050841,3A,3200 - 3299 block of 38th street nw,3,2,others,property,204,"6/28/2024, 8:00:00 AM",140542.8,000704,2D2,38.9327442999,24098661,"6/28/2024, 11:59:26 AM",6
001004 2,evening,theft f/auto,,precinct 31,"10/13/2024, 8:00:00 AM",2024,,cluster 11,theft f/auto,392577,property|theft f/auto,"38.9521059581,-77.0856363408",-77.0856363408,3E,4300 - 4399 block of davenport street nw,3,2,others,property,202,"10/12/2024, 8:00:00 PM",142692.99,001004,2D1,38.9521059581,24159018,"10/13/2024, 7:15:14 PM",7
001002 4,evening,theft f/auto,,precinct 29,"11/25/2023, 9:55:00 PM",2023,,cluster 14,theft f/auto,393418.59,property|theft f/auto,"38.9356902987,-77.0759097518",-77.0759097518,3A,3800 - 3899 block of newark street nw,3,2,others,property,204,"11/25/2023, 9:25:00 PM",140869.96,001002,2D2,38.9356902987,23192733,"11/25/2023, 10:07:18 PM",7
001100 4,evening,theft/other,,precinct 32,"7/31/2024, 7:12:00 PM",2024,,cluster 11,theft/other,393039.43,property|theft/other,"38.9492466458,-77.0802982386",-77.0802982386,3E,4530 - 4599 block of wisconsin avenue nw,3,2,others,property,202,"7/31/2024, 6:54:00 PM",142375.16,001100,2D1,38.9492466458,24117405,"7/31/2024, 7:29:47 PM",6
001004 2,evening,theft/other,,precinct 31,"11/18/2024, 3:40:00 PM",2024,,cluster 11,theft/other,393070.63,property|theft/other,"38.9483570552,-77.0799373128",-77.0799373128,3E,4500 - 4537 block of wisconsin avenue nw,3,2,others,property,202,"11/18/2024, 3:25:00 PM",142276.38,001004,2D1,38.9483570552,24179428,"11/18/2024, 5:27:41 PM",6
001004 2,day,theft/other,,precinct 31,"4/23/2024, 12:00:00 PM",2024,,cluster 11,theft/other,392738.29,property|theft/other,"38.9530127271,-77.0837766643",-77.0837766643,3E,4800 - 4899 block of 43rd street nw,3,2,others,property,202,"4/23/2024, 10:55:00 AM",142793.5,001004,2D1,38.9530127271,24060673,"4/23/2024, 1:56:08 PM",6
001002 1,day,theft/other,,precinct 10,"5/15/2024, 7:00:00 PM",2024,,cluster 14,theft/other,392798.58,property|theft/other,"38.9358388469,-77.0830611003",-77.0830611003,3A,4200 - 4349 block of massachusetts avenue nw,3,2,others,property,204,"5/11/2024, 2:00:00 PM",140886.99,001002,2D2,38.9358388469,24073991,"5/17/2024, 2:07:12 PM",6
001002 4,evening,theft/other,,precinct 29,"5/10/2025, 3:30:00 PM",2025,,cluster 14,theft/other,393720.86,property|theft/other,"38.9340623694,-77.0724217259",-77.0724217259,3A,3300 - 3399 block of wisconsin avenue nw,3,2,others,property,204,"5/10/2025, 3:10:00 PM",140689,001002,2D2,38.9340623694,25069162,"5/10/2025, 3:31:34 PM",6
001004 2,evening,theft/other,,precinct 31,,2026,,cluster 11,theft/other,393070.63,property|theft/other,"38.9483570552,-77.0799373128",-77.0799373128,3E,4500 - 4537 block of wisconsin avenue nw,3,2,others,property,202,"1/11/2026, 7:29:00 PM",142276.38,001004,2D1,38.9483570552,26005011,"1/11/2026, 7:30:14 PM",6
001002 2,day,theft/other,,precinct 29,"8/6/2026, 10:46:00 AM",2026,,cluster 11,theft/other,393344.88,property|theft/other,"38.9426890947,-77.0767674562",-77.0767674562,3A,4100 - 4199 block of wisconsin avenue nw,3,2,others,property,202,"8/6/2026, 10:05:00 AM",141646.95,001002,2D1,38.9426890947,26109991,"8/6/2026, 11:17:30 AM",6
000904 2,evening,theft f/auto,,precinct 9,"8/11/2025, 3:27:00 PM",2025,,cluster 13,theft f/auto,391226.69,property|theft f/auto,"38.9402560949,-77.101197539",-77.101197539,3D,5032 - 5135 block of tilden street nw,3,2,others,property,205,"8/11/2025, 2:19:00 PM",141378.93,000904,2D2,38.9402560949,25122138,"8/11/2025, 4:25:48 PM",7
001003 2,day,theft f/auto,,precinct 31,"7/26/2023, 9:00:00 AM",2023,,cluster 11,theft f/auto,391972.49,property|theft f/auto,"38.9527138343,-77.0926111359",-77.0926111359,3E,4800 - 4899 block of 47th street nw,3,2,others,property,202,"7/25/2023, 2:00:00 PM",142761.06,001003,2D1,38.9527138343,23121182,"7/26/2023, 9:29:42 AM",7
001004 2,day,theft/other,,precinct 31,"6/23/2023, 1:29:00 PM",2023,,cluster 11,theft/other,393070,property|theft/other,"38.9483536271,-77.0799445766",-77.0799445766,3E,4500 - 4537 block of wisconsin avenue nw,3,2,others,property,202,"6/23/2023, 1:21:00 PM",142276,001004,2D1,38.9483536271,23101019,"6/23/2023, 2:14:18 PM",6
001002 4,day,theft/other,,precinct 29,"12/12/2024, 1:10:00 PM",2024,,cluster 14,theft/other,393645.65,property|theft/other,"38.934751414,-77.0732898841",-77.0732898841,3A,3700 - 3749 block of newark street nw,3,2,others,property,204,"12/12/2024, 1:08:00 PM",140765.55,001002,2D2,38.934751414,24192366,"12/12/2024, 2:14:33 PM",6
000804 3,day,theft f/auto,,precinct 10,"1/17/2023, 11:15:00 AM",2023,,cluster 13,theft f/auto,392209,property|theft f/auto,"38.9313387659,-77.0898556404",-77.0898556404,3D,4500 - 4599 block of klingle street nw,3,2,others,property,205,"1/17/2023, 11:00:00 AM",140388,000804,2D2,38.9313387659,23009264,"1/18/2023, 8:37:27 AM",7
001003 2,day,theft f/auto,,precinct 31,,2023,,cluster 11,theft f/auto,392231,property|theft f/auto,"38.9510400806,-77.0896266729",-77.0896266729,3E,4500 - 4599 block of chesapeake street nw,3,2,others,property,202,"5/16/2023, 11:06:00 AM",142575,001003,2D1,38.9510400806,23076948,"5/16/2023, 11:51:48 AM",7
001003 3,evening,theft/other,,precinct 30,,2026,,cluster 11,theft/other,391696.79,property|theft/other,"38.945126307,-77.0957816153",-77.0957816153,3E,4800 - 4899 block of massachusetts avenue nw,3,2,others,property,202,"5/19/2026, 6:53:00 PM",141919.06,001003,2D1,38.945126307,26068007,"5/19/2026, 7:25:57 PM",6
001100 4,day,theft/other,,precinct 32,"4/2/2025, 8:12:00 AM",2025,,cluster 11,theft/other,393173.95,property|theft/other,"38.9487916125,-77.0787458915",-77.0787458915,3E,4500 - 4599 block of 40th street nw,3,2,others,property,202,"4/2/2025, 8:09:00 AM",142324.53,001100,2D1,38.9487916125,25047515,"4/2/2025, 8:31:53 AM",6
001002 2,evening,theft/other,,precinct 29,"12/13/2023, 4:15:00 PM",2023,,cluster 14,theft/other,393254.53,property|theft/other,"38.9400305108,-77.0778067509",-77.0778067509,3A,10 - 99 block of ridge square nw,3,2,others,property,204,"12/13/2023, 3:55:00 PM",141351.9,001002,2D2,38.9400305108,23202540,"12/13/2023, 4:22:15 PM",6
000804 3,day,theft f/auto,,precinct 10,"8/24/2023, 1:30:00 PM",2023,,cluster 13,theft f/auto,392366.72,property|theft f/auto,"38.9302750985,-77.0880353006",-77.0880353006,3D,4435 - 4499 block of cathedral avenue nw,3,2,others,property,205,"8/24/2023, 12:30:00 PM",140269.77,000804,2D2,38.9302750985,23142207,"8/29/2023, 11:03:28 AM",7
001002 1,day,motor vehicle theft,,precinct 10,"4/29/2024, 12:15:00 PM",2024,,cluster 14,motor vehicle theft,392798.58,property|motor vehicle theft,"38.9358388469,-77.0830611003",-77.0830611003,3A,4200 - 4349 block of massachusetts avenue nw,3,2,others,property,204,"4/28/2024, 6:27:00 PM",140886.99,001002,2D2,38.9358388469,24063991,"4/29/2024, 12:43:14 PM",8
001002 4,day,theft/other,,precinct 29,"9/8/2025, 7:40:00 AM",2025,,cluster 14,theft/other,393645.65,property|theft/other,"38.934751414,-77.0732898841",-77.0732898841,3A,3700 - 3749 block of newark street nw,3,2,others,property,204,"9/8/2025, 7:17:00 AM",140765.55,001002,2D2,38.934751414,25137173,"9/8/2025, 7:44:51 AM",6
001004 2,evening,theft/other,,precinct 31,"8/24/2026, 4:45:00 PM",2026,,cluster 11,theft/other,393070.63,property|theft/other,"38.9483570552,-77.0799373128",-77.0799373128,3E,4500 - 4537 block of wisconsin avenue nw,3,2,others,property,202,"8/24/2026, 3:15:00 PM",142276.38,001004,2D1,38.9483570552,26119645,"8/24/2026, 5:17:57 PM",6
000904 2,evening,theft f/auto,,precinct 9,"2/9/2023, 6:00:00 PM",2023,,cluster 13,theft f/auto,391342,property|theft f/auto,"38.9422036588,-77.0998701999",-77.0998701999,3D,5000 - 5101 block of upton street nw,3,2,others,property,205,"2/9/2023, 4:00:00 PM",141595,000904,2D2,38.9422036588,23022597,"2/10/2023, 8:12:14 PM",7
001003 1,day,theft f/auto,,precinct 31,"7/6/2023, 11:30:00 AM",2023,,cluster 11,theft f/auto,391450.16,property|theft f/auto,"38.9488012991,-77.0986316994",-77.0986316994,3E,4900 - 4999 block of butterworth place nw,3,2,others,property,202,"7/6/2023, 8:00:00 AM",142327.28,001003,2D1,38.9488012991,23108965,"7/6/2023, 12:42:50 PM",7
001003 3,day,theft f/auto,,precinct 30,"2/8/2025, 10:04:00 AM",2025,,cluster 11,theft f/auto,391696.79,property|theft f/auto,"38.945126307,-77.0957816153",-77.0957816153,3E,4800 - 4899 block of massachusetts avenue nw,3,2,others,property,202,"2/8/2025, 9:30:00 AM",141919.06,001003,2D1,38.945126307,25018860,"2/8/2025, 1:21:30 PM",7
001200 4,day,theft/other,,precinct 33,"7/8/2025, 6:00:00 AM",2025,,cluster 11,theft/other,393722.53,property|theft/other,"38.9451532974,-77.0724137288",-77.0724137288,3E,4300 - 4319 block of 37th street nw,3,2,others,property,202,"7/3/2025, 6:00:00 AM",141920.19,001200,2D1,38.9451532974,25422669,"7/26/2025, 8:31:06 AM",6
001004 2,day,theft f/auto,,precinct 31,"4/12/2023, 11:30:00 AM",2023,,cluster 11,theft f/auto,392580,property|theft f/auto,"38.9533131811,-77.0856031807",-77.0856031807,3E,4322 - 4399 block of ellicott street nw,3,2,others,property,202,"4/12/2023, 11:00:00 AM",142827,001004,2D1,38.9533131811,23056717,"4/12/2023, 1:17:50 PM",7
000703 2,day,theft f/auto,,precinct 28,"9/1/2026, 8:50:00 AM",2026,,cluster 14,theft f/auto,392960.84,property|theft f/auto,"38.9302858242,-77.0811832718",-77.0811832718,3B,4000 - 4299 block of cathedral avenue nw,3,2,others,property,204,"8/31/2026, 5:45:00 PM",140270.41,000703,2D2,38.9302858242,26124336,"9/2/2026, 8:28:15 AM",7
000703 1,evening,theft/other,,precinct 28,"8/2/2026, 6:35:00 PM",2026,,cluster 14,theft/other,393203.59,property|theft/other,"38.9324226132,-77.0783859624",-77.0783859624,3A,3900 - 4099 block of massachusetts avenue nw,3,2,others,property,205,"8/2/2026, 10:30:00 AM",140507.4,000703,2D2,38.9324226132,26108190,"8/3/2026, 10:52:38 PM",6
001100 4,evening,theft/other,,precinct 32,"7/11/2025, 3:20:00 PM",2025,,cluster 11,theft/other,393173.95,property|theft/other,"38.9487916125,-77.0787458915",-77.0787458915,3E,4500 - 4599 block of 40th street nw,3,2,others,property,202,"7/11/2025, 3:17:00 PM",142324.53,001100,2D1,38.9487916125,25104540,"7/11/2025, 5:13:09 PM",6
001002 2,evening,theft/other,,precinct 29,"10/15/2023, 3:25:00 PM",2023,,cluster 14,theft/other,393254.53,property|theft/other,"38.9400305108,-77.0778067509",-77.0778067509,3A,10 - 99 block of ridge square nw,3,2,others,property,204,"10/15/2023, 3:24:00 PM",141351.9,001002,2D2,38.9400305108,23170155,"10/15/2023, 6:56:57 PM",6
001002 2,evening,theft/other,,precinct 30,"6/5/2023, 4:52:00 PM",2023,,cluster 11,theft/other,393264,property|theft/other,"38.9443644692,-77.0777022411",-77.0777022411,3A,4227 - 4299 block of wisconsin avenue nw,3,2,others,property,202,"6/2/2023, 7:00:00 AM",141833,001002,2D1,38.9443644692,23089697,"6/5/2023, 9:30:05 PM",6
001100 4,evening,theft/other,,precinct 32,"3/15/2026, 4:35:00 PM",2026,,cluster 11,theft/other,393173.95,property|theft/other,"38.9487916125,-77.0787458915",-77.0787458915,3E,4500 - 4599 block of 40th street nw,3,2,others,property,202,"3/15/2026, 3:47:00 PM",142324.53,001100,2D1,38.9487916125,26034032,"3/15/2026, 4:56:47 PM",6
001002 4,day,theft/other,,precinct 29,"11/17/2023, 10:02:00 AM",2023,,cluster 14,theft/other,393645.65,property|theft/other,"38.934751414,-77.0732898841",-77.0732898841,3A,3700 - 3749 block of newark street nw,3,2,others,property,204,"11/17/2023, 9:55:00 AM",140765.55,001002,2D2,38.934751414,23188477,"11/17/2023, 1:20:35 PM",6
000904 2,day,theft f/auto,,precinct 9,"3/6/2025, 11:40:00 AM",2025,,cluster 13,theft f/auto,391587.02,property|theft f/auto,"38.9460519441,-77.0970491269",-77.0970491269,3D,4900 - 4908 block of massachusetts avenue nw,3,2,others,property,205,"3/6/2025, 10:18:00 AM",142021.93,000904,2D2,38.9460519441,25032334,"3/6/2025, 2:17:32 PM",7
001002 2,day,theft/other,,precinct 30,"9/15/2026, 7:02:00 AM",2026,,cluster 11,theft/other,393227.28,property|theft/other,"38.9451386287,-77.0781266684",-77.0781266684,3A,4300 - 4326 block of wisconsin avenue nw,3,2,others,property,202,"5/1/2026, 6:45:00 AM",141918.97,001002,2D1,38.9451386287,26131482,"9/15/2026, 7:36:02 AM",6
000704 2,evening,theft/other,,precinct 28,"7/30/2024, 3:25:00 PM",2024,,cluster 14,theft/other,393476.5,property|theft/other,"38.9290219749,-77.0752347833",-77.0752347833,3A,3800 - 3825 block of cathedral avenue nw,3,2,others,property,204,"7/29/2024, 3:25:00 PM",140129.67,000704,2D2,38.9290219749,24422784,"8/11/2024, 3:02:03 PM",6
000903 1,evening,sex abuse,,precinct 30,"8/23/2024, 8:30:00 AM",2024,,cluster 11,sex abuse,392228.43000674,violent|sex abuse,"38.9406448662,-77.0896432488",-77.0896432488,3E,45th street nw and massachusetts avenue nw,3,2,others,violent,205,"4/21/2024, 4:00:00 AM",141421.04000067,000903,2D2,38.9406448662,24129821,"8/23/2024, 5:25:28 PM",2
001002 4,evening,theft/other,,precinct 29,"7/4/2023, 11:00:00 AM",2023,,cluster 14,theft/other,393550.16,property|theft/other,"38.9360923238,-77.0743926472",-77.0743926472,3A,3400 - 3499 block of 38th street nw,3,2,others,property,204,"7/4/2023, 1:00:00 AM",140914.48,001002,2D2,38.9360923238,23422944,"7/12/2023, 8:42:44 PM",6
001003 1,day,motor vehicle theft,,precinct 31,"6/25/2024, 8:30:00 AM",2024,,cluster 11,motor vehicle theft,392058.98,property|motor vehicle theft,"38.9510398035,-77.0916111732",-77.0916111732,3E,4600 - 4699 block of chesapeake street nw,3,2,others,property,202,"6/24/2024, 10:00:00 PM",142575.14,001003,2D1,38.9510398035,24096743,"6/25/2024, 8:59:37 AM",8
000803 2,day,theft/other,,precinct 10,"2/21/2025, 1:37:00 PM",2025,,cluster 14,theft/other,392544.93,property|theft/other,"38.9337607693,-77.0859841914",-77.0859841914,3B,3300 - 3399 block of new mexico avenue nw,3,2,others,property,205,"2/21/2025, 1:35:00 PM",140656.54,000803,2D2,38.9337607693,25025452,"2/21/2025, 2:11:29 PM",6
001004 2,day,theft f/auto,,precinct 31,"12/18/2025, 2:19:00 PM",2025,,cluster 11,theft f/auto,392990.76,property|theft f/auto,"38.9479135748,-77.0808581915",-77.0808581915,3E,4100 - 4199 block of albemarle street nw,3,2,others,property,202,"12/18/2025, 12:10:00 PM",142227.22,001004,2D1,38.9479135748,25189844,"12/18/2025, 2:17:11 PM",7
001004 2,evening,theft/other,,precinct 31,"5/10/2024, 8:30:00 PM",2024,,cluster 11,theft/other,393070.63,property|theft/other,"38.9483570552,-77.0799373128",-77.0799373128,3E,4500 - 4537 block of wisconsin avenue nw,3,2,others,property,202,"5/10/2024, 7:30:00 PM",142276.38,001004,2D1,38.9483570552,24070359,"5/10/2024, 9:14:02 PM",6
001002 4,evening,theft/other,,precinct 29,"11/2/2025, 7:37:00 PM",2025,,cluster 14,theft/other,393645.65,property|theft/other,"38.934751414,-77.0732898841",-77.0732898841,3A,3700 - 3749 block of newark street nw,3,2,others,property,204,"11/2/2025, 7:25:00 PM",140765.55,001002,2D2,38.934751414,25167010,"11/2/2025, 8:14:51 PM",6
000803 3,day,theft/other,,precinct 10,"6/16/2024, 12:00:00 AM",2024,,cluster 14,theft/other,392960.84,property|theft/other,"38.9302858242,-77.0811832718",-77.0811832718,3B,4000 - 4299 block of cathedral avenue nw,3,2,others,property,205,"6/16/2024, 12:00:00 AM",140270.41,000803,2D2,38.9302858242,24091567,"6/16/2024, 10:12:25 AM",6
001004 2,evening,theft f/auto,,precinct 31,"6/28/2024, 7:15:00 AM",2024,,cluster 11,theft f/auto,392685.2,property|theft f/auto,"38.9482906022,-77.0843835614",-77.0843835614,3E,4300 - 4316 block of murdock mill road nw,3,2,others,property,202,"6/27/2024, 8:00:00 PM",142269.35,001004,2D1,38.9482906022,24098701,"6/28/2024, 4:33:38 PM",7
001100 4,midnight,theft/other,,precinct 32,"6/22/2024, 12:38:00 AM",2024,,cluster 11,theft/other,393173.95,property|theft/other,"38.9487916125,-77.0787458915",-77.0787458915,3E,4500 - 4599 block of 40th street nw,3,2,others,property,202,"6/21/2024, 11:55:00 PM",142324.53,001100,2D1,38.9487916125,24094859,"6/22/2024, 3:09:43 AM",6
001100 4,day,theft/other,,precinct 32,"10/30/2024, 1:55:00 PM",2024,,cluster 11,theft/other,393039.43,property|theft/other,"38.9492466458,-77.0802982386",-77.0802982386,3E,4530 - 4599 block of wisconsin avenue nw,3,2,others,property,202,"10/30/2024, 1:51:00 PM",142375.16,001100,2D1,38.9492466458,24168666,"10/30/2024, 2:48:57 PM",6
000903 2,evening,theft/other,,precinct 9,"6/5/2025, 2:46:00 PM",2025,,cluster 13,theft/other,391700.82,property|theft/other,"38.9437116849,-77.0957332276",-77.0957332276,3D,4200 - 4299 block of 48th place nw,3,2,others,property,205,"6/5/2025, 2:45:00 PM",141762.02,000903,2D2,38.9437116849,25084006,"6/5/2025, 3:47:49 PM",6
001100 4,day,theft/other,,precinct 32,"7/31/2024, 1:05:00 PM",2024,,cluster 11,theft/other,393173.95,property|theft/other,"38.9487916125,-77.0787458915",-77.0787458915,3E,4500 - 4599 block of 40th street nw,3,2,others,property,202,"7/31/2024, 1:00:00 PM",142324.53,001100,2D1,38.9487916125,24117209,"7/31/2024, 1:58:07 PM",6
001004 2,evening,theft/other,,precinct 31,,2026,,cluster 11,theft/other,393070.63,property|theft/other,"38.9483570552,-77.0799373128",-77.0799373128,3E,4500 - 4537 block of wisconsin avenue nw,3,2,others,property,202,"7/18/2026, 5:49:00 PM",142276.38,001004,2D1,38.9483570552,26100241,"7/18/2026, 6:51:53 PM",6
001004 2,evening,theft/other,,precinct 31,"1/11/2023, 3:35:00 PM",2023,,cluster 11,theft/other,393070,property|theft/other,"38.9483536271,-77.0799445766",-77.0799445766,3E,4500 - 4537 block of wisconsin avenue nw,3,2,others,property,202,"1/11/2023, 1:07:00 PM",142276,001004,2D1,38.9483536271,23005885,"1/11/2023, 5:16:53 PM",6
000903 1,day,theft/other,,precinct 9,"3/30/2023, 2:40:00 PM",2023,,cluster 13,theft/other,392375,property|theft/other,"38.9393936383,-77.087951054",-77.087951054,3E,4400 - 4500 block of massachusetts avenue nw,3,2,others,property,205,"3/30/2023, 2:00:00 PM",141282,000903,2D2,38.9393936383,23421589,"4/4/2023, 10:02:22 AM",6
000904 2,day,theft f/auto,,precinct 9,,2024,,cluster 13,theft f/auto,391587.02,property|theft f/auto,"38.9460519441,-77.0970491269",-77.0970491269,3D,4900 - 4908 block of massachusetts avenue nw,3,2,others,property,205,"12/23/2024, 12:37:00 PM",142021.93,000904,2D2,38.9460519441,24198321,"12/23/2024, 1:23:06 PM",7
001100 4,evening,theft/other,,precinct 32,"6/25/2023, 6:00:00 PM",2023,,cluster 11,theft/other,393173,property|theft/other,"38.9487868308,-77.0787568455",-77.0787568455,3E,4500 - 4599 block of 40th street nw,3,2,others,property,202,"6/25/2023, 5:42:00 PM",142324,001100,2D1,38.9487868308,23102302,"6/25/2023, 7:58:54 PM",6
000703 2,day,theft f/auto,,precinct 28,,2023,,cluster 14,theft f/auto,393225.16,property|theft f/auto,"38.9269863572,-77.0781312291",-77.0781312291,3B,3900 - 3979 block of watson place nw,3,2,others,property,204,"7/6/2023, 12:41:00 PM",139903.91,000703,2D2,38.9269863572,23109005,"7/6/2023, 1:54:28 PM",7
001100 4,day,theft/other,,precinct 32,"2/17/2026, 10:03:00 AM",2026,,cluster 11,theft/other,393173.95,property|theft/other,"38.9487916125,-77.0787458915",-77.0787458915,3E,4500 - 4599 block of 40th street nw,3,2,others,property,202,"2/17/2026, 10:01:00 AM",142324.53,001100,2D1,38.9487916125,26021396,"2/17/2026, 12:39:22 PM",6
000804 3,evening,theft f/auto,,precinct 10,"4/10/2026, 11:30:00 AM",2026,,cluster 13,theft f/auto,392602.16,property|theft f/auto,"38.9266978415,-77.085315669",-77.085315669,3D,4300 - 4399 block of forest lane nw,3,2,others,property,205,"4/10/2026, 7:00:00 AM",139872.44,000804,2D2,38.9266978415,26048522,"4/12/2026, 7:49:01 PM",7
001004 3,day,theft f/auto,,precinct 30,"10/14/2024, 7:00:00 AM",2024,,cluster 11,theft f/auto,392579.58,property|theft f/auto,"38.9479029912,-77.085601529",-77.085601529,3E,4319 - 4399 block of albemarle street nw,3,2,others,property,202,"10/10/2024, 8:00:00 PM",142226.42,001004,2D1,38.9479029912,24423911,"10/21/2024, 8:40:15 AM",7
000904 2,day,theft f/auto,,precinct 9,"9/3/2025, 7:38:00 PM",2025,,cluster 13,theft f/auto,391553.02,property|theft f/auto,"38.9463354686,-77.0974417264",-77.0974417264,3D,4901 - 4920 block of massachusetts avenue nw,3,2,others,property,205,"9/3/2025, 7:08:00 PM",142053.44,000904,2D2,38.9463354686,25135097,"9/4/2025, 10:00:12 AM",7
000704 1,evening,theft/other,,precinct 28,"12/28/2025, 6:14:00 PM",2025,,cluster 14,theft/other,393685.84,property|theft/other,"38.9307918346,-77.0728222959",-77.0728222959,3A,3021 - 3199 block of wisconsin avenue nw,3,2,others,property,204,"12/28/2025, 6:12:00 PM",140325.97,000704,2D2,38.9307918346,25194398,"12/28/2025, 8:12:56 PM",6
000600 4,day,theft f/auto,,precinct 27,"9/3/2024, 8:00:00 AM",2024,,cluster 15,theft f/auto,394049.37,property|theft f/auto,"38.9368103846,-77.0686354343",-77.0686354343,3C,3500 - 3599 block of 35th street nw,3,2,others,property,203,"9/3/2024, 6:30:00 AM",140993.8,000600,2D1,38.9368103846,24135755,"9/3/2024, 11:40:03 AM",7
001003 3,evening,theft/other,,precinct 30,,2025,,cluster 11,theft/other,391696.79,property|theft/other,"38.945126307,-77.0957816153",-77.0957816153,3E,4800 - 4899 block of massachusetts avenue nw,3,2,others,property,202,"5/7/2025, 3:50:00 PM",141919.06,001003,2D1,38.945126307,25067353,"5/7/2025, 5:14:57 PM",6
000804 3,midnight,theft f/auto,,precinct 8,"3/3/2023, 9:16:00 PM",2023,,cluster 13,theft f/auto,392516,property|theft f/auto,"38.9248824775,-77.0863071132",-77.0863071132,3D,2700 - 2799 block of 44th street nw,3,2,others,property,205,"3/3/2023, 9:10:00 PM",139671,000804,2D2,38.9248824775,23035315,"3/6/2023, 6:27:54 AM",7
001004 3,evening,robbery,,precinct 30,"2/17/2026, 6:00:00 AM",2026,,cluster 11,robbery,393170.35,violent|robbery,"38.9463102551,-77.078784679",-77.078784679,3A,tenley circle,3,2,gun,violent,202,"2/17/2026, 5:25:00 AM",142049.08,001004,2D1,38.9463102551,26021560,"2/17/2026, 5:51:45 PM",4
001004 2,midnight,robbery,,precinct 31,,2022,,cluster 11,robbery,393070,violent|robbery,"38.9483536271,-77.0799445766",-77.0799445766,3E,4500 - 4537 block of wisconsin avenue nw,3,2,gun,violent,202,"12/8/2022, 10:11:00 PM",142276,001004,2D1,38.9483536271,22178842,"12/8/2022, 11:48:47 PM",4
001002 4,evening,theft/other,,precinct 29,"11/21/2024, 3:17:00 PM",2024,,cluster 14,theft/other,393645.65,property|theft/other,"38.934751414,-77.0732898841",-77.0732898841,3A,3700 - 3749 block of newark street nw,3,2,others,property,204,"11/21/2024, 2:52:00 PM",140765.55,001002,2D2,38.934751414,24181089,"11/21/2024, 3:37:32 PM",6
001002 3,day,theft f/auto,,precinct 29,"7/13/2024, 8:00:00 AM",2024,,cluster 14,theft f/auto,393411.39,property|theft f/auto,"38.9383795808,-77.0759956628",-77.0759956628,3A,3600 - 3699 block of 38th street nw,3,2,others,property,204,"7/12/2024, 10:00:00 PM",141168.5,001002,2D2,38.9383795808,24107234,"7/13/2024, 10:32:27 AM",7
001100 4,evening,theft/other,,precinct 32,"6/29/2026, 4:00:00 PM",2026,,cluster 11,theft/other,393070.63,property|theft/other,"38.9483570552,-77.0799373128",-77.0799373128,3E,4500 - 4537 block of wisconsin avenue nw,3,2,others,property,202,"6/29/2026, 3:09:00 PM",142276.38,001100,2D1,38.9483570552,26089771,"6/29/2026, 4:24:19 PM",6
001003 3,day,theft/other,,precinct 30,"8/18/2025, 10:45:00 PM",2025,,cluster 11,theft/other,391696.79,property|theft/other,"38.945126307,-77.0957816153",-77.0957816153,3E,4800 - 4899 block of massachusetts avenue nw,3,2,others,property,202,"8/16/2025, 10:40:00 PM",141919.06,001003,2D1,38.945126307,25125818,"8/18/2025, 12:34:37 PM",6
001004 2,evening,theft/other,,precinct 31,"3/3/2025, 3:48:00 PM",2025,,cluster 11,theft/other,393070.63,property|theft/other,"38.9483570552,-77.0799373128",-77.0799373128,3E,4500 - 4537 block of wisconsin avenue nw,3,2,others,property,202,"3/3/2025, 2:54:00 PM",142276.38,001004,2D1,38.9483570552,25030772,"3/3/2025, 4:08:14 PM",6
001003 1,evening,theft f/auto,,precinct 31,"4/18/2023, 5:45:00 PM",2023,,cluster 11,theft f/auto,392058,property|theft f/auto,"38.9510385335,-77.0916224773",-77.0916224773,3E,4600 - 4699 block of chesapeake street nw,3,2,others,property,202,"4/18/2023, 5:43:00 PM",142575,001003,2D1,38.9510385335,23060490,"4/18/2023, 5:46:30 PM",7
001100 4,day,theft/other,,precinct 32,"12/28/2025, 11:42:00 PM",2025,,cluster 11,theft/other,393039.43,property|theft/other,"38.9492466458,-77.0802982386",-77.0802982386,3E,4530 - 4599 block of wisconsin avenue nw,3,2,others,property,202,"12/28/2025, 11:35:00 PM",142375.16,001100,2D1,38.9492466458,25194566,"12/29/2025, 9:59:17 AM",6
000803 2,day,theft f/auto,,precinct 10,"5/23/2024, 9:55:00 AM",2024,,cluster 14,theft f/auto,392742.61,property|theft f/auto,"38.9340725801,-77.0837045843",-77.0837045843,3B,4200 - 4399 block of embassy park drive nw,3,2,others,property,205,"5/22/2024, 11:00:00 PM",140690.97,000803,2D2,38.9340725801,24077446,"5/23/2024, 10:41:27 AM",7
001004 3,evening,theft/other,,precinct 30,"8/6/2023, 4:00:00 PM",2023,,cluster 11,theft/other,392526.57,property|theft/other,"38.9435652362,-77.0862078037",-77.0862078037,3E,4200 - 4249 block of 44th street nw,3,2,others,property,202,"8/6/2023, 3:15:00 PM",141744.94,001004,2D1,38.9435652362,23128475,"8/6/2023, 7:24:06 PM",6
000903 2,day,theft f/auto,,precinct 9,"10/16/2024, 7:45:00 PM",2024,,cluster 13,theft f/auto,391696.79,property|theft f/auto,"38.945126307,-77.0957816153",-77.0957816153,3D,4800 - 4899 block of massachusetts avenue nw,3,2,others,property,205,"10/16/2024, 6:45:00 PM",141919.06,000903,2D2,38.945126307,24160900,"10/17/2024, 8:43:34 AM",7
001002 2,day,theft f/auto,,precinct 30,"8/29/2026, 9:09:00 AM",2026,,cluster 11,theft f/auto,393227.28,property|theft f/auto,"38.9451386287,-77.0781266684",-77.0781266684,3A,4300 - 4326 block of wisconsin avenue nw,3,2,others,property,202,"8/29/2026, 8:13:00 AM",141918.97,001002,2D1,38.9451386287,26122178,"8/29/2026, 1:17:21 PM",7
001100 4,midnight,theft/other,,precinct 32,"11/26/2024, 7:17:00 PM",2024,,cluster 11,theft/other,393173.95,property|theft/other,"38.9487916125,-77.0787458915",-77.0787458915,3E,4500 - 4599 block of 40th street nw,3,2,others,property,202,"11/26/2024, 5:18:00 PM",142324.53,001100,2D1,38.9487916125,24184061,"11/26/2024, 11:10:22 PM",6
001002 4,evening,theft/other,,precinct 29,"6/4/2025, 6:22:00 PM",2025,,cluster 14,theft/other,393645.65,property|theft/other,"38.934751414,-77.0732898841",-77.0732898841,3A,3700 - 3749 block of newark street nw,3,2,others,property,204,"6/4/2025, 6:06:00 PM",140765.55,001002,2D2,38.934751414,25083566,"6/4/2025, 6:32:30 PM",6
001100 4,evening,theft/other,,precinct 32,,2025,,cluster 11,theft/other,393039.43,property|theft/other,"38.9492466458,-77.0802982386",-77.0802982386,3E,4530 - 4599 block of wisconsin avenue nw,3,2,others,property,202,"2/24/2025, 5:34:00 PM",142375.16,001100,2D1,38.9492466458,25027125,"2/24/2025, 5:59:05 PM",6
001004 2,evening,theft/other,,precinct 31,"7/20/2025, 2:59:00 PM",2025,,cluster 11,theft/other,393070.63,property|theft/other,"38.9483570552,-77.0799373128",-77.0799373128,3E,4500 - 4537 block of wisconsin avenue nw,3,2,others,property,202,"7/20/2025, 2:48:00 PM",142276.38,001004,2D1,38.9483570552,25109670,"7/20/2025, 4:04:27 PM",6
001002 2,evening,theft/other,,precinct 29,"8/5/2026, 5:28:00 PM",2026,,cluster 14,theft/other,393391.9,property|theft/other,"38.9417022317,-77.0762240207",-77.0762240207,3A,4000 - 4099 block of wisconsin avenue nw,3,2,others,property,204,"8/5/2026, 4:41:00 PM",141537.36,001002,2D2,38.9417022317,26109650,"8/5/2026, 5:44:21 PM",6
001004 2,day,theft/other,,precinct 31,"9/24/2023, 2:52:00 PM",2023,,cluster 11,theft/other,393070.63,property|theft/other,"38.9483570552,-77.0799373128",-77.0799373128,3E,4500 - 4537 block of wisconsin avenue nw,3,2,others,property,202,"9/24/2023, 2:36:00 PM",142276.38,001004,2D1,38.9483570552,23157745,"9/24/2023, 2:53:24 PM",6
001004 2,midnight,theft/other,,precinct 31,"5/3/2024, 8:24:00 AM",2024,,cluster 11,theft/other,393070.63,property|theft/other,"38.9483570552,-77.0799373128",-77.0799373128,3E,4500 - 4537 block of wisconsin avenue nw,3,2,others,property,202,"5/3/2024, 8:00:00 AM",142276.38,001004,2D1,38.9483570552,24421684,"5/15/2024, 1:01:30 AM",6
001002 4,day,theft f/auto,,precinct 29,"12/19/2024, 6:55:00 AM",2024,,cluster 14,theft f/auto,393292.65,property|theft f/auto,"38.9362926319,-77.0773629933",-77.0773629933,3A,3500 - 3599 block of 39th street nw,3,2,others,property,204,"12/18/2024, 6:06:00 PM",140936.93,001002,2D2,38.9362926319,24196024,"12/19/2024, 10:44:30 AM",7
001002 2,day,theft/other,,precinct 29,"10/2/2024, 8:15:00 PM",2024,,cluster 14,theft/other,393391.9,property|theft/other,"38.9417022317,-77.0762240207",-77.0762240207,3A,4000 - 4099 block of wisconsin avenue nw,3,2,others,property,204,"10/2/2024, 6:30:00 PM",141537.36,001002,2D2,38.9417022317,24423543,"10/9/2024, 8:22:01 AM",6
001002 1,day,theft f/auto,,precinct 10,"11/5/2024, 7:30:00 AM",2024,,cluster 14,theft f/auto,392798.58,property|theft f/auto,"38.9358388469,-77.0830611003",-77.0830611003,3A,4200 - 4349 block of massachusetts avenue nw,3,2,others,property,204,"11/4/2024, 4:30:00 PM",140886.99,001002,2D2,38.9358388469,24172011,"11/5/2024, 8:59:07 AM",7
000903 2,evening,theft f/auto,,precinct 9,"8/8/2023, 4:30:00 PM",2023,,cluster 13,theft f/auto,391783.65,property|theft f/auto,"38.9373207243,-77.0947692656",-77.0947692656,3D,4700 - 4899 block of woodway lane nw,3,2,others,property,205,"8/8/2023, 2:15:00 PM",141052.48,000903,2D2,38.9373207243,23129609,"8/8/2023, 5:12:08 PM",7
001003 3,day,theft/other,,precinct 30,"4/8/2023, 12:58:00 PM",2023,,cluster 11,theft/other,391696,property|theft/other,"38.9451257591,-77.0957907276",-77.0957907276,3E,4800 - 4899 block of massachusetts avenue nw,3,2,others,property,202,"4/8/2023, 12:45:00 PM",141919,001003,2D1,38.9451257591,23054528,"4/8/2023, 1:51:11 PM",6
001002 2,midnight,theft/other,,precinct 29,"12/30/2023, 8:03:00 AM",2024,,cluster 14,theft/other,393254.53,property|theft/other,"38.9400305108,-77.0778067509",-77.0778067509,3A,10 - 99 block of ridge square nw,3,2,others,property,204,"12/30/2023, 8:00:00 AM",141351.9,001002,2D2,38.9400305108,23211172,"1/1/2024, 6:03:37 AM",6
001004 2,midnight,theft/other,,precinct 31,"11/23/2024, 4:47:00 PM",2024,,cluster 11,theft/other,393070.63,property|theft/other,"38.9483570552,-77.0799373128",-77.0799373128,3E,4500 - 4537 block of wisconsin avenue nw,3,2,others,property,202,"11/23/2024, 4:02:00 PM",142276.38,001004,2D1,38.9483570552,24182271,"11/23/2024, 11:43:56 PM",6
001003 3,day,theft/other,,precinct 30,"5/10/2026, 7:47:00 AM",2026,,cluster 11,theft/other,391696.79,property|theft/other,"38.945126307,-77.0957816153",-77.0957816153,3E,4800 - 4899 block of massachusetts avenue nw,3,2,others,property,202,"5/10/2026, 7:45:00 AM",141919.06,001003,2D1,38.945126307,26062849,"5/10/2026, 8:13:29 AM",6
001004 2,evening,theft/other,,precinct 31,"1/28/2026, 5:05:00 PM",2026,,cluster 11,theft/other,393070.63,property|theft/other,"38.9483570552,-77.0799373128",-77.0799373128,3E,4500 - 4537 block of wisconsin avenue nw,3,2,others,property,202,"1/28/2026, 5:01:00 PM",142276.38,001004,2D1,38.9483570552,26012444,"1/28/2026, 6:48:13 PM",6
001004 2,evening,theft/other,,precinct 31,"11/29/2022, 10:36:00 PM",2022,,cluster 11,theft/other,392813,property|theft/other,"38.9488019757,-77.0829098545",-77.0829098545,3E,4200 - 4299 block of butterworth place nw,3,2,others,property,202,"11/29/2022, 9:21:00 PM",142326,001004,2D1,38.9488019757,22173957,"11/29/2022, 10:51:02 PM",6
001002 2,evening,theft/other,,precinct 29,,2025,,cluster 14,theft/other,393391.9,property|theft/other,"38.9417022317,-77.0762240207",-77.0762240207,3A,4000 - 4099 block of wisconsin avenue nw,3,2,others,property,204,"11/19/2025, 7:13:00 PM",141537.36,001002,2D2,38.9417022317,25175996,"11/19/2025, 8:00:25 PM",6
001100 4,day,theft/other,,precinct 32,"7/27/2024, 1:00:00 PM",2024,,cluster 11,theft/other,393039.43,property|theft/other,"38.9492466458,-77.0802982386",-77.0802982386,3E,4530 - 4599 block of wisconsin avenue nw,3,2,others,property,202,"7/27/2024, 12:25:00 PM",142375.16,001100,2D1,38.9492466458,24115047,"7/27/2024, 1:16:08 PM",6
001002 2,day,theft/other,,precinct 29,"4/21/2025, 7:55:00 PM",2025,,cluster 14,theft/other,393254.53,property|theft/other,"38.9400305108,-77.0778067509",-77.0778067509,3A,10 - 99 block of ridge square nw,3,2,others,property,204,"4/21/2025, 7:45:00 PM",141351.9,001002,2D2,38.9400305108,25058080,"4/22/2025, 7:01:31 AM",6
001200 4,day,theft/other,,precinct 33,"6/7/2023, 1:00:00 PM",2023,,cluster 11,theft/other,393227,property|theft/other,"38.9451298886,-77.0781298887",-77.0781298887,3E,4300 - 4326 block of wisconsin avenue nw,3,2,others,property,202,"5/31/2023, 6:30:00 PM",141918,001200,2D1,38.9451298886,23091527,"6/8/2023, 11:59:15 AM",6
001003 1,evening,theft f/auto,,precinct 31,"7/15/2023, 4:45:00 PM",2023,,cluster 11,theft f/auto,391611.65,property|theft f/auto,"38.9483549648,-77.0967681301",-77.0967681301,3E,4500 - 4521 block of 49th street nw,3,2,others,property,202,"7/15/2023, 3:00:00 PM",142277.56,001003,2D1,38.9483549648,23117128,"7/19/2023, 9:08:11 PM",7
001004 3,day,theft f/auto,,precinct 30,"9/8/2022, 3:00:00 PM",2022,,cluster 11,theft f/auto,392421,property|theft f/auto,"38.9462763643,-77.0874289042",-77.0874289042,3E,4400 - 4499 block of yuma street nw,3,2,others,property,202,"9/8/2022, 7:00:00 AM",142046,001004,2D1,38.9462763643,22142134,"10/2/2022, 8:05:15 AM",7
000804 3,day,theft f/auto,,precinct 10,,2023,,cluster 13,theft f/auto,392524,property|theft f/auto,"38.928197604,-77.0862188637",-77.0862188637,3D,2900 - 2999 block of 44th street nw,3,2,others,property,205,"2/15/2023, 10:46:00 AM",140039,000804,2D2,38.928197604,23025014,"2/15/2023, 11:46:59 AM",7
000904 2,midnight,motor vehicle theft,,precinct 9,"11/3/2022, 1:00:00 AM",2022,,cluster 13,motor vehicle theft,391507,property|motor vehicle theft,"38.9435835365,-77.0979688171",-77.0979688171,3D,4200 - 4246 block of fordham road nw,3,2,others,property,205,"11/2/2022, 7:30:00 PM",141748,000904,2D2,38.9435835365,22159835,"11/3/2022, 1:46:02 AM",8
000804 3,day,theft f/auto,,precinct 10,"6/26/2023, 10:00:00 AM",2023,,cluster 13,theft f/auto,392224,property|theft f/auto,"38.9288706234,-77.0896795372",-77.0896795372,3D,4500 - 4599 block of hawthorne street nw,3,2,others,property,205,"6/26/2023, 9:30:00 AM",140114,000804,2D2,38.9288706234,23102758,"6/26/2023, 1:17:21 PM",7
001002 4,evening,theft/other,,precinct 29,"10/10/2022, 1:50:00 PM",2022,,cluster 14,theft/other,393720,property|theft/other,"38.9340623633,-77.0724316449",-77.0724316449,3A,3300 - 3399 block of wisconsin avenue nw,3,2,others,property,204,"10/10/2022, 1:46:00 PM",140689,001002,2D2,38.9340623633,22147003,"10/10/2022, 8:07:02 PM",6
000903 2,evening,motor vehicle theft,,precinct 9,"2/20/2023, 2:30:00 PM",2023,,cluster 13,motor vehicle theft,391896,property|motor vehicle theft,"38.941263074,-77.0934785634",-77.0934785634,3D,4700 - 4799 block of tilden street nw,3,2,others,property,205,"2/20/2023, 2:00:00 PM",141490,000903,2D2,38.941263074,23027978,"2/20/2023, 8:02:21 PM",8
000803 2,evening,theft/other,,precinct 10,"11/28/2022, 4:00:00 PM",2022,,cluster 14,theft/other,392994,property|theft/other,"38.9341829904,-77.0808052509",-77.0808052509,3B,4100 - 4199 block of massachusetts avenue nw,3,2,others,property,205,"11/27/2022, 2:00:00 PM",140703,000803,2D2,38.9341829904,22173734,"11/29/2022, 5:02:42 PM",6
000903 2,evening,theft f/auto,,precinct 9,"12/9/2022, 3:45:00 PM",2022,,cluster 13,theft f/auto,391535,property|theft f/auto,"38.9337287387,-77.097632334",-77.097632334,3D,4830 - 4960 block of rockwood parkway nw,3,2,others,property,205,"12/9/2022, 7:45:00 AM",140654,000903,2D2,38.9337287387,22179777,"12/10/2022, 5:29:34 PM",7
000904 2,evening,theft f/auto,,precinct 9,"1/18/2023, 3:00:00 PM",2023,,cluster 13,theft f/auto,391290,property|theft f/auto,"38.9373656949,-77.1004632035",-77.1004632035,3D,3600 - 3700 block of fordham road nw,3,2,others,property,205,"1/18/2023, 1:30:00 PM",141058,000904,2D2,38.9373656949,23009473,"1/18/2023, 3:26:28 PM",7
000703 1,day,motor vehicle theft,,precinct 28,"10/23/2023, 10:00:00 AM",2023,,cluster 14,motor vehicle theft,393203.59,property|motor vehicle theft,"38.9324226132,-77.0783859624",-77.0783859624,3A,3900 - 4099 block of massachusetts avenue nw,3,2,others,property,205,"10/22/2023, 9:00:00 PM",140507.4,000703,2D2,38.9324226132,23174542,"10/23/2023, 1:47:48 PM",8
000600 3,evening,theft f/auto,,precinct 27,"2/17/2023, 5:30:00 PM",2023,,cluster 15,theft f/auto,393951,property|theft f/auto,"38.9346315068,-77.0697679163",-77.0697679163,3C,3500 - 3599 block of newark street nw,3,2,others,property,203,"2/15/2023, 9:30:00 PM",140752,000600,2D1,38.9346315068,23026942,"2/18/2023, 7:49:37 PM",7
001002 4,day,theft/other,,precinct 29,"11/29/2023, 10:38:00 AM",2023,,cluster 14,theft/other,393622.21,property|theft/other,"38.9355820794,-77.0735610937",-77.0735610937,3A,3400 - 3479 block of idaho avenue nw,3,2,others,property,204,"11/29/2023, 10:35:00 AM",140857.78,001002,2D2,38.9355820794,23194574,"11/29/2023, 11:04:35 AM",6
001100 4,evening,theft/other,,precinct 32,"10/3/2023, 6:41:00 PM",2023,,cluster 11,theft/other,393039.43,property|theft/other,"38.9492466458,-77.0802982386",-77.0802982386,3E,4530 - 4599 block of wisconsin avenue nw,3,2,others,property,202,"10/3/2023, 6:35:00 PM",142375.16,001100,2D1,38.9492466458,23163361,"10/3/2023, 7:12:14 PM",6
001003 1,evening,theft f/auto,,precinct 31,"1/18/2023, 4:00:00 PM",2023,,cluster 11,theft f/auto,391822,property|theft f/auto,"38.9503607479,-77.0943441831",-77.0943441831,3E,4600 - 4699 block of 48th street nw,3,2,others,property,202,"1/18/2023, 2:00:00 PM",142500,001003,2D1,38.9503607479,23009716,"1/18/2023, 9:34:41 PM",7
001004 2,day,theft f/auto,,precinct 31,"1/19/2024, 12:20:00 PM",2024,,cluster 11,theft f/auto,392978.18,property|theft f/auto,"38.9496874735,-77.0810053294",-77.0810053294,3E,4100 - 4151 block of brandywine street nw,3,2,others,property,202,"1/19/2024, 11:00:00 AM",142424.15,001004,2D1,38.9496874735,24009299,"1/19/2024, 1:04:20 PM",7
000600 4,midnight,sex abuse,,precinct 27,"5/16/2023, 1:00:00 AM",2023,,cluster 15,sex abuse,393951,violent|sex abuse,"38.9373249873,-77.069770552",-77.069770552,3A,3500 - 3599 block of porter street nw,3,2,others,violent,203,"5/15/2023, 10:51:00 PM",141051,000600,2D1,38.9373249873,23076731,"5/16/2023, 1:33:43 AM",2
000904 2,evening,theft f/auto,,precinct 9,"8/17/2023, 3:30:00 PM",2023,,cluster 13,theft f/auto,391294.36,property|theft f/auto,"38.9390766825,-77.100415324",-77.100415324,3D,5000 - 5099 block of sedgwick street nw,3,2,others,property,205,"8/17/2023, 1:30:00 PM",141247.93,000904,2D2,38.9390766825,23135485,"8/17/2023, 6:39:47 PM",7
000704 1,evening,motor vehicle theft,,precinct 28,"12/2/2023, 1:00:00 PM",2023,,cluster 14,motor vehicle theft,393547.12,property|motor vehicle theft,"38.9308421742,-77.0744222304",-77.0744222304,3A,3100 - 3199 block of 38th street nw,3,2,others,property,204,"12/1/2023, 7:00:00 PM",140331.67,000704,2D2,38.9308421742,23196412,"12/2/2023, 8:50:48 PM",8
000600 4,day,theft/other,,precinct 29,"6/25/2024, 6:45:00 PM",2024,,cluster 15,theft/other,393721.67,property|theft/other,"38.9396905773,-77.0724181001",-77.0724181001,3A,3700 - 3999 block of 37th street nw,3,2,others,property,203,"6/25/2024, 6:00:00 PM",141313.78,000600,2D1,38.9396905773,24098673,"6/28/2024, 12:37:04 PM",6
001100 4,evening,motor vehicle theft,,precinct 32,"11/7/2023, 5:55:00 PM",2023,,cluster 11,motor vehicle theft,393070.63,property|motor vehicle theft,"38.9483570552,-77.0799373128",-77.0799373128,3E,4500 - 4537 block of wisconsin avenue nw,3,2,others,property,202,"11/7/2023, 5:40:00 PM",142276.38,001100,2D1,38.9483570552,23183232,"11/7/2023, 6:35:28 PM",8
000600 4,day,burglary,,precinct 29,"8/3/2023, 8:00:00 AM",2023,,cluster 15,burglary,393699.93,property|burglary,"38.9366535463,-77.0726657672",-77.0726657672,3A,3500 - 3518 block of idaho avenue nw,3,2,others,property,203,"8/2/2023, 10:00:00 PM",140976.66,000600,2D1,38.9366535463,23126306,"8/3/2023, 9:57:45 AM",5
001003 1,day,theft f/auto,,precinct 31,"7/17/2025, 11:20:00 AM",2025,,cluster 11,theft f/auto,391477.65,property|theft f/auto,"38.9496942858,-77.0983158039",-77.0983158039,3E,4900 - 4999 block of brandywine street nw,3,2,others,property,202,"7/17/2025, 11:00:00 AM",142426.38,001003,2D1,38.9496942858,25107918,"7/17/2025, 12:34:00 PM",7
000803 3,evening,theft f/auto,,precinct 10,"10/18/2024, 10:00:00 AM",2024,,cluster 14,theft f/auto,392672.23,property|theft f/auto,"38.9318787452,-77.0845137262",-77.0845137262,3B,3100 - 3199 block of 43rd street nw,3,2,others,property,205,"10/18/2024, 12:01:00 AM",140447.5,000803,2D2,38.9318787452,24161566,"10/18/2024, 5:56:51 PM",7
001002 4,day,theft/other,,precinct 29,,2025,,cluster 14,theft/other,393645.65,property|theft/other,"38.934751414,-77.0732898841",-77.0732898841,3A,3700 - 3749 block of newark street nw,3,2,others,property,204,"5/25/2025, 7:18:00 AM",140765.55,001002,2D2,38.934751414,25077685,"5/25/2025, 7:41:06 AM",6
001002 4,evening,theft/other,,precinct 29,"6/9/2025, 6:00:00 PM",2025,,cluster 14,theft/other,393645.65,property|theft/other,"38.934751414,-77.0732898841",-77.0732898841,3A,3700 - 3749 block of newark street nw,3,2,others,property,204,"6/9/2025, 5:50:00 PM",140765.55,001002,2D2,38.934751414,25086379,"6/9/2025, 6:57:14 PM",6
000904 2,day,theft f/auto,,precinct 9,"10/13/2024, 5:00:00 PM",2024,,cluster 13,theft f/auto,391587.02,property|theft f/auto,"38.9460519441,-77.0970491269",-77.0970491269,3D,4900 - 4908 block of massachusetts avenue nw,3,2,others,property,205,"10/13/2024, 4:00:00 PM",142021.93,000904,2D2,38.9460519441,24159237,"10/14/2024, 10:53:32 AM",7
001002 4,evening,theft/other,,precinct 29,"3/6/2024, 9:13:00 PM",2024,,cluster 14,theft/other,393645.65,property|theft/other,"38.934751414,-77.0732898841",-77.0732898841,3A,3700 - 3749 block of newark street nw,3,2,others,property,204,"3/6/2024, 8:46:00 PM",140765.55,001002,2D2,38.934751414,24034800,"3/6/2024, 9:13:04 PM",6
001200 4,evening,motor vehicle theft,,precinct 33,"6/5/2024, 6:58:00 PM",2024,,cluster 11,motor vehicle theft,393627.6,property|motor vehicle theft,"38.9462806306,-77.0735099561",-77.0735099561,3E,3700 - 3799 block of yuma street nw,3,2,others,property,202,"5/16/2024, 11:00:00 AM",142045.41,001200,2D1,38.9462806306,24085405,"6/5/2024, 7:05:48 PM",8
001002 4,midnight,theft/other,,precinct 29,"6/8/2024, 6:45:00 PM",2024,,cluster 14,theft/other,393697.56,property|theft/other,"38.9350777081,-77.0726914964",-77.0726914964,3A,3400 - 3421 block of wisconsin avenue nw,3,2,others,property,204,"6/8/2024, 5:05:00 PM",140801.73,001002,2D2,38.9350777081,24087142,"6/9/2024, 12:35:20 AM",6
001004 2,evening,theft/other,,precinct 31,"7/12/2024, 2:43:00 PM",2024,,cluster 11,theft/other,393070.63,property|theft/other,"38.9483570552,-77.0799373128",-77.0799373128,3E,4500 - 4537 block of wisconsin avenue nw,3,2,others,property,202,"7/12/2024, 12:00:00 PM",142276.38,001004,2D1,38.9483570552,24106767,"7/12/2024, 3:48:04 PM",6
000704 1,day,theft f/auto,,precinct 28,"11/28/2023, 12:49:00 PM",2023,,cluster 14,theft f/auto,393716.95,property|theft f/auto,"38.9330137754,-77.072465757",-77.072465757,3A,3201 - 3299 block of wisconsin avenue nw,3,2,others,property,204,"11/28/2023, 12:19:00 PM",140572.6,000704,2D2,38.9330137754,23194050,"11/28/2023, 1:45:51 PM",7
000903 2,day,theft f/auto,,precinct 9,"2/13/2025, 11:30:00 AM",2025,,cluster 13,theft f/auto,391696.79,property|theft f/auto,"38.945126307,-77.0957816153",-77.0957816153,3D,4800 - 4899 block of massachusetts avenue nw,3,2,others,property,205,"2/13/2025, 11:11:00 AM",141919.06,000903,2D2,38.945126307,25021340,"2/13/2025, 12:55:29 PM",7
000704 2,evening,robbery,,precinct 28,,2024,,cluster 14,robbery,393476.5,violent|robbery,"38.9290219749,-77.0752347833",-77.0752347833,3A,3800 - 3825 block of cathedral avenue nw,3,2,knife,violent,204,"2/13/2024, 4:40:00 PM",140129.67,000704,2D2,38.9290219749,24022988,"2/13/2024, 8:17:21 PM",4
000803 2,evening,theft/other,,precinct 10,"11/23/2024, 4:00:00 PM",2024,,cluster 14,theft/other,392544.93,property|theft/other,"38.9337607693,-77.0859841914",-77.0859841914,3B,3300 - 3399 block of new mexico avenue nw,3,,others,property,205,"11/23/2024, 3:32:00 PM",140656.54,000803,2D2,38.9337607693,24182247,"11/23/2024, 4:34:19 PM",6
001002 4,evening,theft/other,,precinct 29,"8/17/2024, 10:00:00 PM",2024,,cluster 14,theft/other,393645.65,property|theft/other,"38.934751414,-77.0732898841",-77.0732898841,3A,3700 - 3749 block of newark street nw,3,2,others,property,204,"8/17/2024, 9:48:00 PM",140765.55,001002,2D2,38.934751414,24126542,"8/17/2024, 10:39:09 PM",6
001002 4,day,theft/other,,precinct 29,"3/5/2023, 1:55:00 PM",2023,,cluster 14,theft/other,393720,property|theft/other,"38.9340623633,-77.0724316449",-77.0724316449,3A,3300 - 3399 block of wisconsin avenue nw,3,2,others,property,204,"3/5/2023, 1:45:00 PM",140689,001002,2D2,38.9340623633,23034983,"3/5/2023, 2:42:50 PM",6
001004 2,day,theft/other,,precinct 31,"3/15/2025, 2:25:00 PM",2025,,cluster 11,theft/other,393070.63,property|theft/other,"38.9483570552,-77.0799373128",-77.0799373128,3E,4500 - 4537 block of wisconsin avenue nw,3,2,others,property,202,"3/15/2025, 1:44:00 PM",142276.38,001004,2D1,38.9483570552,25037295,"3/15/2025, 3:00:54 PM",6
001004 2,evening,theft/other,,precinct 31,"1/3/2026, 3:20:00 PM",2026,,cluster 11,theft/other,393070.63,property|theft/other,"38.9483570552,-77.0799373128",-77.0799373128,3E,4500 - 4537 block of wisconsin avenue nw,3,2,others,property,202,"1/3/2026, 1:00:00 AM",142276.38,001004,2D1,38.9483570552,26001110,"1/3/2026, 4:07:52 PM",6
000703 2,day,theft f/auto,,precinct 28,"5/15/2026, 2:50:00 PM",2026,,cluster 14,theft f/auto,392884.2,property|theft f/auto,"38.9268926783,-77.082063263",-77.082063263,3B,2800 - 2899 block of new mexico avenue nw,3,2,others,property,204,"5/15/2026, 1:26:00 PM",139893.81,000703,2D2,38.9268926783,26065607,"5/15/2026, 2:46:30 PM",7
001003 1,day,theft/other,,precinct 31,"5/17/2026, 9:30:00 AM",2026,,cluster 11,theft/other,391477.65,property|theft/other,"38.9496942858,-77.0983158039",-77.0983158039,3E,4900 - 4999 block of brandywine street nw,3,2,others,property,202,"5/17/2026, 8:21:00 AM",142426.38,001003,2D1,38.9496942858,26066606,"5/17/2026, 10:03:06 AM",6
001100 4,evening,theft/other,,precinct 32,"6/14/2025, 3:45:00 PM",2025,,cluster 11,theft/other,393194.51,property|theft/other,"38.9487768183,-77.0785086932",-77.0785086932,3E,4500 - 4599 block of fort drive nw,3,2,others,property,202,"6/14/2025, 3:15:00 PM",142322.87,001100,2D1,38.9487768183,25089145,"6/14/2025, 4:33:37 PM",6
001004 2,evening,theft/other,,precinct 31,"2/5/2025, 5:48:00 PM",2025,,cluster 11,theft/other,393070.63,property|theft/other,"38.9483570552,-77.0799373128",-77.0799373128,3E,4500 - 4537 block of wisconsin avenue nw,3,2,others,property,202,"2/5/2025, 4:28:00 PM",142276.38,001004,2D1,38.9483570552,25017596,"2/5/2025, 6:39:00 PM",6
001002 4,day,theft f/auto,,precinct 29,"11/27/2024, 8:58:00 AM",2024,,cluster 14,theft f/auto,393550.16,property|theft f/auto,"38.9360923238,-77.0743926472",-77.0743926472,3A,3400 - 3499 block of 38th street nw,3,2,others,property,204,"11/27/2024, 8:13:00 AM",140914.48,001002,2D2,38.9360923238,24184300,"11/27/2024, 11:21:17 AM",7
000804 3,evening,motor vehicle theft,,precinct 9,"10/15/2025, 2:11:00 PM",2025,,cluster 13,motor vehicle theft,392356.91,property|motor vehicle theft,"38.9353079504,-77.0881546625",-77.0881546625,3D,3401 - 3499 block of nebraska avenue nw,3,2,others,property,205,"10/15/2025, 2:05:00 PM",140828.47,000804,2D2,38.9353079504,25157302,"10/15/2025, 4:11:28 PM",8
001004 2,evening,theft/other,,precinct 31,"12/12/2024, 5:10:00 PM",2024,,cluster 11,theft/other,393070.63,property|theft/other,"38.9483570552,-77.0799373128",-77.0799373128,3E,4500 - 4537 block of wisconsin avenue nw,3,2,others,property,202,"12/12/2024, 4:57:00 PM",142276.38,001004,2D1,38.9483570552,24192502,"12/12/2024, 6:09:57 PM",6
001002 2,evening,theft/other,,precinct 30,"7/2/2025, 4:44:00 PM",2025,,cluster 11,theft/other,393227.28,property|theft/other,"38.9451386287,-77.0781266684",-77.0781266684,3A,4300 - 4326 block of wisconsin avenue nw,3,2,others,property,202,"7/2/2025, 3:39:00 PM",141918.97,001002,2D1,38.9451386287,25099312,"7/2/2025, 9:57:53 PM",6
001002 4,day,theft/other,,precinct 29,"9/7/2025, 2:00:00 PM",2025,,cluster 14,theft/other,393645.65,property|theft/other,"38.934751414,-77.0732898841",-77.0732898841,3A,3700 - 3749 block of newark street nw,3,2,others,property,204,"9/7/2025, 1:30:00 PM",140765.55,001002,2D2,38.934751414,25136837,"9/7/2025, 2:53:55 PM",6
000804 3,evening,theft/other,,precinct 10,"11/19/2024, 2:03:00 PM",2024,,cluster 13,theft/other,392567.46,property|theft/other,"38.9324168318,-77.0857227224",-77.0857227224,3D,4300 - 4399 block of lowell street nw,3,2,others,property,205,"11/19/2024, 1:11:00 PM",140507.33,000804,2D2,38.9324168318,24424839,"11/22/2024, 3:41:55 PM",6
001002 3,evening,theft/other,,precinct 29,"6/29/2024, 7:30:00 AM",2024,,cluster 14,theft/other,393411.39,property|theft/other,"38.9383795808,-77.0759956628",-77.0759956628,3A,3600 - 3699 block of 38th street nw,3,2,others,property,204,"6/28/2024, 6:30:00 PM",141168.5,001002,2D2,38.9383795808,24422533,"7/16/2024, 5:42:16 PM",6
001100 4,evening,theft/other,,precinct 32,"11/5/2025, 2:20:00 PM",2025,,cluster 11,theft/other,393173.95,property|theft/other,"38.9487916125,-77.0787458915",-77.0787458915,3E,4500 - 4599 block of 40th street nw,3,2,others,property,202,"11/5/2025, 2:17:00 PM",142324.53,001100,2D1,38.9487916125,25168511,"11/8/2025, 9:57:33 PM",6
000803 1,day,burglary,,precinct 10,"2/4/2026, 2:45:00 PM",2026,,cluster 14,burglary,392594.1,property|burglary,"38.9350481105,-77.0854186238",-77.0854186238,3A,4340 - 4499 block of westover place nw,3,2,others,property,205,"1/18/2026, 12:00:00 PM",140799.4,000803,2D2,38.9350481105,26015848,"2/5/2026, 11:27:40 AM",5
001004 2,evening,theft/other,,precinct 31,"12/16/2025, 5:08:00 PM",2025,,cluster 11,theft/other,393070.63,property|theft/other,"38.9483570552,-77.0799373128",-77.0799373128,3E,4500 - 4537 block of wisconsin avenue nw,3,2,others,property,202,"12/16/2025, 4:40:00 PM",142276.38,001004,2D1,38.9483570552,25188855,"12/16/2025, 5:49:02 PM",6
000804 3,day,motor vehicle theft,,precinct 10,"12/30/2025, 8:15:00 AM",2025,,cluster 13,motor vehicle theft,392472.02,property|motor vehicle theft,"38.9288731435,-77.0868191589",-77.0868191589,3D,4400 - 4429 block of hawthorne street nw,3,2,others,property,205,"12/29/2025, 6:00:00 PM",140114.04,000804,2D2,38.9288731435,25195040,"12/30/2025, 9:19:31 AM",8
000803 2,day,theft/other,,precinct 10,"2/6/2026, 12:30:00 PM",2026,,cluster 14,theft/other,392544.93,property|theft/other,"38.9337607693,-77.0859841914",-77.0859841914,3B,3300 - 3399 block of new mexico avenue nw,3,2,others,property,205,"2/6/2026, 12:24:00 PM",140656.54,000803,2D2,38.9337607693,26016396,"2/6/2026, 1:06:07 PM",6
001002 4,evening,theft/other,,precinct 29,"6/7/2025, 5:05:00 PM",2025,,cluster 14,theft/other,393645.65,property|theft/other,"38.934751414,-77.0732898841",-77.0732898841,3A,3700 - 3749 block of newark street nw,3,2,others,property,204,"6/7/2025, 5:04:00 PM",140765.55,001002,2D2,38.934751414,25085158,"6/7/2025, 5:35:18 PM",6
001002 4,evening,theft/other,,precinct 29,"6/5/2025, 5:33:00 PM",2025,,cluster 14,theft/other,393645.65,property|theft/other,"38.934751414,-77.0732898841",-77.0732898841,3A,3700 - 3749 block of newark street nw,3,2,others,property,204,"6/5/2025, 5:00:00 PM",140765.55,001002,2D2,38.934751414,25084065,"6/5/2025, 5:33:05 PM",6
001004 3,day,theft f/auto,,precinct 30,"7/28/2026, 1:30:00 PM",2026,,cluster 11,theft f/auto,392858.43,property|theft f/auto,"38.9437014093,-77.0823798755",-77.0823798755,3E,4200 - 4298 block of 42nd street nw,3,2,others,property,202,"7/28/2026, 12:09:00 PM",141759.75,001004,2D1,38.9437014093,26105294,"7/28/2026, 1:30:09 PM",7
001002 2,day,theft f/auto,,precinct 29,"9/21/2025, 9:09:00 AM",2025,,cluster 14,theft f/auto,393340.54,property|theft f/auto,"38.9390328683,-77.0768135791",-77.0768135791,3A,3810 - 3899 block of rodman street nw,3,2,others,property,204,"9/21/2025, 9:08:00 AM",141241.08,001002,2D2,38.9390328683,25144432,"9/21/2025, 12:59:11 PM",7
001100 4,day,theft/other,,precinct 32,"12/7/2025, 10:55:00 AM",2025,,cluster 11,theft/other,393039.43,property|theft/other,"38.9492466458,-77.0802982386",-77.0802982386,3E,4530 - 4599 block of wisconsin avenue nw,3,2,others,property,202,"12/7/2025, 10:20:00 AM",142375.16,001100,2D1,38.9492466458,25184500,"12/7/2025, 11:04:39 AM",6
000903 2,day,theft/other,,precinct 9,"1/9/2026, 1:10:00 PM",2026,,cluster 13,theft/other,391696.79,property|theft/other,"38.945126307,-77.0957816153",-77.0957816153,3D,4800 - 4899 block of massachusetts avenue nw,3,2,others,property,205,"1/9/2026, 12:00:00 PM",141919.06,000903,2D2,38.945126307,26004810,"1/11/2026, 1:53:11 PM",6
001002 2,evening,theft/other,,precinct 29,"6/19/2025, 6:15:00 PM",2025,,cluster 14,theft/other,393391.9,property|theft/other,"38.9417022317,-77.0762240207",-77.0762240207,3A,4000 - 4099 block of wisconsin avenue nw,3,2,others,property,204,"6/19/2025, 5:00:00 PM",141537.36,001002,2D2,38.9417022317,25098881,"7/1/2025, 7:58:25 PM",6
001002 2,evening,theft/other,,precinct 29,"6/13/2025, 5:00:00 PM",2025,,cluster 14,theft/other,393391.9,property|theft/other,"38.9417022317,-77.0762240207",-77.0762240207,3A,4000 - 4099 block of wisconsin avenue nw,3,2,others,property,204,"6/13/2025, 3:00:00 PM",141537.36,001002,2D2,38.9417022317,25088702,"6/13/2025, 7:19:08 PM",6
001003 3,evening,theft/other,,precinct 30,"12/15/2022, 2:30:00 AM",2022,,cluster 11,theft/other,392230,property|theft/other,"38.9455360169,-77.0896312885",-77.0896312885,3E,4500 - 4599 block of windom place nw,3,2,others,property,202,"12/15/2022, 2:00:00 AM",141964,001003,2D1,38.9455360169,22182976,"12/16/2022, 4:24:44 PM",6
001002 4,midnight,theft/other,,precinct 29,"11/11/2025, 5:57:00 PM",2025,,cluster 14,theft/other,393653.61,property|theft/other,"38.933483103,-77.0731967728",-77.0731967728,3A,3700 - 3799 block of macomb street nw,3,2,others,property,204,"11/11/2025, 5:15:00 PM",140624.75,001002,2D2,38.933483103,25171772,"11/11/2025, 11:56:02 PM",6
001004 2,evening,theft/other,,precinct 31,"7/31/2023, 5:11:00 PM",2023,,cluster 11,theft/other,393070.63,property|theft/other,"38.9483570552,-77.0799373128",-77.0799373128,3E,4500 - 4537 block of wisconsin avenue nw,3,2,others,property,202,"7/31/2023, 5:08:00 PM",142276.38,001004,2D1,38.9483570552,23124562,"7/31/2023, 6:06:02 PM",6
000804 3,evening,theft f/auto,,precinct 10,"7/18/2023, 11:35:00 AM",2023,,cluster 13,theft f/auto,392209.53,property|theft f/auto,"38.9324149022,-77.0898508839",-77.0898508839,3D,4500 - 4599 block of lowell street nw,3,2,others,property,205,"7/18/2023, 11:00:00 AM",140507.46,000804,2D2,38.9324149022,23116459,"7/18/2023, 5:12:33 PM",7
001004 2,evening,theft/other,,precinct 31,"1/11/2026, 3:45:00 PM",2026,,cluster 11,theft/other,393070.63,property|theft/other,"38.9483570552,-77.0799373128",-77.0799373128,3E,4500 - 4537 block of wisconsin avenue nw,3,2,others,property,202,"1/11/2026, 3:00:00 PM",142276.38,001004,2D1,38.9483570552,26004897,"1/11/2026, 4:09:08 PM",6
000600 3,day,theft f/auto,,precinct 27,"7/23/2025, 6:40:00 AM",2025,,cluster 15,theft f/auto,393782.27,property|theft f/auto,"38.9325385116,-77.0717119085",-77.0717119085,3A,3600 - 3699 block of lowell street nw,3,2,others,property,204,"7/22/2025, 11:00:00 PM",140519.79,000600,2D2,38.9325385116,25111171,"7/23/2025, 7:52:22 AM",7
000704 1,day,assault w/dangerous weapon,,precinct 28,"4/13/2023, 6:00:00 AM",2023,,cluster 14,assault w/dangerous weapon,393681,violent|assault w/dangerous weapon,"38.9304407462,-77.0728777576",-77.0728777576,3A,3000 - 3199 block of wisconsin avenue nw,3,2,knife,violent,204,"4/12/2023, 9:00:00 PM",140287,000704,2D2,38.9304407462,23057217,"4/13/2023, 8:12:45 AM",3
000703 1,midnight,homicide,,precinct 28,"2/11/2023, 4:30:00 AM",2023,,cluster 14,homicide,393203.59,violent|homicide,"38.9324226132,-77.0783859624",-77.0783859624,3A,3900 - 4099 block of massachusetts avenue nw,3,2,others,violent,205,"2/9/2023, 12:00:00 AM",140507.4,000703,2D2,38.9324226132,23023111,"9/26/2023, 12:00:00 AM",1
000703 1,day,theft/other,,precinct 28,"2/12/2023, 5:30:00 PM",2023,,cluster 14,theft/other,393203,property|theft/other,"38.9324190053,-77.0783927631",-77.0783927631,3A,3900 - 4099 block of massachusetts avenue nw,3,2,others,property,205,"2/12/2023, 3:59:00 PM",140507,000703,2D2,38.9324190053,23027187,"2/19/2023, 1:57:24 PM",6
000600 4,day,theft/other,,precinct 29,"6/6/2026, 1:52:00 PM",2026,,cluster 15,theft/other,393721.67,property|theft/other,"38.9396905773,-77.0724181001",-77.0724181001,3A,3700 - 3999 block of 37th street nw,3,2,others,property,203,"6/6/2026, 12:45:00 PM",141313.78,000600,2D1,38.9396905773,26077466,"6/6/2026, 2:04:16 PM",6
001003 3,day,theft f/auto,,precinct 30,"1/20/2025, 2:30:00 PM",2025,,cluster 11,theft f/auto,391716.68,property|theft f/auto,"38.9462882923,-77.0955537318",-77.0955537318,3E,4800 - 4899 block of yuma street nw,3,2,others,property,202,"1/20/2025, 10:00:00 AM",142048.03,001003,2D1,38.9462882923,25009307,"1/20/2025, 2:36:23 PM",7
001200 4,evening,theft f/auto,,precinct 33,"5/21/2024, 1:00:00 PM",2024,,cluster 11,theft f/auto,393427.31,property|theft f/auto,"38.9431637312,-77.0758171227",-77.0758171227,3E,3800 - 3899 block of van ness street nw,3,2,others,property,202,"5/18/2024, 1:08:00 PM",141699.57,001200,2D1,38.9431637312,24076314,"5/21/2024, 3:29:32 PM",7
000804 3,day,theft f/auto,,precinct 10,"2/16/2023, 5:30:00 PM",2023,,cluster 13,theft f/auto,392418,property|theft f/auto,"38.9281966957,-77.0874413348",-77.0874413348,3D,2900 - 2999 block of 44th place nw,3,2,others,property,205,"2/16/2023, 12:30:00 PM",140039,000804,2D2,38.9281966957,23026710,"2/18/2023, 2:30:08 PM",7
000803 2,day,theft f/auto,,precinct 10,"12/6/2023, 11:47:00 AM",2023,,cluster 14,theft f/auto,392544.93,property|theft f/auto,"38.9337607693,-77.0859841914",-77.0859841914,3B,3300 - 3399 block of new mexico avenue nw,3,2,others,property,205,"12/6/2023, 11:44:00 AM",140656.54,000803,2D2,38.9337607693,23198583,"12/6/2023, 1:47:51 PM",7
001100 4,evening,theft/other,,precinct 32,"5/16/2023, 3:30:00 PM",2023,,cluster 11,theft/other,393070,property|theft/other,"38.9483536271,-77.0799445766",-77.0799445766,3E,4500 - 4537 block of wisconsin avenue nw,3,2,others,property,202,"5/16/2023, 2:00:00 PM",142276,001100,2D1,38.9483536271,23077092,"5/16/2023, 3:58:28 PM",6
001200 4,day,theft f/auto,,precinct 33,"8/21/2023, 10:45:00 AM",2023,,cluster 11,theft f/auto,393813.69,property|theft f/auto,"38.944775326,-77.0713617744",-77.0713617744,3F,3604 - 3699 block of warren street nw,3,2,others,property,202,"8/21/2023, 10:30:00 AM",141878.16,001200,2D1,38.944775326,23137524,"8/21/2023, 11:25:39 AM",7
001100 4,midnight,theft/other,,precinct 32,"3/3/2025, 11:17:00 PM",2025,,cluster 11,theft/other,393039.43,property|theft/other,"38.9492466458,-77.0802982386",-77.0802982386,3E,4530 - 4599 block of wisconsin avenue nw,3,2,others,property,202,"3/3/2025, 10:03:00 PM",142375.16,001100,2D1,38.9492466458,25031029,"3/3/2025, 11:26:15 PM",6
001100 4,day,theft/other,,precinct 32,"7/16/2024, 11:43:00 AM",2024,,cluster 11,theft/other,393039.43,property|theft/other,"38.9492466458,-77.0802982386",-77.0802982386,3E,4530 - 4599 block of wisconsin avenue nw,3,2,others,property,202,"7/16/2024, 11:27:00 AM",142375.16,001100,2D1,38.9492466458,24108918,"7/16/2024, 12:52:03 PM",6
001002 4,evening,theft/other,,precinct 29,"2/15/2024, 9:57:00 PM",2024,,cluster 14,theft/other,393645.65,property|theft/other,"38.934751414,-77.0732898841",-77.0732898841,3A,3700 - 3749 block of newark street nw,3,2,others,property,204,"2/15/2024, 9:47:00 PM",140765.55,001002,2D2,38.934751414,24024133,"2/15/2024, 10:15:29 PM",6
001002 4,day,theft/other,,precinct 29,,2024,,cluster 14,theft/other,393645.65,property|theft/other,"38.934751414,-77.0732898841",-77.0732898841,3A,3700 - 3749 block of newark street nw,3,2,others,property,204,"7/25/2024, 1:22:00 PM",140765.55,001002,2D2,38.934751414,24113953,"7/25/2024, 1:48:56 PM",6
001002 4,evening,theft/other,,precinct 29,"1/8/2025, 4:27:00 PM",2025,,cluster 14,theft/other,393645.65,property|theft/other,"38.934751414,-77.0732898841",-77.0732898841,3A,3700 - 3749 block of newark street nw,3,2,others,property,204,"1/8/2025, 4:25:00 PM",140765.55,001002,2D2,38.934751414,25003508,"1/8/2025, 5:30:27 PM",6
000600 4,evening,theft f/auto,,precinct 27,"12/1/2022, 1:20:00 PM",2022,,cluster 15,theft f/auto,393854,property|theft f/auto,"38.9350902568,-77.0708871505",-77.0708871505,3C,3400 - 3420 block of 36th street nw,3,2,others,property,203,"12/1/2022, 1:00:00 PM",140803,000600,2D1,38.9350902568,22174788,"12/1/2022, 6:52:41 PM",7
001004 2,evening,assault w/dangerous weapon,,precinct 31,"9/23/2022, 4:04:00 PM",2022,,cluster 11,assault w/dangerous weapon,392925,violent|assault w/dangerous weapon,"38.9527034656,-77.0816222797",-77.0816222797,3E,4800 - 4899 block of wisconsin avenue nw,3,2,others,violent,202,"9/23/2022, 1:48:00 PM",142759,001004,2D1,38.9527034656,22137987,"9/23/2022, 4:48:01 PM",3
001004 3,evening,theft f/auto,,precinct 30,"10/13/2024, 9:15:00 AM",2024,,cluster 11,theft f/auto,392810.26,property|theft f/auto,"38.9472749608,-77.0829396867",-77.0829396867,3E,4200 - 4299 block of alton place nw,3,2,others,property,202,"10/13/2024, 4:00:00 AM",142156.49,001004,2D1,38.9472749608,24423962,"10/22/2024, 6:42:12 PM",7
001200 4,day,theft f/auto,,precinct 33,"10/28/2023, 6:35:00 PM",2023,,cluster 11,theft f/auto,393227.28,property|theft f/auto,"38.9451386287,-77.0781266684",-77.0781266684,3E,4300 - 4326 block of wisconsin avenue nw,3,2,others,property,202,"10/28/2023, 6:30:00 PM",141918.97,001200,2D1,38.9451386287,23424344,"11/6/2023, 9:02:31 AM",7
001004 3,day,theft f/auto,,precinct 30,"6/13/2025, 12:10:00 PM",2025,,cluster 11,theft f/auto,392812.23,property|theft f/auto,"38.9462848773,-77.0829158095",-77.0829158095,3E,4200 - 4299 block of yuma street nw,3,2,others,property,202,"6/13/2025, 11:37:00 AM",142046.58,001004,2D1,38.9462848773,25088462,"6/13/2025, 12:10:53 PM",7
001004 2,evening,theft/other,,precinct 31,"11/4/2024, 3:59:00 PM",2024,,cluster 11,theft/other,393070.63,property|theft/other,"38.9483570552,-77.0799373128",-77.0799373128,3E,4500 - 4537 block of wisconsin avenue nw,3,2,others,property,202,"11/4/2024, 2:12:00 PM",142276.38,001004,2D1,38.9483570552,24171605,"11/4/2024, 4:20:18 PM",6
001100 4,day,theft/other,,precinct 32,"11/8/2024, 3:14:00 PM",2024,,cluster 11,theft/other,393173.95,property|theft/other,"38.9487916125,-77.0787458915",-77.0787458915,3E,4500 - 4599 block of 40th street nw,3,,others,property,202,"11/8/2024, 2:26:00 PM",142324.53,001100,2D1,38.9487916125,24173777,"11/9/2024, 11:33:46 AM",6
001002 1,day,theft/other,,precinct 10,"10/15/2023, 2:00:00 AM",2023,,cluster 14,theft/other,392798.58,property|theft/other,"38.9358388469,-77.0830611003",-77.0830611003,3A,4200 - 4349 block of massachusetts avenue nw,3,2,others,property,204,"10/14/2023, 7:30:00 PM",140886.99,001002,2D2,38.9358388469,23171192,"10/17/2023, 2:30:26 PM",6
001004 2,day,theft f/auto,,precinct 31,"1/27/2024, 3:00:00 AM",2024,,cluster 11,theft f/auto,393016.93,property|theft f/auto,"38.9503734019,-77.0805590756",-77.0805590756,3E,4600 - 4699 block of wisconsin avenue nw,3,2,others,property,202,"1/26/2024, 11:55:00 PM",142500.26,001004,2D1,38.9503734019,24014003,"1/28/2024, 2:08:12 PM",7
001004 3,day,motor vehicle theft,,precinct 30,"5/8/2024, 7:30:00 AM",2024,,cluster 11,motor vehicle theft,392433.54,property|motor vehicle theft,"38.9422139181,-77.087279273",-77.087279273,3E,4400 - 4499 block of upton street nw,3,2,others,property,202,"5/7/2024, 11:00:00 PM",141595.02,001004,2D1,38.9422139181,24068890,"5/8/2024, 8:11:06 AM",8
001003 3,evening,theft/other,,precinct 30,"4/18/2023, 7:40:00 PM",2023,,cluster 11,theft/other,391696,property|theft/other,"38.9451257591,-77.0957907276",-77.0957907276,3E,4800 - 4899 block of massachusetts avenue nw,3,2,others,property,202,"4/18/2023, 7:28:00 PM",141919,001003,2D1,38.9451257591,23060560,"4/18/2023, 8:15:17 PM",6
001002 1,evening,robbery,,precinct 10,"11/26/2023, 6:40:00 PM",2023,,cluster 14,robbery,392798.58,violent|robbery,"38.9358388469,-77.0830611003",-77.0830611003,3A,4200 - 4349 block of massachusetts avenue nw,3,2,gun,violent,204,"11/26/2023, 6:20:00 PM",140886.99,001002,2D2,38.9358388469,23193193,"11/26/2023, 8:57:32 PM",4
001100 4,day,theft/other,,precinct 32,"4/26/2023, 7:32:00 AM",2023,,cluster 11,theft/other,393039,property|theft/other,"38.949245201,-77.0803031975",-77.0803031975,3E,4530 - 4599 block of wisconsin avenue nw,3,2,others,property,202,"4/26/2023, 7:30:00 AM",142375,001100,2D1,38.949245201,23064614,"4/26/2023, 8:05:33 AM",6
000703 2,day,theft f/auto,,precinct 28,"1/2/2023, 1:19:00 PM",2023,,cluster 14,theft f/auto,392884,property|theft f/auto,"38.9268853799,-77.0820655611",-77.0820655611,3B,2800 - 2899 block of new mexico avenue nw,3,2,others,property,204,"1/2/2023, 12:44:00 PM",139893,000703,2D2,38.9268853799,23000798,"1/2/2023, 1:19:45 PM",7
001004 2,day,theft/other,,precinct 31,"4/15/2023, 10:55:00 AM",2023,,cluster 11,theft/other,393070,property|theft/other,"38.9483536271,-77.0799445766",-77.0799445766,3E,4500 - 4537 block of wisconsin avenue nw,3,2,others,property,202,"4/15/2023, 10:22:00 AM",142276,001004,2D1,38.9483536271,23058543,"4/15/2023, 11:47:06 AM",6
001002 4,day,theft/other,,precinct 29,,2023,,cluster 14,theft/other,393645.65,property|theft/other,"38.934751414,-77.0732898841",-77.0732898841,3A,3700 - 3749 block of newark street nw,3,2,others,property,204,"11/22/2023, 12:11:00 PM",140765.55,001002,2D2,38.934751414,23191165,"11/22/2023, 1:40:34 PM",6
001004 3,day,motor vehicle theft,,precinct 30,"11/1/2023, 9:30:00 AM",2023,,cluster 11,motor vehicle theft,392854.07,property|motor vehicle theft,"38.9458016543,-77.0824325978",-77.0824325978,3E,4322 - 4399 block of 42nd street nw,3,2,others,property,202,"10/31/2023, 9:30:00 PM",141992.9,001004,2D1,38.9458016543,23179653,"11/1/2023, 10:15:32 AM",8
001004 2,evening,theft f/auto,,precinct 31,"4/21/2023, 10:00:00 AM",2023,,cluster 11,theft f/auto,392422,property|theft f/auto,"38.9521047246,-77.0874245162",-77.0874245162,3E,4400 - 4499 block of davenport street nw,3,2,others,property,202,"4/20/2023, 4:00:00 PM",142693,001004,2D1,38.9521047246,23064855,"4/26/2023, 6:29:58 PM",7
000600 4,evening,theft f/auto,,precinct 27,"5/5/2023, 6:00:00 AM",2023,,cluster 15,theft f/auto,393962,property|theft f/auto,"38.93908168,-77.0696453914",-77.0696453914,3A,3500 - 3599 block of rodman street nw,3,2,others,property,203,"5/4/2023, 8:00:00 PM",141246,000600,2D1,38.93908168,23070539,"5/5/2023, 7:24:32 PM",7
000704 2,evening,motor vehicle theft,,precinct 28,"6/11/2023, 5:30:00 PM",2023,,cluster 14,motor vehicle theft,393319,property|motor vehicle theft,"38.9305822012,-77.0770528993",-77.0770528993,3A,3050 - 3149 block of 39th street nw,3,2,others,property,204,"6/10/2023, 2:00:00 PM",140303,000704,2D2,38.9305822012,23093793,"6/11/2023, 9:12:31 PM",8
000804 3,evening,theft f/auto,,precinct 10,"7/3/2023, 9:45:00 AM",2023,,cluster 13,theft f/auto,392689,property|theft f/auto,"38.9308204093,-77.0843190603",-77.0843190603,3D,3014 - 3099 block of new mexico avenue nw,3,2,others,property,205,"6/25/2023, 8:00:00 AM",140330,000804,2D2,38.9308204093,23107348,"7/3/2023, 9:12:03 PM",7
001002 1,evening,theft f/auto,,precinct 10,,2023,,cluster 14,theft f/auto,392798.58,property|theft f/auto,"38.9358388469,-77.0830611003",-77.0830611003,3A,4200 - 4349 block of massachusetts avenue nw,3,2,others,property,204,"7/27/2023, 3:00:00 PM",140886.99,001002,2D2,38.9358388469,23122021,"7/27/2023, 4:22:31 PM",7
000704 1,day,theft/other,,precinct 28,"5/29/2024, 8:35:00 AM",2024,,cluster 14,theft/other,393681.01,property|theft/other,"38.9304475926,-77.0728776493",-77.0728776493,3A,3000 - 3199 block of wisconsin avenue nw,3,2,others,property,204,"5/27/2024, 1:35:00 PM",140287.76,000704,2D2,38.9304475926,24422014,"6/5/2024, 9:42:56 AM",6
001004 2,day,theft/other,,precinct 31,"4/6/2025, 12:27:00 PM",2025,,cluster 11,theft/other,393070.63,property|theft/other,"38.9483570552,-77.0799373128",-77.0799373128,3E,4500 - 4537 block of wisconsin avenue nw,3,2,others,property,202,"4/6/2025, 11:46:00 AM",142276.38,001004,2D1,38.9483570552,25049917,"4/6/2025, 12:27:48 PM",6
001002 4,midnight,motor vehicle theft,,precinct 29,"6/15/2026, 10:33:00 PM",2026,,cluster 14,motor vehicle theft,393720.86,property|motor vehicle theft,"38.9340623694,-77.0724217259",-77.0724217259,3A,3300 - 3399 block of wisconsin avenue nw,3,2,others,property,204,"6/15/2026, 9:39:00 PM",140689,001002,2D2,38.9340623694,26082566,"6/16/2026, 3:55:58 AM",8
001100 4,day,theft/other,,precinct 32,"4/25/2023, 9:20:00 AM",2023,,cluster 11,theft/other,393070,property|theft/other,"38.9483536271,-77.0799445766",-77.0799445766,3E,4500 - 4537 block of wisconsin avenue nw,3,2,others,property,202,"4/25/2023, 7:20:00 AM",142276,001100,2D1,38.9483536271,23421919,"4/25/2023, 1:32:42 PM",6
001100 4,day,theft/other,,precinct 32,"4/12/2023, 1:00:00 PM",2023,,cluster 11,theft/other,393102,property|theft/other,"38.9496780951,-77.0795769026",-77.0795769026,3E,4000 - 4099 block of brandywine street nw,3,2,others,property,202,"4/12/2023, 8:00:00 AM",142423,001100,2D1,38.9496780951,23057925,"4/14/2023, 1:32:22 PM",6
001100 4,day,theft/other,,precinct 32,"5/28/2026, 12:00:00 PM",2026,,cluster 11,theft/other,393113.91,property|theft/other,"38.9474950334,-77.0794370733",-77.0794370733,3E,4404 - 4499 block of wisconsin avenue nw,3,2,others,property,202,"5/28/2026, 11:30:00 AM",142180.65,001100,2D1,38.9474950334,26421983,"5/28/2026, 1:31:54 PM",6
000704 2,evening,theft f/auto,,precinct 28,"6/19/2024, 7:00:00 AM",2024,,cluster 14,theft f/auto,393424.32,property|theft f/auto,"38.9282743468,-77.0758357743",-77.0758357743,3A,2900 - 2999 block of bellevue terrace nw,3,2,others,property,204,"6/16/2024, 5:00:00 PM",140046.72,000704,2D2,38.9282743468,24423078,"9/6/2024, 5:21:14 PM",7
001002 1,evening,motor vehicle theft,,precinct 10,"10/10/2022, 9:00:00 AM",2022,,cluster 14,motor vehicle theft,392798,property|motor vehicle theft,"38.935829924,-77.0830677796",-77.0830677796,3A,4200 - 4349 block of massachusetts avenue nw,3,2,others,property,204,"10/9/2022, 11:00:00 PM",140886,001002,2D2,38.935829924,22155128,"10/25/2022, 6:11:50 PM",8
001002 4,day,theft f/auto,,precinct 29,"10/23/2024, 7:00:00 AM",2024,,cluster 14,theft f/auto,393320.76,property|theft f/auto,"38.9345996466,-77.0770369414",-77.0770369414,3A,3300 - 3499 block of 39th street nw,3,2,others,property,204,"10/22/2024, 3:30:00 PM",140748.97,001002,2D2,38.9345996466,24164488,"10/23/2024, 7:42:53 AM",7
001002 4,midnight,theft/other,,precinct 29,"1/9/2026, 10:52:00 PM",2026,,cluster 14,theft/other,393697.56,property|theft/other,"38.9350777081,-77.0726914964",-77.0726914964,3A,3400 - 3421 block of wisconsin avenue nw,3,2,others,property,204,"1/9/2026, 9:47:00 PM",140801.73,001002,2D2,38.9350777081,26004183,"1/10/2026, 12:49:07 AM",6
001002 4,day,theft/other,,precinct 29,"12/11/2024, 10:20:00 AM",2024,,cluster 14,theft/other,393645.65,property|theft/other,"38.934751414,-77.0732898841",-77.0732898841,3A,3700 - 3749 block of newark street nw,3,2,others,property,204,"12/11/2024, 10:16:00 AM",140765.55,001002,2D2,38.934751414,24191792,"12/11/2024, 10:57:14 AM",6
001002 4,evening,theft/other,,precinct 29,"12/17/2024, 5:35:00 PM",2024,,cluster 14,theft/other,393645.65,property|theft/other,"38.934751414,-77.0732898841",-77.0732898841,3A,3700 - 3749 block of newark street nw,3,2,others,property,204,"12/17/2024, 5:07:00 PM",140765.55,001002,2D2,38.934751414,24195208,"12/17/2024, 6:01:27 PM",6
000600 3,day,motor vehicle theft,,precinct 27,"5/16/2023, 5:00:00 AM",2023,,cluster 15,motor vehicle theft,393716,property|motor vehicle theft,"38.9330083636,-77.0724767083",-77.0724767083,3A,3201 - 3299 block of wisconsin avenue nw,3,2,others,property,204,"5/16/2023, 2:01:00 AM",140572,000600,2D2,38.9330083636,23081307,"5/23/2023, 2:25:24 PM",8
001002 4,evening,theft/other,,precinct 29,"7/30/2024, 10:02:00 PM",2024,,cluster 14,theft/other,393645.65,property|theft/other,"38.934751414,-77.0732898841",-77.0732898841,3A,3700 - 3749 block of newark street nw,3,2,others,property,204,"7/30/2024, 9:53:00 PM",140765.55,001002,2D2,38.934751414,24116950,"7/30/2024, 10:26:23 PM",6
000903 2,day,theft f/auto,,precinct 9,"10/4/2024, 8:00:00 AM",2024,,cluster 13,theft f/auto,391696.79,property|theft f/auto,"38.945126307,-77.0957816153",-77.0957816153,3D,4800 - 4899 block of massachusetts avenue nw,3,2,others,property,205,"10/4/2024, 7:30:00 AM",141919.06,000903,2D2,38.945126307,24155280,"10/7/2024, 10:16:10 AM",7
001002 2,evening,theft f/auto,,precinct 29,"11/23/2023, 5:00:00 PM",2023,,cluster 14,theft f/auto,393242.95,property|theft f/auto,"38.9383982098,-77.077938538",-77.077938538,3A,3700 - 3799 block of 39th street nw,3,2,others,property,204,"11/23/2023, 4:50:00 PM",141170.71,001002,2D2,38.9383982098,23191731,"11/23/2023, 6:10:46 PM",7
000904 2,evening,theft f/auto,,precinct 9,"8/26/2023, 1:00:00 PM",2023,,cluster 13,theft f/auto,391294.36,property|theft f/auto,"38.9390766825,-77.100415324",-77.100415324,3D,5000 - 5099 block of sedgwick street nw,3,2,others,property,205,"8/26/2023, 7:00:00 AM",141247.93,000904,2D2,38.9390766825,23142332,"8/29/2023, 3:26:18 PM",7
001002 4,midnight,theft/other,,precinct 29,"8/4/2024, 10:15:00 PM",2024,,cluster 14,theft/other,393645.65,property|theft/other,"38.934751414,-77.0732898841",-77.0732898841,3A,3700 - 3749 block of newark street nw,3,2,others,property,204,"8/4/2024, 10:03:00 PM",140765.55,001002,2D2,38.934751414,24119651,"8/4/2024, 11:01:58 PM",6
001003 1,midnight,theft/other,,precinct 31,"6/29/2023, 3:00:00 PM",2023,,cluster 11,theft/other,391450.16,property|theft/other,"38.9488012991,-77.0986316994",-77.0986316994,3E,4900 - 4999 block of butterworth place nw,3,2,others,property,202,"6/29/2023, 1:30:00 PM",142327.28,001003,2D1,38.9488012991,23105712,"7/1/2023, 3:52:53 AM",6
001002 4,evening,theft/other,,precinct 29,"3/14/2025, 9:25:00 PM",2025,,cluster 14,theft/other,393645.65,property|theft/other,"38.934751414,-77.0732898841",-77.0732898841,3A,3700 - 3749 block of newark street nw,3,2,others,property,204,"3/14/2025, 9:05:00 PM",140765.55,001002,2D2,38.934751414,25036983,"3/14/2025, 9:25:43 PM",6
001004 2,evening,theft/other,,precinct 31,"2/9/2025, 3:45:00 PM",2025,,cluster 11,theft/other,393070.63,property|theft/other,"38.9483570552,-77.0799373128",-77.0799373128,3E,4500 - 4537 block of wisconsin avenue nw,3,2,others,property,202,"2/9/2025, 2:30:00 PM",142276.38,001004,2D1,38.9483570552,25019470,"2/9/2025, 3:53:40 PM",6
001002 2,evening,theft/other,,precinct 29,"4/22/2025, 3:45:00 PM",2025,,cluster 14,theft/other,393391.9,property|theft/other,"38.9417022317,-77.0762240207",-77.0762240207,3A,4000 - 4099 block of wisconsin avenue nw,3,2,others,property,204,"4/22/2025, 2:30:00 PM",141537.36,001002,2D2,38.9417022317,25058610,"4/22/2025, 7:10:32 PM",6
001002 4,day,theft/other,,precinct 29,"6/15/2025, 10:52:00 AM",2025,,cluster 14,theft/other,393645.65,property|theft/other,"38.934751414,-77.0732898841",-77.0732898841,3A,3700 - 3749 block of newark street nw,3,2,others,property,204,"6/15/2025, 9:45:00 AM",140765.55,001002,2D2,38.934751414,25089509,"6/15/2025, 11:28:53 AM",6
001004 3,evening,robbery,,precinct 30,"11/12/2024, 4:55:00 PM",2024,,cluster 11,robbery,392812.03,violent|robbery,"38.9431624257,-77.0829144849",-77.0829144849,3E,4200 - 4299 block of van ness street nw,3,2,knife,violent,202,"11/11/2024, 4:50:00 PM",141699.96,001004,2D1,38.9431624257,24175526,"11/11/2024, 6:54:52 PM",4
001100 4,evening,theft/other,,precinct 32,"11/17/2024, 9:16:00 PM",2024,,cluster 11,theft/other,393039.43,property|theft/other,"38.9492466458,-77.0802982386",-77.0802982386,3E,4530 - 4599 block of wisconsin avenue nw,3,2,others,property,202,"11/17/2024, 7:33:00 PM",142375.16,001100,2D1,38.9492466458,24178976,"11/17/2024, 9:40:28 PM",6
001004 2,evening,theft/other,,precinct 31,"4/3/2025, 4:00:00 PM",2025,,cluster 11,theft/other,393070.63,property|theft/other,"38.9483570552,-77.0799373128",-77.0799373128,3E,4500 - 4537 block of wisconsin avenue nw,3,2,others,property,202,"4/3/2025, 3:54:00 PM",142276.38,001004,2D1,38.9483570552,25048376,"4/3/2025, 5:02:35 PM",6
000903 2,day,theft f/auto,,precinct 9,"12/29/2024, 11:00:00 AM",2025,,cluster 13,theft f/auto,391696.79,property|theft f/auto,"38.945126307,-77.0957816153",-77.0957816153,3D,4800 - 4899 block of massachusetts avenue nw,3,2,others,property,205,"12/29/2024, 10:15:00 AM",141919.06,000903,2D2,38.945126307,25420303,"1/21/2025, 11:02:03 AM",7
001002 4,evening,theft/other,,precinct 29,"7/11/2024, 8:00:00 AM",2024,,cluster 14,theft/other,393550.16,property|theft/other,"38.9360923238,-77.0743926472",-77.0743926472,3A,3400 - 3499 block of 38th street nw,3,2,others,property,204,"7/1/2024, 8:30:00 PM",140914.48,001002,2D2,38.9360923238,24106319,"7/11/2024, 7:52:57 PM",6
001002 4,evening,theft/other,,precinct 29,"12/16/2024, 5:41:00 PM",2024,,cluster 14,theft/other,393645.65,property|theft/other,"38.934751414,-77.0732898841",-77.0732898841,3A,3700 - 3749 block of newark street nw,3,2,others,property,204,"12/16/2024, 5:39:00 PM",140765.55,001002,2D2,38.934751414,24194655,"12/16/2024, 6:26:07 PM",6
000600 4,day,theft/other,,precinct 27,"3/13/2024, 8:00:00 AM",2024,,cluster 15,theft/other,393962.14,property|theft/other,"38.9390881669,-77.0696437829",-77.0696437829,3A,3500 - 3599 block of rodman street nw,3,2,others,property,203,"3/12/2024, 7:00:00 AM",141246.72,000600,2D1,38.9390881669,24038127,"3/13/2024, 10:15:48 AM",6
001100 4,evening,theft/other,,precinct 32,"12/18/2024, 6:15:00 PM",2024,,cluster 11,theft/other,393173.95,property|theft/other,"38.9487916125,-77.0787458915",-77.0787458915,3E,4500 - 4599 block of 40th street nw,3,2,others,property,202,"12/18/2024, 6:10:00 PM",142324.53,001100,2D1,38.9487916125,24195822,"12/18/2024, 6:42:01 PM",6
001200 4,day,theft/other,,precinct 33,"8/12/2025, 11:20:00 AM",2025,,cluster 11,theft/other,393227.28,property|theft/other,"38.9451386287,-77.0781266684",-77.0781266684,3E,4300 - 4326 block of wisconsin avenue nw,3,2,others,property,202,"8/12/2025, 11:13:00 AM",141918.97,001200,2D1,38.9451386287,25122613,"8/12/2025, 11:33:57 AM",6
000704 1,day,theft/other,,precinct 28,"3/8/2025, 6:00:00 PM",2025,,cluster 14,theft/other,393705.62,property|theft/other,"38.932208262,-77.0725956118",-77.0725956118,3A,3200 - 3218 block of wisconsin avenue nw,3,2,others,property,204,"3/8/2025, 5:45:00 PM",140483.19,000704,2D2,38.932208262,25421052,"3/22/2025, 8:31:12 AM",6
001002 4,evening,theft/other,,precinct 29,"12/27/2024, 6:19:00 PM",2024,,cluster 14,theft/other,393645.65,property|theft/other,"38.934751414,-77.0732898841",-77.0732898841,3A,3700 - 3749 block of newark street nw,3,2,others,property,204,"12/27/2024, 6:14:00 PM",140765.55,001002,2D2,38.934751414,24200134,"12/27/2024, 6:58:55 PM",6
001002 4,day,theft/other,,precinct 29,"3/5/2026, 12:52:00 PM",2026,,cluster 14,theft/other,393645.65,property|theft/other,"38.934751414,-77.0732898841",-77.0732898841,3A,3700 - 3749 block of newark street nw,3,2,others,property,204,"3/5/2026, 12:47:00 PM",140765.55,001002,2D2,38.934751414,26029001,"3/5/2026, 1:22:38 PM",6
001003 3,evening,theft/other,,precinct 30,"1/4/2026, 6:40:00 PM",2026,,cluster 11,theft/other,391696.79,property|theft/other,"38.945126307,-77.0957816153",-77.0957816153,3E,4800 - 4899 block of massachusetts avenue nw,3,2,others,property,202,"1/4/2026, 6:08:00 PM",141919.06,001003,2D1,38.945126307,26001598,"1/4/2026, 6:38:59 PM",6
000803 3,evening,theft/other,,precinct 10,"10/7/2025, 3:50:00 PM",2025,,cluster 14,theft/other,392960.84,property|theft/other,"38.9302858242,-77.0811832718",-77.0811832718,3B,4000 - 4299 block of cathedral avenue nw,3,2,others,property,205,"10/7/2025, 2:00:00 PM",140270.41,000803,2D2,38.9302858242,25424347,"10/7/2025, 5:03:49 PM",6
000903 2,day,theft f/auto,,precinct 9,"9/30/2024, 7:00:00 AM",2024,,cluster 13,theft f/auto,391696.79,property|theft f/auto,"38.945126307,-77.0957816153",-77.0957816153,3D,4800 - 4899 block of massachusetts avenue nw,3,2,others,property,205,"9/29/2024, 5:30:00 PM",141919.06,000903,2D2,38.945126307,24151443,"9/30/2024, 2:50:16 PM",7
001002 2,evening,theft/other,,precinct 29,"11/6/2023, 2:15:00 PM",2023,,cluster 14,theft/other,393292.65,property|theft/other,"38.9362926319,-77.0773629933",-77.0773629933,3A,3500 - 3599 block of 39th street nw,3,2,others,property,204,"11/6/2023, 1:15:00 PM",140936.93,001002,2D2,38.9362926319,23425321,"12/4/2023, 6:02:56 PM",6
001002 4,evening,theft/other,,precinct 29,"4/25/2025, 9:32:00 PM",2025,,cluster 14,theft/other,393653.61,property|theft/other,"38.933483103,-77.0731967728",-77.0731967728,3A,3700 - 3799 block of macomb street nw,3,2,others,property,204,"4/25/2025, 6:50:00 PM",140624.75,001002,2D2,38.933483103,25060503,"4/25/2025, 10:05:04 PM",6
001003 3,evening,theft f/auto,,precinct 30,"11/11/2024, 6:00:00 PM",2024,,cluster 11,theft f/auto,391696.79,property|theft f/auto,"38.945126307,-77.0957816153",-77.0957816153,3E,4800 - 4899 block of massachusetts avenue nw,3,,others,property,202,"11/11/2024, 5:30:00 PM",141919.06,001003,2D1,38.945126307,24175640,"11/11/2024, 10:36:58 PM",7
001002 4,evening,theft/other,,precinct 29,"11/12/2024, 4:31:00 PM",2024,,cluster 14,theft/other,393645.65,property|theft/other,"38.934751414,-77.0732898841",-77.0732898841,3A,3700 - 3749 block of newark street nw,3,,others,property,204,"11/12/2024, 3:40:00 PM",140765.55,001002,2D2,38.934751414,24176057,"11/12/2024, 8:38:49 PM",6
001002 4,evening,theft/other,,precinct 29,"8/15/2024, 7:58:00 PM",2024,,cluster 14,theft/other,393645.65,property|theft/other,"38.934751414,-77.0732898841",-77.0732898841,3A,3700 - 3749 block of newark street nw,3,2,others,property,204,"8/15/2024, 7:55:00 PM",140765.55,001002,2D2,38.934751414,24125371,"8/15/2024, 9:08:09 PM",6
000803 1,day,theft/other,,precinct 10,"9/14/2025, 11:07:00 AM",2025,,cluster 14,theft/other,392742.61,property|theft/other,"38.9340725801,-77.0837045843",-77.0837045843,3A,4200 - 4399 block of embassy park drive nw,3,2,others,property,205,"9/14/2025, 11:05:00 AM",140690.97,000803,2D2,38.9340725801,25140666,"9/14/2025, 11:16:39 AM",6
001100 4,midnight,theft/other,,precinct 32,"10/26/2024, 10:59:00 PM",2024,,cluster 11,theft/other,393173.95,property|theft/other,"38.9487916125,-77.0787458915",-77.0787458915,3E,4500 - 4599 block of 40th street nw,3,2,others,property,202,"10/26/2024, 9:21:00 PM",142324.53,001100,2D1,38.9487916125,24166655,"10/27/2024, 6:41:21 AM",6
001002 3,day,theft f/auto,,precinct 29,"9/16/2024, 6:30:00 AM",2024,,cluster 14,theft f/auto,393411.39,property|theft f/auto,"38.9383795808,-77.0759956628",-77.0759956628,3A,3600 - 3699 block of 38th street nw,3,2,others,property,204,"9/15/2024, 10:00:00 PM",141168.5,001002,2D2,38.9383795808,24142932,"9/16/2024, 11:46:32 AM",7
001100 4,evening,theft/other,,precinct 32,"4/24/2025, 6:20:00 PM",2025,,cluster 11,theft/other,393173.95,property|theft/other,"38.9487916125,-77.0787458915",-77.0787458915,3E,4500 - 4599 block of 40th street nw,3,2,others,property,202,"4/24/2025, 5:49:00 PM",142324.53,001100,2D1,38.9487916125,25059779,"4/24/2025, 6:37:20 PM",6
001100 4,day,theft/other,,precinct 32,,2022,,cluster 11,theft/other,393039,property|theft/other,"38.949245201,-77.0803031975",-77.0803031975,3E,4530 - 4599 block of wisconsin avenue nw,3,2,others,property,202,"10/23/2022, 8:43:00 AM",142375,001100,2D1,38.949245201,22153943,"10/23/2022, 9:54:19 AM",6
000903 2,evening,theft f/auto,,precinct 9,"12/26/2024, 2:15:00 PM",2024,,cluster 13,theft f/auto,391696.79,property|theft f/auto,"38.945126307,-77.0957816153",-77.0957816153,3D,4800 - 4899 block of massachusetts avenue nw,3,2,others,property,205,"12/26/2024, 1:15:00 PM",141919.06,000903,2D2,38.945126307,24202133,"12/31/2024, 6:15:53 PM",7
001002 4,day,theft/other,,precinct 29,"9/12/2025, 7:42:00 AM",2025,,cluster 14,theft/other,393645.65,property|theft/other,"38.934751414,-77.0732898841",-77.0732898841,3A,3700 - 3749 block of newark street nw,3,2,others,property,204,"9/12/2025, 7:39:00 AM",140765.55,001002,2D2,38.934751414,25139414,"9/12/2025, 8:05:56 AM",6
001003 1,day,theft f/auto,,precinct 31,"8/8/2023, 9:00:00 AM",2023,,cluster 11,theft f/auto,391822.07,property|theft f/auto,"38.9503654329,-77.0943433818",-77.0943433818,3E,4600 - 4699 block of 48th street nw,3,2,others,property,202,"8/7/2023, 10:00:00 PM",142500.52,001003,2D1,38.9503654329,23129381,"8/8/2023, 12:15:32 PM",7
001100 4,evening,theft/other,,precinct 32,"11/12/2024, 9:55:00 PM",2024,,cluster 11,theft/other,393194.51,property|theft/other,"38.9487768183,-77.0785086932",-77.0785086932,3E,4500 - 4599 block of fort drive nw,3,2,others,property,202,"11/12/2024, 9:00:00 AM",142322.87,001100,2D1,38.9487768183,24424827,"11/21/2024, 6:02:28 PM",6
000804 3,day,theft/other,,precinct 10,"3/22/2023, 9:00:00 AM",2023,,cluster 13,theft/other,392224,property|theft/other,"38.9288706234,-77.0896795372",-77.0896795372,3D,4500 - 4599 block of hawthorne street nw,3,2,others,property,205,"3/17/2023, 5:00:00 PM",140114,000804,2D2,38.9288706234,23044364,"3/22/2023, 1:20:13 PM",6
001004 2,day,theft/other,,precinct 31,"4/29/2025, 10:35:00 AM",2025,,cluster 11,theft/other,393070.63,property|theft/other,"38.9483570552,-77.0799373128",-77.0799373128,3E,4500 - 4537 block of wisconsin avenue nw,3,2,others,property,202,"4/29/2025, 10:14:00 AM",142276.38,001004,2D1,38.9483570552,25062389,"4/29/2025, 11:53:48 AM",6
001003 1,day,motor vehicle theft,,precinct 31,,2025,,cluster 11,motor vehicle theft,391972.04,property|motor vehicle theft,"38.950365465,-77.0926132763",-77.0926132763,3E,4600 - 4699 block of 47th street nw,3,2,others,property,202,"3/9/2025, 8:22:00 AM",142500.37,001003,2D1,38.950365465,25033932,"3/9/2025, 9:57:50 AM",8
000904 2,evening,theft f/auto,,precinct 9,"3/7/2025, 7:30:00 PM",2025,,cluster 13,theft f/auto,391587.02,property|theft f/auto,"38.9460519441,-77.0970491269",-77.0970491269,3D,4900 - 4908 block of massachusetts avenue nw,3,2,others,property,205,"3/7/2025, 5:30:00 PM",142021.93,000904,2D2,38.9460519441,25033182,"3/7/2025, 8:30:54 PM",7
000903 2,evening,theft f/auto,,precinct 9,"9/29/2025, 2:30:00 PM",2025,,cluster 13,theft f/auto,391696.79,property|theft f/auto,"38.945126307,-77.0957816153",-77.0957816153,3D,4800 - 4899 block of massachusetts avenue nw,3,2,others,property,205,"9/29/2025, 8:20:00 AM",141919.06,000903,2D2,38.945126307,25148852,"9/29/2025, 3:05:59 PM",7
000903 2,day,theft f/auto,,precinct 9,"1/16/2026, 1:30:00 PM",2026,,cluster 13,theft f/auto,391783.65,property|theft f/auto,"38.9373207243,-77.0947692656",-77.0947692656,3D,4700 - 4899 block of woodway lane nw,3,2,others,property,205,"1/16/2026, 7:15:00 AM",141052.48,000903,2D2,38.9373207243,26009625,"1/21/2026, 2:35:05 PM",7
000703 2,midnight,assault w/dangerous weapon,,precinct 28,"10/13/2023, 6:30:00 PM",2023,,cluster 14,assault w/dangerous weapon,392960.84,violent|assault w/dangerous weapon,"38.9302858242,-77.0811832718",-77.0811832718,3B,4000 - 4299 block of cathedral avenue nw,3,2,knife,violent,204,"10/13/2023, 6:00:00 PM",140270.41,000703,2D2,38.9302858242,23169290,"10/13/2023, 11:35:51 PM",3
000902 1,evening,theft f/auto,,precinct 8,"8/24/2023, 9:06:00 PM",2023,,cluster 13,theft f/auto,391553.58,property|theft f/auto,"38.9301946009,-77.0974132103",-77.0974132103,3D,2900 - 3099 block of university terrace nw,3,2,others,property,205,"8/24/2023, 9:05:00 PM",140261.66,000902,2D2,38.9301946009,23139648,"8/24/2023, 9:26:05 PM",7
001100 4,day,theft/other,,precinct 32,"10/5/2023, 2:50:00 PM",2023,,cluster 11,theft/other,393039.43,property|theft/other,"38.9492466458,-77.0802982386",-77.0802982386,3E,4530 - 4599 block of wisconsin avenue nw,3,2,others,property,202,"10/5/2023, 2:45:00 PM",142375.16,001100,2D1,38.9492466458,23164796,"10/6/2023, 10:20:23 AM",6
000903 1,midnight,theft/other,,precinct 9,"9/1/2023, 6:00:00 PM",2023,,cluster 13,theft/other,392375.89,property|theft/other,"38.9394013931,-77.0879407978",-77.0879407978,3E,4400 - 4500 block of massachusetts avenue nw,3,2,others,property,205,"9/1/2023, 4:00:00 PM",141282.86,000903,2D2,38.9394013931,23144548,"9/2/2023, 2:31:52 AM",6
000804 3,evening,theft f/auto,,precinct 10,"9/5/2023, 3:00:00 PM",2023,,cluster 13,theft f/auto,392524.61,property|theft f/auto,"38.9295745288,-77.0862134935",-77.0862134935,3D,3000 - 3035 block of 44th street nw,3,2,others,property,205,"9/5/2023, 1:30:00 PM",140191.85,000804,2D2,38.9295745288,23146591,"9/5/2023, 3:26:16 PM",7
001004 2,evening,theft/other,,precinct 31,"8/7/2024, 5:11:00 PM",2024,,cluster 11,theft/other,392853.33,property|theft/other,"38.9521073489,-77.082448427",-77.082448427,3E,4200 - 4299 block of davenport street nw,3,2,others,property,202,"7/25/2024, 12:40:00 PM",142692.89,001004,2D1,38.9521073489,24121143,"8/7/2024, 5:52:34 PM",6
000703 1,day,theft/other,,precinct 28,"9/7/2026, 2:00:00 PM",2026,,cluster 14,theft/other,393203.59,property|theft/other,"38.9324226132,-77.0783859624",-77.0783859624,3A,3900 - 4099 block of massachusetts avenue nw,3,2,others,property,205,"12/25/2025, 2:00:00 PM",140507.4,000703,2D2,38.9324226132,26127810,"9/8/2026, 2:39:32 PM",6
001100 4,day,theft/other,,precinct 32,"11/9/2023, 2:10:00 PM",2023,,cluster 11,theft/other,393348.63,property|theft/other,"38.9507275689,-77.0767328516",-77.0767328516,3E,3814 - 3989 block of chesapeake street nw,3,2,others,property,202,"11/9/2023, 9:00:00 AM",142539.29,001100,2D1,38.9507275689,23424808,"11/18/2023, 8:41:48 AM",6
000903 2,evening,theft f/auto,,precinct 9,"2/16/2024, 3:55:00 PM",2024,,cluster 13,theft f/auto,392004.04,property|theft f/auto,"38.9384855479,-77.0922287427",-77.0922287427,3D,3700 - 3799 block of university avenue nw,3,2,others,property,205,"2/16/2024, 3:54:00 PM",141181.56,000903,2D2,38.9384855479,24024441,"2/16/2024, 4:01:55 PM",7
001004 3,midnight,theft f/auto,,precinct 30,"11/13/2025, 1:00:00 PM",2025,,cluster 11,theft f/auto,392421.66,property|theft f/auto,"38.9462848377,-77.087421301",-77.087421301,3E,4400 - 4499 block of yuma street nw,3,2,others,property,202,"11/13/2025, 12:00:00 PM",142046.94,001004,2D1,38.9462848377,25175558,"11/18/2025, 11:28:46 PM",7
000703 1,day,theft/other,,precinct 28,"3/22/2026, 2:04:00 PM",2026,,cluster 14,theft/other,393203.59,property|theft/other,"38.9324226132,-77.0783859624",-77.0783859624,3A,3900 - 4099 block of massachusetts avenue nw,3,2,others,property,205,"3/22/2026, 2:04:00 PM",140507.4,000703,2D2,38.9324226132,26421196,"3/28/2026, 10:15:36 AM",6
001002 3,evening,theft/other,,precinct 29,"6/7/2026, 1:00:00 PM",2026,,cluster 14,theft/other,393411.39,property|theft/other,"38.9383795808,-77.0759956628",-77.0759956628,3A,3600 - 3699 block of 38th street nw,3,2,others,property,204,"6/7/2026, 1:00:00 PM",141168.5,001002,2D2,38.9383795808,26422130,"6/9/2026, 3:46:36 PM",6
001004 2,evening,theft f/auto,,precinct 31,"8/2/2023, 1:30:00 PM",2023,,cluster 11,theft f/auto,392422.24,property|theft f/auto,"38.9510412107,-77.0874204431",-77.0874204431,3E,4400 - 4499 block of chesapeake street nw,3,2,others,property,202,"8/2/2023, 11:50:00 AM",142574.94,001004,2D1,38.9510412107,23125802,"8/2/2023, 3:06:40 PM",7
001002 3,evening,theft f/auto,,precinct 29,"7/10/2023, 12:30:00 PM",2023,,cluster 14,theft f/auto,393411.39,property|theft f/auto,"38.9383795808,-77.0759956628",-77.0759956628,3A,3600 - 3699 block of 38th street nw,3,2,others,property,204,"7/10/2023, 12:15:00 PM",141168.5,001002,2D2,38.9383795808,23112692,"7/12/2023, 5:12:54 PM",7
001003 1,evening,burglary,,precinct 31,"2/28/2026, 6:35:00 PM",2026,,cluster 11,burglary,392231.45,property|burglary,"38.9510406251,-77.0896214822",-77.0896214822,3E,4500 - 4599 block of chesapeake street nw,3,2,others,property,202,"2/28/2026, 3:38:00 PM",142575.06,001003,2D1,38.9510406251,26026790,"2/28/2026, 6:35:58 PM",5
001002 2,evening,robbery,,precinct 29,"2/20/2025, 5:50:00 PM",2025,,cluster 14,robbery,393455.55,violent|robbery,"38.9403667792,-77.0754884077",-77.0754884077,3A,3901 - 3999 block of wisconsin avenue nw,3,2,gun,violent,204,"2/20/2025, 5:47:00 PM",141389.06,001002,2D2,38.9403667792,25025098,"2/20/2025, 6:38:13 PM",4
001002 2,day,theft/other,,precinct 29,"8/18/2026, 5:15:00 PM",2026,,cluster 14,theft/other,393254.53,property|theft/other,"38.9400305108,-77.0778067509",-77.0778067509,3A,10 - 99 block of ridge square nw,3,2,others,property,204,"8/18/2026, 5:05:00 PM",141351.9,001002,2D2,38.9400305108,26116400,"8/19/2026, 10:20:26 AM",6
001002 4,evening,theft/other,,precinct 29,"3/3/2023, 9:30:00 AM",2023,,cluster 14,theft/other,393320,property|theft/other,"38.9345909028,-77.0770456977",-77.0770456977,3A,3300 - 3499 block of 39th street nw,3,2,others,property,204,"3/2/2023, 2:00:00 PM",140748,001002,2D2,38.9345909028,23034085,"3/3/2023, 7:26:32 PM",6
001100 4,evening,theft/other,,precinct 32,"4/25/2023, 7:33:00 PM",2023,,cluster 11,theft/other,393173,property|theft/other,"38.9487868308,-77.0787568455",-77.0787568455,3E,4500 - 4599 block of 40th street nw,3,2,others,property,202,"4/25/2023, 5:44:00 PM",142324,001100,2D1,38.9487868308,23064362,"4/25/2023, 9:42:41 PM",6
001002 4,evening,theft/other,,precinct 29,"4/24/2026, 7:06:00 PM",2026,,cluster 14,theft/other,393645.65,property|theft/other,"38.934751414,-77.0732898841",-77.0732898841,3A,3700 - 3749 block of newark street nw,3,2,others,property,204,"4/24/2026, 6:26:00 PM",140765.55,001002,2D2,38.934751414,26054664,"4/24/2026, 7:01:23 PM",6
001002 4,evening,theft/other,,precinct 29,"3/8/2024, 7:30:00 PM",2024,,cluster 14,theft/other,393645.65,property|theft/other,"38.934751414,-77.0732898841",-77.0732898841,3A,3700 - 3749 block of newark street nw,3,2,others,property,204,"3/8/2024, 7:26:00 PM",140765.55,001002,2D2,38.934751414,24035826,"3/8/2024, 7:55:44 PM",6
001100 4,day,theft/other,,precinct 32,"4/21/2025, 11:30:00 AM",2025,,cluster 11,theft/other,393194.51,property|theft/other,"38.9487768183,-77.0785086932",-77.0785086932,3E,4500 - 4599 block of fort drive nw,3,2,others,property,202,"4/21/2025, 10:00:00 AM",142322.87,001100,2D1,38.9487768183,25057812,"4/21/2025, 1:48:42 PM",6
001004 2,day,theft/other,,precinct 31,"5/10/2024, 4:25:00 PM",2024,,cluster 11,theft/other,392677.6,property|theft/other,"38.9517094478,-77.0844752865",-77.0844752865,3E,4300 - 4338 block of river road nw,3,2,others,property,202,"5/10/2024, 4:09:00 PM",142648.88,001004,2D1,38.9517094478,24421753,"5/16/2024, 7:21:52 AM",6
001004 2,evening,theft f/auto,,precinct 31,"12/31/2024, 12:16:00 PM",2024,,cluster 11,theft f/auto,392978.18,property|theft f/auto,"38.9496874735,-77.0810053294",-77.0810053294,3E,4100 - 4151 block of brandywine street nw,3,2,others,property,202,"12/31/2024, 10:30:00 AM",142424.15,001004,2D1,38.9496874735,24202116,"12/31/2024, 6:54:57 PM",7
000904 2,day,motor vehicle theft,,precinct 9,"1/30/2024, 7:15:00 AM",2024,,cluster 13,motor vehicle theft,391472.71,property|motor vehicle theft,"38.9380225701,-77.0983566885",-77.0983566885,3D,4900 - 4999 block of quebec street nw,3,2,others,property,205,"1/29/2024, 6:45:00 PM",141130.72,000904,2D2,38.9380225701,24014901,"1/30/2024, 9:15:35 AM",8
001002 2,midnight,theft/other,,precinct 29,"1/15/2025, 8:00:00 AM",2025,,cluster 14,theft/other,393254.53,property|theft/other,"38.9400305108,-77.0778067509",-77.0778067509,3A,10 - 99 block of ridge square nw,3,2,others,property,204,"1/15/2025, 7:52:00 AM",141351.9,001002,2D2,38.9400305108,25007568,"1/17/2025, 12:27:15 AM",6
001004 2,evening,theft/other,,precinct 31,"3/27/2025, 7:35:00 PM",2025,,cluster 11,theft/other,393070.63,property|theft/other,"38.9483570552,-77.0799373128",-77.0799373128,3E,4500 - 4537 block of wisconsin avenue nw,3,2,others,property,202,"3/27/2025, 7:25:00 PM",142276.38,001004,2D1,38.9483570552,25044314,"3/27/2025, 7:47:46 PM",6
001004 2,evening,theft/other,,precinct 31,"11/29/2024, 3:19:00 PM",2024,,cluster 11,theft/other,393070.63,property|theft/other,"38.9483570552,-77.0799373128",-77.0799373128,3E,4500 - 4537 block of wisconsin avenue nw,3,2,others,property,202,"11/29/2024, 2:04:00 PM",142276.38,001004,2D1,38.9483570552,24185239,"11/29/2024, 3:36:36 PM",6
001002 4,evening,theft/other,,precinct 29,"7/9/2025, 3:30:00 PM",2025,,cluster 14,theft/other,393645.65,property|theft/other,"38.934751414,-77.0732898841",-77.0732898841,3A,3700 - 3749 block of newark street nw,3,2,others,property,204,"7/9/2025, 3:25:00 PM",140765.55,001002,2D2,38.934751414,25103370,"7/9/2025, 4:01:21 PM",6
001004 2,evening,theft/other,,precinct 31,"1/12/2026, 9:10:00 PM",2026,,cluster 11,theft/other,393070.63,property|theft/other,"38.9483570552,-77.0799373128",-77.0799373128,3E,4500 - 4537 block of wisconsin avenue nw,3,2,others,property,202,"1/12/2026, 8:25:00 PM",142276.38,001004,2D1,38.9483570552,26005563,"1/12/2026, 10:45:08 PM",6
000704 1,day,theft/other,,precinct 28,"6/6/2026, 7:00:00 AM",2026,,cluster 14,theft/other,393685.84,property|theft/other,"38.9307918346,-77.0728222959",-77.0728222959,3A,3021 - 3199 block of wisconsin avenue nw,3,2,others,property,204,"6/5/2026, 5:30:00 PM",140325.97,000704,2D2,38.9307918346,26422119,"6/6/2026, 1:30:54 PM",6
001002 4,day,burglary,,precinct 29,"2/6/2023, 9:30:00 AM",2023,,cluster 14,burglary,393645,property|burglary,"38.9347464547,-77.073297376",-77.073297376,3A,3700 - 3749 block of newark street nw,3,2,others,property,204,"2/3/2023, 7:30:00 PM",140765,001002,2D2,38.9347464547,23019941,"2/6/2023, 9:42:48 AM",5
000600 4,evening,theft f/auto,,precinct 27,"8/21/2023, 7:45:00 AM",2023,,cluster 15,theft f/auto,394049.47,property|theft f/auto,"38.9377416627,-77.0686351773",-77.0686351773,3A,3600 - 3699 block of 35th street nw,3,2,others,property,203,"8/20/2023, 11:30:00 PM",141097.18,000600,2D1,38.9377416627,23137760,"8/21/2023, 6:10:14 PM",7
001100 4,day,theft/other,,precinct 32,,2024,,cluster 11,theft/other,393070.63,property|theft/other,"38.9483570552,-77.0799373128",-77.0799373128,3E,4500 - 4537 block of wisconsin avenue nw,3,2,others,property,202,"11/3/2024, 1:31:00 PM",142276.38,001100,2D1,38.9483570552,24171052,"11/3/2024, 2:07:18 PM",6
001002 2,day,theft f/auto,,precinct 29,"10/7/2024, 6:00:00 AM",2024,,cluster 14,theft f/auto,393254.53,property|theft f/auto,"38.9400305108,-77.0778067509",-77.0778067509,3A,10 - 99 block of ridge square nw,3,2,others,property,204,"10/6/2024, 10:58:00 AM",141351.9,001002,2D2,38.9400305108,24155211,"10/7/2024, 7:09:34 AM",7
001100 4,day,theft/other,,precinct 32,"9/26/2025, 12:40:00 PM",2025,,cluster 11,theft/other,393039.43,property|theft/other,"38.9492466458,-77.0802982386",-77.0802982386,3E,4530 - 4599 block of wisconsin avenue nw,3,2,others,property,202,"9/26/2025, 12:36:00 PM",142375.16,001100,2D1,38.9492466458,25147186,"9/26/2025, 1:13:10 PM",6
000600 4,evening,theft f/auto,,precinct 29,"7/25/2025, 4:26:00 PM",2025,,cluster 15,theft f/auto,393764.32,property|theft f/auto,"38.938151184,-77.0719245958",-77.0719245958,3A,3600 - 3699 block of quebec street nw,3,2,others,property,203,"7/25/2025, 4:19:00 PM",141142.86,000600,2D1,38.938151184,25112611,"7/25/2025, 4:25:57 PM",7
001004 3,evening,theft/other,,precinct 30,"7/27/2024, 2:23:00 PM",2024,,cluster 11,theft/other,392483.46,property|theft/other,"38.9410475035,-77.086702026",-77.086702026,3E,4400 - 4499 block of springdale street nw,3,2,others,property,202,"7/27/2024, 2:23:00 PM",141465.49,001004,2D1,38.9410475035,24422780,"8/10/2024, 4:42:07 PM",6
001100 4,day,theft/other,,precinct 32,"7/13/2023, 2:15:00 PM",2023,,cluster 11,theft/other,393113.91,property|theft/other,"38.9474950334,-77.0794370733",-77.0794370733,3E,4404 - 4499 block of wisconsin avenue nw,3,2,others,property,202,"7/13/2023, 2:00:00 PM",142180.65,001100,2D1,38.9474950334,23115629,"7/17/2023, 10:03:29 AM",6
001002 4,day,theft/other,,precinct 29,,2025,,cluster 14,theft/other,393645.65,property|theft/other,"38.934751414,-77.0732898841",-77.0732898841,3A,3700 - 3749 block of newark street nw,3,2,others,property,204,"1/9/2025, 11:08:00 AM",140765.55,001002,2D2,38.934751414,25003829,"1/9/2025, 11:57:35 AM",6
001200 4,evening,theft/other,,precinct 33,"5/22/2024, 2:05:00 PM",2024,,cluster 11,theft/other,393427.31,property|theft/other,"38.9431637312,-77.0758171227",-77.0758171227,3A,3800 - 3899 block of van ness street nw,3,2,others,property,202,"5/22/2024, 2:00:00 PM",141699.57,001200,2D1,38.9431637312,24077218,"5/22/2024, 10:41:27 PM",6
001100 4,day,robbery,,precinct 32,"10/11/2023, 9:32:00 AM",2023,,cluster 11,robbery,393070.63,violent|robbery,"38.9483570552,-77.0799373128",-77.0799373128,3E,4500 - 4537 block of wisconsin avenue nw,3,2,others,violent,202,"10/11/2023, 9:30:00 AM",142276.38,001100,2D1,38.9483570552,23167742,"10/11/2023, 11:07:40 AM",4
000903 2,day,theft f/auto,,precinct 9,"9/11/2023, 1:40:00 PM",2023,,cluster 13,theft f/auto,391535.99,property|theft f/auto,"38.9337319912,-77.0976209202",-77.0976209202,3D,4830 - 4960 block of rockwood parkway nw,3,2,others,property,205,"9/11/2023, 12:40:00 PM",140654.36,000903,2D2,38.9337319912,23150053,"9/12/2023, 8:07:55 AM",7
001100 4,day,theft/other,,precinct 32,"8/30/2024, 4:56:00 AM",2024,,cluster 11,theft/other,393039.43,property|theft/other,"38.9492466458,-77.0802982386",-77.0802982386,3E,4530 - 4599 block of wisconsin avenue nw,3,2,others,property,202,"8/30/2024, 4:52:00 AM",142375.16,001100,2D1,38.9492466458,24133495,"8/30/2024, 9:07:46 AM",6
001004 3,evening,motor vehicle theft,,precinct 30,"11/5/2023, 12:51:00 AM",2023,,cluster 11,motor vehicle theft,392421.78,property|motor vehicle theft,"38.947905968,-77.0874219048",-77.0874219048,3E,4400 - 4499 block of albemarle street nw,3,2,others,property,202,"11/5/2023, 12:45:00 AM",142226.9,001004,2D1,38.947905968,23182079,"11/5/2023, 6:31:38 PM",8
001002 1,evening,theft/other,,precinct 10,"4/23/2024, 4:00:00 PM",2024,,cluster 14,theft/other,392798.58,property|theft/other,"38.9358388469,-77.0830611003",-77.0830611003,3A,4200 - 4349 block of massachusetts avenue nw,3,2,others,property,204,"4/23/2024, 3:50:00 PM",140886.99,001002,2D2,38.9358388469,24060835,"4/23/2024, 7:50:32 PM",6
001003 3,day,motor vehicle theft,,precinct 30,"7/31/2025, 11:00:00 AM",2025,,cluster 11,motor vehicle theft,391489.16,property|motor vehicle theft,"38.9479092283,-77.0981805632",-77.0981805632,3E,4900 - 5019 block of albemarle street nw,3,2,others,property,202,"7/31/2025, 10:50:00 AM",142228.21,001003,2D1,38.9479092283,25115898,"7/31/2025, 12:22:23 PM",8
001002 1,day,theft/other,,precinct 10,"12/2/2024, 9:00:00 AM",2024,,cluster 14,theft/other,392798.58,property|theft/other,"38.9358388469,-77.0830611003",-77.0830611003,3A,4200 - 4349 block of massachusetts avenue nw,3,2,others,property,204,"11/30/2024, 11:00:00 AM",140886.99,001002,2D2,38.9358388469,24190002,"12/8/2024, 12:59:00 PM",6
001002 2,day,theft/other,,precinct 29,"3/30/2024, 12:40:00 PM",2024,,cluster 14,theft/other,393254.53,property|theft/other,"38.9400305108,-77.0778067509",-77.0778067509,3A,10 - 99 block of ridge square nw,3,2,others,property,204,"3/30/2024, 12:20:00 PM",141351.9,001002,2D2,38.9400305108,24047618,"3/30/2024, 1:13:06 PM",6
001002 1,midnight,theft f/auto,,precinct 10,"2/25/2024, 7:30:00 PM",2024,,cluster 14,theft f/auto,392798.58,property|theft f/auto,"38.9358388469,-77.0830611003",-77.0830611003,3A,4200 - 4349 block of massachusetts avenue nw,3,2,others,property,204,"2/25/2024, 6:30:00 PM",140886.99,001002,2D2,38.9358388469,24031647,"2/29/2024, 11:14:47 PM",7
001002 4,day,theft f/auto,,precinct 29,"10/23/2024, 8:00:00 AM",2024,,cluster 14,theft f/auto,393320.76,property|theft f/auto,"38.9345996466,-77.0770369414",-77.0770369414,3A,3300 - 3499 block of 39th street nw,3,2,others,property,204,"10/22/2024, 7:00:00 PM",140748.97,001002,2D2,38.9345996466,24164530,"10/23/2024, 9:49:36 AM",7
001002 4,evening,theft/other,,precinct 29,"4/17/2026, 6:25:00 PM",2026,,cluster 14,theft/other,393720.86,property|theft/other,"38.9340623694,-77.0724217259",-77.0724217259,3A,3300 - 3399 block of wisconsin avenue nw,3,2,others,property,204,"4/17/2026, 4:43:00 PM",140689,001002,2D2,38.9340623694,26051023,"4/17/2026, 10:01:13 PM",6
000904 2,day,theft f/auto,,precinct 9,"2/13/2026, 5:28:00 PM",2026,,cluster 13,theft f/auto,391163.91,property|theft f/auto,"38.9363485708,-77.1019161021",-77.1019161021,3D,5000 - 5051 block of overlook road nw,3,2,others,property,205,"2/13/2026, 3:12:00 PM",140945.23,000904,2D2,38.9363485708,26019752,"2/20/2026, 12:04:20 PM",7
001002 4,day,theft/other,,precinct 29,"7/21/2025, 2:07:00 PM",2025,,cluster 14,theft/other,393645.65,property|theft/other,"38.934751414,-77.0732898841",-77.0732898841,3A,3700 - 3749 block of newark street nw,3,2,others,property,204,"7/21/2025, 11:45:00 AM",140765.55,001002,2D2,38.934751414,25110133,"7/22/2025, 7:28:01 AM",6
000904 1,day,motor vehicle theft,,precinct 8,"2/28/2026, 12:45:00 PM",2026,,cluster 13,motor vehicle theft,391246.32,property|motor vehicle theft,"38.9324262829,-77.1009600248",-77.1009600248,3D,5000 - 5049 block of lowell street nw,3,2,others,property,205,"2/28/2026, 10:38:00 AM",140509.73,000904,2D2,38.9324262829,26026663,"2/28/2026, 12:44:50 PM",8
001002 4,day,theft/other,,precinct 29,"12/12/2025, 8:30:00 PM",2025,,cluster 14,theft/other,393720.86,property|theft/other,"38.9340623694,-77.0724217259",-77.0724217259,3A,3300 - 3399 block of wisconsin avenue nw,3,2,others,property,204,"12/11/2025, 5:00:00 PM",140689,001002,2D2,38.9340623694,25190377,"12/19/2025, 2:31:24 PM",6
001100 4,evening,theft/other,,precinct 32,,2024,,cluster 11,theft/other,393070.63,property|theft/other,"38.9483570552,-77.0799373128",-77.0799373128,3E,4500 - 4537 block of wisconsin avenue nw,3,2,others,property,202,"2/9/2024, 4:10:00 PM",142276.38,001100,2D1,38.9483570552,24026546,"2/20/2024, 3:57:57 PM",6
001100 4,evening,theft/other,,precinct 32,"4/15/2023, 4:56:00 PM",2023,,cluster 11,theft/other,393070,property|theft/other,"38.9483536271,-77.0799445766",-77.0799445766,3E,4500 - 4537 block of wisconsin avenue nw,3,2,others,property,202,"4/15/2023, 4:15:00 PM",142276,001100,2D1,38.9483536271,23058688,"4/15/2023, 6:24:52 PM",6
001003 3,day,theft f/auto,,precinct 30,"10/29/2022, 11:54:00 AM",2022,,cluster 11,theft f/auto,391696,property|theft f/auto,"38.9451257591,-77.0957907276",-77.0957907276,3E,4800 - 4899 block of massachusetts avenue nw,3,2,others,property,202,"10/29/2022, 10:45:00 AM",141919,001003,2D1,38.9451257591,22157212,"10/29/2022, 1:52:17 PM",7
000704 1,day,theft/other,,precinct 28,"4/23/2026, 11:35:00 PM",2026,,cluster 14,theft/other,393563.34,property|theft/other,"38.9293890733,-77.0742336494",-77.0742336494,3A,3701 - 3799 block of massachusetts avenue nw,3,2,others,property,204,"4/23/2026, 11:30:00 PM",140170.35,000704,2D2,38.9293890733,26421784,"5/15/2026, 9:15:53 AM",6
000600 4,day,theft/other,,precinct 29,"3/18/2023, 10:20:00 AM",2023,,cluster 15,theft/other,393582,property|theft/other,"38.9377097259,-77.0740270829",-77.0740270829,3A,3600 - 3699 block of wisconsin avenue nw,3,2,others,property,203,"3/17/2023, 10:20:00 AM",141094,000600,2D1,38.9377097259,23421400,"3/27/2023, 9:02:14 AM",6
000703 1,evening,theft/other,,precinct 28,"11/30/2025, 10:26:00 PM",2025,,cluster 14,theft/other,393203.59,property|theft/other,"38.9324226132,-77.0783859624",-77.0783859624,3A,3900 - 4099 block of massachusetts avenue nw,3,2,others,property,205,"11/30/2025, 8:15:00 PM",140507.4,000703,2D2,38.9324226132,25181277,"11/30/2025, 10:26:48 PM",6
001003 1,evening,theft f/auto,,precinct 31,"6/28/2024, 7:00:00 AM",2024,,cluster 11,theft f/auto,391477.65,property|theft f/auto,"38.9496942858,-77.0983158039",-77.0983158039,3E,4900 - 4999 block of brandywine street nw,3,2,others,property,202,"6/28/2024, 12:00:00 AM",142426.38,001003,2D1,38.9496942858,24098861,"6/28/2024, 5:29:25 PM",7
001100 4,day,theft/other,,precinct 32,"2/2/2025, 11:24:00 AM",2025,,cluster 11,theft/other,393173.95,property|theft/other,"38.9487916125,-77.0787458915",-77.0787458915,3E,4500 - 4599 block of 40th street nw,3,2,others,property,202,"2/2/2025, 10:37:00 AM",142324.53,001100,2D1,38.9487916125,25015850,"2/2/2025, 11:26:08 AM",6
001004 2,day,theft/other,,precinct 31,,2024,,cluster 11,theft/other,393070.63,property|theft/other,"38.9483570552,-77.0799373128",-77.0799373128,3E,4500 - 4537 block of wisconsin avenue nw,3,2,others,property,202,"4/24/2024, 1:34:00 PM",142276.38,001004,2D1,38.9483570552,24061246,"4/24/2024, 2:07:48 PM",6
001002 4,evening,theft/other,,precinct 29,"11/18/2024, 5:30:00 PM",2024,,cluster 14,theft/other,393645.65,property|theft/other,"38.934751414,-77.0732898841",-77.0732898841,3A,3700 - 3749 block of newark street nw,3,2,others,property,204,"11/18/2024, 5:01:00 PM",140765.55,001002,2D2,38.934751414,24179477,"11/18/2024, 7:20:10 PM",6
001002 2,midnight,theft/other,,precinct 29,"6/21/2026, 11:19:00 AM",2026,,cluster 14,theft/other,393391.9,property|theft/other,"38.9417022317,-77.0762240207",-77.0762240207,3A,4000 - 4099 block of wisconsin avenue nw,3,2,others,property,204,"6/21/2026, 10:40:00 AM",141537.36,001002,2D2,38.9417022317,26085498,"6/22/2026, 4:45:33 AM",6
000804 1,day,theft f/auto,,precinct 8,"2/16/2026, 12:00:00 PM",2026,,cluster 13,theft f/auto,391723.36,property|theft f/auto,"38.9274848967,-77.0954514965",-77.0954514965,3D,2600 - 3199 block of chain bridge road nw,3,2,others,property,205,"2/14/2026, 3:00:00 PM",139960.68,000804,2D2,38.9274848967,26022460,"2/19/2026, 2:03:13 PM",7
000704 2,evening,theft f/auto,,precinct 28,"4/23/2026, 1:00:00 PM",2026,,cluster 14,theft f/auto,393476.5,property|theft f/auto,"38.9290219749,-77.0752347833",-77.0752347833,3A,3800 - 3825 block of cathedral avenue nw,3,2,others,property,204,"4/23/2026, 12:30:00 PM",140129.67,000704,2D2,38.9290219749,26055147,"4/25/2026, 5:41:53 PM",7
000703 1,evening,theft/other,,precinct 28,"10/29/2025, 12:15:00 PM",2025,,cluster 14,theft/other,393203.59,property|theft/other,"38.9324226132,-77.0783859624",-77.0783859624,3A,3900 - 4099 block of massachusetts avenue nw,3,2,others,property,205,"10/29/2025, 11:50:00 AM",140507.4,000703,2D2,38.9324226132,25164535,"10/29/2025, 3:36:06 PM",6
000904 2,evening,theft f/auto,,precinct 9,"12/20/2024, 1:28:00 PM",2024,,cluster 13,theft f/auto,391611.19,property|theft f/auto,"38.9437019154,-77.0967671204",-77.0967671204,3D,4200 - 4299 block of 49th street nw,3,2,others,property,205,"12/20/2024, 1:27:00 PM",141761.03,000904,2D2,38.9437019154,24196877,"12/20/2024, 4:56:57 PM",7
001002 2,midnight,assault w/dangerous weapon,,precinct 29,"8/31/2025, 3:05:00 AM",2025,,cluster 11,assault w/dangerous weapon,393344.88,violent|assault w/dangerous weapon,"38.9426890947,-77.0767674562",-77.0767674562,3A,4100 - 4199 block of wisconsin avenue nw,3,2,knife,violent,202,"8/31/2025, 2:50:00 AM",141646.95,001002,2D1,38.9426890947,25132833,"8/31/2025, 3:51:29 AM",3
000600 4,evening,theft f/auto,,precinct 27,"9/6/2025, 5:38:00 PM",2025,,cluster 15,theft f/auto,393763.81,property|theft f/auto,"38.9362831305,-77.0719285937",-77.0719285937,3A,3600 - 3687 block of ordway street nw,3,2,others,property,203,"9/6/2025, 10:00:00 AM",140935.49,000600,2D1,38.9362831305,25136444,"9/6/2025, 5:38:24 PM",7
000903 2,midnight,theft/other,,precinct 9,"11/11/2025, 6:40:00 PM",2025,,cluster 13,theft/other,391696.79,property|theft/other,"38.945126307,-77.0957816153",-77.0957816153,3D,4800 - 4899 block of massachusetts avenue nw,3,2,others,property,205,"11/11/2025, 6:01:00 PM",141919.06,000903,2D2,38.945126307,25171797,"11/12/2025, 12:04:44 AM",6
000600 3,evening,theft f/auto,,precinct 27,"11/23/2022, 8:19:00 PM",2022,,cluster 15,theft f/auto,393782,property|theft f/auto,"38.9325313932,-77.0717150154",-77.0717150154,3A,3600 - 3699 block of lowell street nw,3,2,others,property,204,"11/23/2022, 7:19:00 PM",140519,000600,2D2,38.9325313932,22170979,"11/23/2022, 8:08:37 PM",7
000803 2,evening,theft f/auto,,precinct 10,"4/1/2025, 4:05:00 PM",2025,,cluster 14,theft f/auto,392544.93,property|theft f/auto,"38.9337607693,-77.0859841914",-77.0859841914,3B,3300 - 3399 block of new mexico avenue nw,3,2,others,property,205,"4/1/2025, 7:00:00 AM",140656.54,000803,2D2,38.9337607693,25047224,"4/1/2025, 4:50:21 PM",7
001004 2,day,theft/other,,precinct 31,"4/26/2024, 2:30:00 PM",2024,,cluster 11,theft/other,393070.63,property|theft/other,"38.9483570552,-77.0799373128",-77.0799373128,3E,4500 - 4537 block of wisconsin avenue nw,3,2,others,property,202,"4/26/2024, 1:50:00 PM",142276.38,001004,2D1,38.9483570552,24077351,"5/23/2024, 7:11:20 AM",6
000600 3,evening,theft f/auto,,precinct 27,"10/24/2022, 1:00:00 PM",2022,,cluster 15,theft f/auto,393784,property|theft f/auto,"38.9346303412,-77.071694059",-77.071694059,3A,3600 - 3699 block of newark street nw,3,2,others,property,203,"10/24/2022, 11:00:00 AM",140752,000600,2D1,38.9346303412,22155191,"10/25/2022, 5:44:30 PM",7
001004 2,day,theft/other,,precinct 31,"9/13/2023, 1:50:00 PM",2023,,cluster 11,theft/other,393070.63,property|theft/other,"38.9483570552,-77.0799373128",-77.0799373128,3E,4500 - 4537 block of wisconsin avenue nw,3,2,others,property,202,"9/13/2023, 1:20:00 PM",142276.38,001004,2D1,38.9483570552,23151295,"9/13/2023, 2:00:55 PM",6
001002 2,evening,theft/other,,precinct 29,"8/14/2026, 2:00:00 PM",2026,,cluster 14,theft/other,393254.53,property|theft/other,"38.9400305108,-77.0778067509",-77.0778067509,3A,10 - 99 block of ridge square nw,3,2,others,property,204,"8/14/2026, 9:00:00 AM",141351.9,001002,2D2,38.9400305108,26114378,"8/14/2026, 6:46:46 PM",6
001004 2,evening,theft f/auto,,precinct 31,"8/19/2026, 6:15:00 PM",2026,,cluster 11,theft f/auto,392527.88,property|theft f/auto,"38.9515741439,-77.0862023767",-77.0862023767,3E,4700 - 4799 block of 44th street nw,3,2,others,property,202,"8/11/2026, 1:00:00 PM",142634,001004,2D1,38.9515741439,26117023,"8/19/2026, 6:17:41 PM",7
001002 4,day,theft/other,,precinct 29,"3/16/2025, 12:13:00 PM",2025,,cluster 14,theft/other,393645.65,property|theft/other,"38.934751414,-77.0732898841",-77.0732898841,3A,3700 - 3749 block of newark street nw,3,2,others,property,204,"3/16/2025, 12:11:00 PM",140765.55,001002,2D2,38.934751414,25037814,"3/17/2025, 7:10:21 AM",6
001200 4,day,theft f/auto,,precinct 33,"4/24/2023, 7:00:00 AM",2023,,cluster 11,theft f/auto,393875,property|theft f/auto,"38.9422069536,-77.0706519914",-77.0706519914,3F,3600 - 3699 block of upton street nw,3,2,others,property,202,"4/23/2023, 7:30:00 PM",141593,001200,2D1,38.9422069536,23065912,"4/28/2023, 2:55:55 PM",7
001002 4,evening,theft/other,,precinct 29,"3/4/2026, 9:17:00 PM",2026,,cluster 14,theft/other,393645.65,property|theft/other,"38.934751414,-77.0732898841",-77.0732898841,3A,3700 - 3749 block of newark street nw,3,2,others,property,204,"3/4/2026, 9:13:00 PM",140765.55,001002,2D2,38.934751414,26028764,"3/4/2026, 10:42:08 PM",6
001100 4,evening,theft/other,,precinct 32,,2025,,cluster 11,theft/other,393039.43,property|theft/other,"38.9492466458,-77.0802982386",-77.0802982386,3E,4530 - 4599 block of wisconsin avenue nw,3,2,others,property,202,"6/23/2025, 8:12:00 PM",142375.16,001100,2D1,38.9492466458,25094331,"6/23/2025, 8:53:26 PM",6
001100 4,day,burglary,,precinct 32,"12/2/2024, 8:28:00 AM",2024,,cluster 11,burglary,393070.63,property|burglary,"38.9483570552,-77.0799373128",-77.0799373128,3E,4500 - 4537 block of wisconsin avenue nw,3,2,others,property,202,"12/2/2024, 7:25:00 AM",142276.38,001100,2D1,38.9483570552,24186520,"12/2/2024, 8:56:35 AM",5
000804 3,day,robbery,,precinct 10,"9/15/2023, 12:01:00 PM",2023,,cluster 13,robbery,392810.81,violent|robbery,"38.9283795329,-77.0829113653",-77.0829113653,3D,2900 - 3033 block of new mexico avenue nw,3,2,others,violent,205,"9/15/2023, 12:00:00 PM",140058.93,000804,2D2,38.9283795329,23152569,"9/15/2023, 2:27:26 PM",4
001004 3,day,theft f/auto,,precinct 30,"4/17/2023, 3:05:00 PM",2023,,cluster 11,theft f/auto,392631,property|theft f/auto,"38.9431612862,-77.0850026967",-77.0850026967,3E,4300 - 4399 block of van ness street nw,3,2,others,property,202,"4/17/2023, 3:00:00 PM",141700,001004,2D1,38.9431612862,23062596,"4/22/2023, 12:19:48 PM",7
000703 2,day,theft f/auto,,precinct 28,"5/2/2023, 1:00:00 PM",2023,,cluster 14,theft f/auto,392960,property|theft f/auto,"38.9302821241,-77.0811929554",-77.0811929554,3B,4000 - 4299 block of cathedral avenue nw,3,2,others,property,204,"5/2/2023, 12:00:00 PM",140270,000703,2D2,38.9302821241,23069023,"5/3/2023, 2:32:53 PM",7
001002 2,day,theft/other,,precinct 29,"1/11/2025, 6:30:00 PM",2025,,cluster 11,theft/other,393344.88,property|theft/other,"38.9426890947,-77.0767674562",-77.0767674562,3A,4100 - 4199 block of wisconsin avenue nw,3,2,others,property,202,"1/11/2025, 6:25:00 PM",141646.95,001002,2D1,38.9426890947,25005655,"1/13/2025, 12:12:18 PM",6
001004 2,evening,theft/other,,precinct 31,"10/16/2024, 5:30:00 PM",2024,,cluster 11,theft/other,393070.63,property|theft/other,"38.9483570552,-77.0799373128",-77.0799373128,3E,4500 - 4537 block of wisconsin avenue nw,3,2,others,property,202,"10/16/2024, 4:15:00 PM",142276.38,001004,2D1,38.9483570552,24160609,"10/16/2024, 5:43:35 PM",6
001004 2,day,theft/other,,precinct 31,"1/30/2026, 9:29:00 AM",2026,,cluster 11,theft/other,393070.63,property|theft/other,"38.9483570552,-77.0799373128",-77.0799373128,3E,4500 - 4537 block of wisconsin avenue nw,3,2,others,property,202,"1/30/2026, 8:27:00 AM",142276.38,001004,2D1,38.9483570552,26013066,"1/31/2026, 8:22:27 AM",6
000904 1,day,theft f/auto,,precinct 8,,2023,,cluster 13,theft f/auto,391246.32,property|theft f/auto,"38.9324262829,-77.1009600248",-77.1009600248,3D,5000 - 5049 block of lowell street nw,3,2,others,property,205,"9/1/2023, 1:34:00 PM",140509.73,000904,2D2,38.9324262829,23144143,"9/1/2023, 2:14:54 PM",7
001002 2,day,theft/other,,precinct 29,"3/1/2025, 11:30:00 AM",2025,,cluster 14,theft/other,393391.9,property|theft/other,"38.9417022317,-77.0762240207",-77.0762240207,3A,4000 - 4099 block of wisconsin avenue nw,3,2,others,property,204,"3/1/2025, 11:19:00 AM",141537.36,001002,2D2,38.9417022317,25029733,"3/1/2025, 1:43:12 PM",6
000804 3,day,theft f/auto,,precinct 10,"7/11/2024, 4:00:00 AM",2024,,cluster 13,theft f/auto,392524.84,property|theft f/auto,"38.9308099297,-77.0862123346",-77.0862123346,3D,3034 - 3099 block of 44th street nw,3,2,others,property,205,"6/16/2024, 12:00:00 PM",140328.99,000804,2D2,38.9308099297,24106172,"7/11/2024, 1:02:42 PM",7
001002 4,day,theft/other,,precinct 29,"7/13/2024, 11:45:00 AM",2024,,cluster 14,theft/other,393720.86,property|theft/other,"38.9340623694,-77.0724217259",-77.0724217259,3A,3300 - 3399 block of wisconsin avenue nw,3,2,others,property,204,"7/13/2024, 10:39:00 AM",140689,001002,2D2,38.9340623694,24107253,"7/13/2024, 12:13:10 PM",6
001004 2,day,theft/other,,precinct 31,"4/6/2023, 1:05:00 PM",2023,,cluster 11,theft/other,393070,property|theft/other,"38.9483536271,-77.0799445766",-77.0799445766,3E,4500 - 4537 block of wisconsin avenue nw,3,2,others,property,202,"4/6/2023, 1:02:00 PM",142276,001004,2D1,38.9483536271,23053313,"4/6/2023, 1:37:13 PM",6
001004 2,day,burglary,,precinct 31,"10/30/2024, 7:00:00 AM",2024,,cluster 11,burglary,393016.93,property|burglary,"38.9503734019,-77.0805590756",-77.0805590756,3E,4600 - 4699 block of wisconsin avenue nw,3,2,others,property,202,"10/30/2024, 12:01:00 AM",142500.26,001004,2D1,38.9503734019,24168474,"10/30/2024, 8:55:09 AM",5
001100 4,evening,assault w/dangerous weapon,,precinct 32,"7/3/2025, 5:10:00 PM",2025,,cluster 11,assault w/dangerous weapon,392976.85,violent|assault w/dangerous weapon,"38.9515608227,-77.0810228019",-77.0810228019,3E,4700 - 4799 block of wisconsin avenue nw,3,2,knife,violent,202,"7/3/2025, 3:10:00 PM",142632.11,001100,2D1,38.9515608227,25099949,"7/3/2025, 5:45:36 PM",3
001004 2,evening,motor vehicle theft,,precinct 31,"7/16/2025, 6:45:00 PM",2025,,cluster 11,motor vehicle theft,392978.18,property|motor vehicle theft,"38.9496874735,-77.0810053294",-77.0810053294,3E,4100 - 4151 block of brandywine street nw,3,2,others,property,202,"7/16/2025, 7:30:00 AM",142424.15,001004,2D1,38.9496874735,25107564,"7/17/2025, 10:11:43 PM",8
001002 2,midnight,motor vehicle theft,,precinct 29,"4/5/2023, 12:16:00 AM",2023,,cluster 11,motor vehicle theft,393344,property|motor vehicle theft,"38.9426805302,-77.0767775979",-77.0767775979,3A,4100 - 4199 block of wisconsin avenue nw,3,2,others,property,202,"4/4/2023, 11:16:00 PM",141646,001002,2D1,38.9426805302,23052320,"4/5/2023, 12:22:20 AM",8
001003 1,evening,theft f/auto,,precinct 31,"5/31/2023, 8:00:00 AM",2023,,cluster 11,theft f/auto,391611,property|theft f/auto,"38.9483499139,-77.0967756217",-77.0967756217,3E,4500 - 4521 block of 49th street nw,3,2,others,property,202,"5/30/2023, 9:30:00 PM",142277,001003,2D1,38.9483499139,23086444,"5/31/2023, 10:22:56 PM",7
001002 3,evening,sex abuse,,precinct 29,"4/14/2024, 3:00:00 AM",2024,,cluster 14,sex abuse,393521.70626394,violent|sex abuse,"38.9367734148,-77.0747215473",-77.0747215473,3A,porter street nw and 38th street nw,3,2,others,violent,204,"4/14/2024, 2:00:00 AM",140990.11033627,001002,2D2,38.9367734148,24056636,"4/15/2024, 7:48:44 PM",2
001002 4,day,theft/other,,precinct 29,"3/26/2024, 6:22:00 AM",2024,,cluster 14,theft/other,393550.16,property|theft/other,"38.9360923238,-77.0743926472",-77.0743926472,3A,3400 - 3499 block of 38th street nw,3,2,others,property,204,"3/25/2024, 11:00:00 PM",140914.48,001002,2D2,38.9360923238,24047102,"3/29/2024, 1:35:25 PM",6
001002 4,evening,theft/other,,precinct 29,"4/29/2024, 8:09:00 PM",2024,,cluster 14,theft/other,393645.65,property|theft/other,"38.934751414,-77.0732898841",-77.0732898841,3A,3700 - 3749 block of newark street nw,3,2,others,property,204,"4/29/2024, 7:51:00 PM",140765.55,001002,2D2,38.934751414,24064246,"4/29/2024, 9:15:46 PM",6
000600 3,day,theft f/auto,,precinct 27,"10/30/2022, 10:50:00 AM",2022,,cluster 15,theft f/auto,393720,property|theft f/auto,"38.9340623633,-77.0724316449",-77.0724316449,3A,3300 - 3399 block of wisconsin avenue nw,3,2,others,property,203,"10/30/2022, 2:00:00 AM",140689,000600,2D1,38.9340623633,22157703,"10/30/2022, 11:24:41 AM",7
001100 4,midnight,theft/other,,precinct 32,"10/22/2022, 1:58:00 AM",2022,,cluster 11,theft/other,393039,property|theft/other,"38.949245201,-77.0803031975",-77.0803031975,3E,4530 - 4599 block of wisconsin avenue nw,3,2,others,property,202,"10/22/2022, 12:41:00 AM",142375,001100,2D1,38.949245201,22153288,"10/22/2022, 2:06:07 AM",6
001004 2,day,theft f/auto,,precinct 31,,2023,,cluster 11,theft f/auto,392423,property|theft f/auto,"38.9487896901,-77.0874089145",-77.0874089145,3E,4400 - 4499 block of butterworth place nw,3,2,others,property,202,"4/20/2023, 10:55:00 AM",142325,001004,2D1,38.9487896901,23061421,"4/20/2023, 11:20:09 AM",7
000704 1,evening,theft/other,,precinct 28,"11/29/2022, 6:00:00 PM",2022,,cluster 14,theft/other,393681,property|theft/other,"38.9304407462,-77.0728777576",-77.0728777576,3A,3000 - 3199 block of wisconsin avenue nw,3,2,others,property,204,"11/27/2022, 9:00:00 AM",140287,000704,2D2,38.9304407462,22175394,"12/2/2022, 4:22:35 PM",6
000600 3,day,theft f/auto,,precinct 27,"3/22/2023, 10:44:00 AM",2023,,cluster 15,theft f/auto,393720,property|theft f/auto,"38.9340623633,-77.0724316449",-77.0724316449,3A,3300 - 3399 block of wisconsin avenue nw,3,2,others,property,203,"3/22/2023, 9:27:00 AM",140689,000600,2D1,38.9340623633,23044284,"3/22/2023, 12:34:17 PM",7
001002 4,day,theft/other,,precinct 29,"9/1/2025, 8:29:00 AM",2025,,cluster 14,theft/other,393645.65,property|theft/other,"38.934751414,-77.0732898841",-77.0732898841,3A,3700 - 3749 block of newark street nw,3,2,others,property,204,"9/1/2025, 8:04:00 AM",140765.55,001002,2D2,38.934751414,25133371,"9/1/2025, 8:38:39 AM",6
001100 4,evening,theft/other,,precinct 32,"4/13/2023, 4:43:00 PM",2023,,cluster 11,theft/other,393113,property|theft/other,"38.9474891709,-77.0794475645",-77.0794475645,3E,4404 - 4499 block of wisconsin avenue nw,3,2,others,property,202,"4/13/2023, 4:23:00 PM",142180,001100,2D1,38.9474891709,23057492,"4/13/2023, 4:51:59 PM",6
000804 3,midnight,homicide,,precinct 10,"10/8/2022, 9:30:00 PM",2023,,cluster 13,homicide,392687.2,violent|homicide,"38.9282578016,-77.084336789",-77.084336789,3D,2900 - 2999 block of glover driveway nw,3,2,others,violent,205,"10/7/2022, 9:30:00 AM",140045.53,000804,2D2,38.9282578016,22146240,"9/26/2023, 12:00:00 AM",1
000903 2,day,burglary,,precinct 9,,2023,,cluster 13,burglary,391875,property|burglary,"38.9431546195,-77.0937232823",-77.0937232823,3D,4710 - 4803 block of van ness street nw,3,2,others,property,205,"1/18/2023, 12:36:00 PM",141700,000903,2D2,38.9431546195,23009416,"1/18/2023, 1:53:17 PM",5
001100 4,evening,theft/other,,precinct 32,"12/14/2024, 3:40:00 PM",2024,,cluster 11,theft/other,393039.43,property|theft/other,"38.9492466458,-77.0802982386",-77.0802982386,3E,4530 - 4599 block of wisconsin avenue nw,3,2,others,property,202,"12/14/2024, 2:50:00 PM",142375.16,001100,2D1,38.9492466458,24193505,"12/14/2024, 5:29:30 PM",6
001004 2,evening,theft/other,,precinct 31,"4/27/2024, 2:12:00 PM",2024,,cluster 11,theft/other,393070.63,property|theft/other,"38.9483570552,-77.0799373128",-77.0799373128,3E,4500 - 4537 block of wisconsin avenue nw,3,2,others,property,202,"4/27/2024, 1:43:00 PM",142276.38,001004,2D1,38.9483570552,24062978,"4/27/2024, 3:46:02 PM",6
001004 2,evening,theft/other,,precinct 31,"3/4/2024, 1:51:00 PM",2024,,cluster 11,theft/other,393070.63,property|theft/other,"38.9483570552,-77.0799373128",-77.0799373128,3E,4500 - 4537 block of wisconsin avenue nw,3,2,others,property,202,"3/4/2024, 12:55:00 PM",142276.38,001004,2D1,38.9483570552,24038407,"3/13/2024, 9:13:57 PM",6
000600 4,evening,theft/other,,precinct 29,"8/22/2024, 8:04:00 PM",2024,,cluster 15,theft/other,393641.44,property|theft/other,"38.9381520148,-77.0733419395",-77.0733419395,3A,3700 - 3799 block of quebec street nw,3,2,others,property,203,"8/22/2024, 7:36:00 PM",141143.05,000600,2D1,38.9381520148,24129350,"8/23/2024, 5:47:47 PM",6
001002 2,day,theft/other,,precinct 29,"4/27/2025, 1:10:00 PM",2025,,cluster 14,theft/other,393391.9,property|theft/other,"38.9417022317,-77.0762240207",-77.0762240207,3A,4000 - 4099 block of wisconsin avenue nw,3,2,others,property,204,"4/27/2025, 11:40:00 AM",141537.36,001002,2D2,38.9417022317,25061335,"4/27/2025, 2:05:17 PM",6
001100 4,evening,theft/other,,precinct 32,"9/17/2025, 5:09:00 PM",2025,,cluster 11,theft/other,393173.95,property|theft/other,"38.9487916125,-77.0787458915",-77.0787458915,3E,4500 - 4599 block of 40th street nw,3,2,others,property,202,"9/17/2025, 5:08:00 PM",142324.53,001100,2D1,38.9487916125,25142421,"9/17/2025, 7:32:54 PM",6
001100 4,evening,theft/other,,precinct 32,"12/12/2025, 9:10:00 PM",2025,,cluster 11,theft/other,393173.95,property|theft/other,"38.9487916125,-77.0787458915",-77.0787458915,3E,4500 - 4599 block of 40th street nw,3,2,others,property,202,"12/12/2025, 8:44:00 PM",142324.53,001100,2D1,38.9487916125,25187159,"12/12/2025, 9:09:39 PM",6
000703 2,day,theft f/auto,,precinct 28,"10/18/2024, 6:00:00 AM",2024,,cluster 14,theft f/auto,392960.84,property|theft f/auto,"38.9302858242,-77.0811832718",-77.0811832718,3B,4000 - 4299 block of cathedral avenue nw,3,2,others,property,204,"10/17/2024, 6:00:00 PM",140270.41,000703,2D2,38.9302858242,24161489,"10/18/2024, 9:45:16 AM",7
001002 2,midnight,theft/other,,precinct 29,"12/21/2023, 6:40:00 AM",2023,,cluster 14,theft/other,393254.53,property|theft/other,"38.9400305108,-77.0778067509",-77.0778067509,3A,10 - 99 block of ridge square nw,3,2,others,property,204,"12/21/2023, 6:30:00 AM",141351.9,001002,2D2,38.9400305108,23206829,"12/22/2023, 6:04:27 AM",6
001003 2,evening,theft f/auto,,precinct 31,"9/10/2024, 2:45:00 PM",2024,,cluster 11,theft f/auto,391822.85,property|theft f/auto,"38.9515722778,-77.0943359805",-77.0943359805,3E,4700 - 4799 block of 48th street nw,3,2,others,property,202,"9/10/2024, 11:30:00 AM",142634.49,001003,2D1,38.9515722778,24139920,"9/10/2024, 8:52:00 PM",7
001002 4,evening,theft/other,,precinct 29,"5/29/2023, 3:30:00 PM",2023,,cluster 14,theft/other,393720,property|theft/other,"38.9340623633,-77.0724316449",-77.0724316449,3A,3300 - 3399 block of wisconsin avenue nw,3,2,others,property,204,"5/29/2023, 3:00:00 PM",140689,001002,2D2,38.9340623633,23085720,"5/30/2023, 7:34:18 PM",6
001002 4,evening,theft/other,,precinct 29,"4/25/2025, 9:11:00 PM",2025,,cluster 14,theft/other,393645.65,property|theft/other,"38.934751414,-77.0732898841",-77.0732898841,3A,3700 - 3749 block of newark street nw,3,2,others,property,204,"4/25/2025, 8:16:00 PM",140765.55,001002,2D2,38.934751414,25060500,"4/25/2025, 9:15:35 PM",6
001100 4,evening,theft/other,,precinct 32,"12/10/2024, 10:00:00 PM",2024,,cluster 11,theft/other,393070.63,property|theft/other,"38.9483570552,-77.0799373128",-77.0799373128,3E,4500 - 4537 block of wisconsin avenue nw,3,2,others,property,202,"12/10/2024, 9:50:00 PM",142276.38,001100,2D1,38.9483570552,24191593,"12/10/2024, 10:34:40 PM",6
001004 2,evening,theft/other,,precinct 31,"8/4/2026, 2:49:00 PM",2026,,cluster 11,theft/other,393070.63,property|theft/other,"38.9483570552,-77.0799373128",-77.0799373128,3E,4500 - 4537 block of wisconsin avenue nw,3,2,others,property,202,"8/4/2026, 2:46:00 PM",142276.38,001004,2D1,38.9483570552,26109019,"8/4/2026, 3:34:01 PM",6
001002 2,day,motor vehicle theft,,precinct 29,"7/25/2023, 8:00:00 AM",2023,,cluster 14,motor vehicle theft,393240.35,property|motor vehicle theft,"38.9367774178,-77.077966755",-77.077966755,3A,3900 - 3999 block of langley court nw,3,2,others,property,204,"7/24/2023, 5:30:00 PM",140990.79,001002,2D2,38.9367774178,23120526,"7/25/2023, 9:05:50 AM",8
001100 4,evening,theft/other,,precinct 32,"6/30/2025, 7:54:00 PM",2025,,cluster 11,theft/other,393194.51,property|theft/other,"38.9487768183,-77.0785086932",-77.0785086932,3E,4500 - 4599 block of fort drive nw,3,2,others,property,202,"6/30/2025, 6:33:00 PM",142322.87,001100,2D1,38.9487768183,25098261,"6/30/2025, 7:53:14 PM",6
001100 4,evening,theft/other,,precinct 32,"5/5/2023, 7:50:00 PM",2023,,cluster 11,theft/other,393039,property|theft/other,"38.949245201,-77.0803031975",-77.0803031975,3E,4530 - 4599 block of wisconsin avenue nw,3,2,others,property,202,"5/5/2023, 7:17:00 PM",142375,001100,2D1,38.949245201,23070580,"5/5/2023, 7:54:18 PM",6
000903 2,day,theft/other,,precinct 9,"6/29/2023, 5:40:00 PM",2023,,cluster 13,theft/other,391950.45,property|theft/other,"38.9429919039,-77.0928527413",-77.0928527413,3D,4700 - 4720 block of massachusetts avenue nw,3,2,others,property,205,"6/29/2023, 11:40:00 AM",141681.86,000903,2D2,38.9429919039,23423358,"8/9/2023, 12:52:28 PM",6
000904 2,day,theft f/auto,,precinct 9,"7/12/2023, 3:30:00 PM",2023,,cluster 13,theft f/auto,391126.13,property|theft f/auto,"38.9406735198,-77.1023580687",-77.1023580687,3D,3900 - 4050 block of 52nd street nw,3,2,others,property,205,"7/12/2023, 12:30:00 PM",141425.38,000904,2D2,38.9406735198,23115156,"7/16/2023, 2:38:20 PM",7
001100 4,evening,theft/other,,precinct 32,"11/22/2024, 5:30:00 PM",2024,,cluster 11,theft/other,393173.95,property|theft/other,"38.9487916125,-77.0787458915",-77.0787458915,3E,4500 - 4599 block of 40th street nw,3,2,others,property,202,"11/22/2024, 4:18:00 PM",142324.53,001100,2D1,38.9487916125,24181710,"11/22/2024, 5:21:42 PM",6
001002 2,midnight,theft/other,,precinct 29,"4/28/2024, 6:55:00 PM",2024,,cluster 14,theft/other,393254.53,property|theft/other,"38.9400305108,-77.0778067509",-77.0778067509,3A,10 - 99 block of ridge square nw,3,2,others,property,204,"4/28/2024, 6:45:00 PM",141351.9,001002,2D2,38.9400305108,24064268,"4/30/2024, 6:56:53 AM",6
000903 2,evening,theft/other,,precinct 9,"7/27/2025, 6:05:00 PM",2025,,cluster 13,theft/other,391696.79,property|theft/other,"38.945126307,-77.0957816153",-77.0957816153,3D,4800 - 4899 block of massachusetts avenue nw,3,2,others,property,205,"7/27/2025, 6:00:00 PM",141919.06,000903,2D2,38.945126307,25113829,"7/27/2025, 8:43:30 PM",6
001100 4,day,theft/other,,precinct 32,"4/17/2024, 8:57:00 AM",2024,,cluster 11,theft/other,393039.43,property|theft/other,"38.9492466458,-77.0802982386",-77.0802982386,3E,4530 - 4599 block of wisconsin avenue nw,3,2,others,property,202,"4/17/2024, 7:29:00 AM",142375.16,001100,2D1,38.9492466458,24057429,"4/17/2024, 12:52:34 PM",6
001004 2,day,motor vehicle theft,,precinct 31,"3/8/2026, 1:27:00 PM",2026,,cluster 11,motor vehicle theft,392317.13,property|motor vehicle theft,"38.9515749383,-77.0886337033",-77.0886337033,3E,4700 - 4799 block of 45th street nw,3,2,others,property,202,"3/8/2026, 12:50:00 PM",142634.29,001004,2D1,38.9515749383,26030463,"3/8/2026, 1:27:23 PM",8
001002 4,day,theft/other,,precinct 29,"3/30/2025, 8:10:00 AM",2025,,cluster 14,theft/other,393645.65,property|theft/other,"38.934751414,-77.0732898841",-77.0732898841,3A,3700 - 3749 block of newark street nw,3,2,others,property,204,"3/30/2025, 8:05:00 AM",140765.55,001002,2D2,38.934751414,25045776,"3/30/2025, 8:27:10 AM",6
000600 3,day,theft/other,,precinct 27,"3/7/2025, 5:00:00 AM",2025,,cluster 15,theft/other,393716.95,property|theft/other,"38.9330137754,-77.072465757",-77.072465757,3A,3201 - 3299 block of wisconsin avenue nw,3,2,others,property,204,"3/4/2025, 3:00:00 PM",140572.6,000600,2D2,38.9330137754,25032890,"3/7/2025, 11:32:39 AM",6
000600 4,day,theft f/auto,,precinct 29,"9/7/2025, 6:15:00 PM",2025,,cluster 15,theft f/auto,393528.27,property|theft f/auto,"38.938840593,-77.0746480046",-77.0746480046,3A,3700 - 3899 block of wisconsin avenue nw,3,2,others,property,203,"9/7/2025, 4:45:00 PM",141219.58,000600,2D1,38.938840593,25423911,"9/9/2025, 12:03:43 PM",7
001004 2,evening,theft/other,,precinct 31,"6/10/2026, 3:13:00 PM",2026,,cluster 11,theft/other,393070.63,property|theft/other,"38.9483570552,-77.0799373128",-77.0799373128,3E,4500 - 4537 block of wisconsin avenue nw,3,2,others,property,202,"6/10/2026, 3:05:00 PM",142276.38,001004,2D1,38.9483570552,26079680,"6/10/2026, 4:06:36 PM",6
001004 2,day,theft f/auto,,precinct 31,"11/28/2025, 11:00:00 AM",2025,,cluster 11,theft f/auto,392632.29,property|theft f/auto,"38.9503654856,-77.0849964055",-77.0849964055,3E,4600 - 4699 block of 43rd place nw,3,2,others,property,202,"11/27/2025, 9:15:00 AM",142499.73,001004,2D1,38.9503654856,25425153,"11/28/2025, 1:31:39 PM",7
000903 1,day,theft/other,,precinct 9,"4/26/2024, 2:02:00 PM",2024,,cluster 13,theft/other,392375.89,property|theft/other,"38.9394013931,-77.0879407978",-77.0879407978,3E,4400 - 4500 block of massachusetts avenue nw,3,2,others,property,205,"4/26/2024, 1:34:00 PM",141282.86,000903,2D2,38.9394013931,24141947,"9/14/2024, 11:57:06 AM",6
000903 1,evening,theft/other,,precinct 9,"9/9/2026, 1:07:00 PM",2026,,cluster 13,theft/other,392375.89,property|theft/other,"38.9394013931,-77.0879407978",-77.0879407978,3E,4400 - 4500 block of massachusetts avenue nw,3,2,others,property,205,"9/9/2026, 1:00:00 PM",141282.86,000903,2D2,38.9394013931,26132295,"9/16/2026, 6:24:56 PM",6
001004 2,evening,motor vehicle theft,,precinct 31,"10/13/2023, 5:45:00 PM",2023,,cluster 11,motor vehicle theft,393070.63,property|motor vehicle theft,"38.9483570552,-77.0799373128",-77.0799373128,3E,4500 - 4537 block of wisconsin avenue nw,3,2,others,property,202,"10/12/2023, 10:00:00 PM",142276.38,001004,2D1,38.9483570552,23169132,"10/13/2023, 5:53:47 PM",8
001002 2,evening,theft f/auto,,precinct 29,"3/30/2024, 4:30:00 PM",2024,,cluster 14,theft f/auto,393254.53,property|theft f/auto,"38.9400305108,-77.0778067509",-77.0778067509,3A,10 - 99 block of ridge square nw,3,2,others,property,204,"3/30/2024, 4:00:00 AM",141351.9,001002,2D2,38.9400305108,24047783,"3/30/2024, 8:11:01 PM",7
001003 3,evening,theft/other,,precinct 30,"11/27/2025, 3:35:00 PM",2025,,cluster 11,theft/other,391696.79,property|theft/other,"38.945126307,-77.0957816153",-77.0957816153,3E,4800 - 4899 block of massachusetts avenue nw,3,2,others,property,202,"11/27/2025, 3:15:00 PM",141919.06,001003,2D1,38.945126307,25180013,"11/27/2025, 3:54:47 PM",6
001100 4,day,theft/other,,precinct 32,,2024,,cluster 11,theft/other,393070.63,property|theft/other,"38.9483570552,-77.0799373128",-77.0799373128,3E,4500 - 4537 block of wisconsin avenue nw,3,2,others,property,202,"11/3/2024, 1:52:00 PM",142276.38,001100,2D1,38.9483570552,24171053,"11/3/2024, 2:18:19 PM",6
001100 4,day,theft/other,,precinct 32,"5/20/2026, 12:00:00 PM",2026,,cluster 11,theft/other,393173.95,property|theft/other,"38.9487916125,-77.0787458915",-77.0787458915,3E,4500 - 4599 block of 40th street nw,3,2,others,property,202,"5/20/2026, 11:33:00 AM",142324.53,001100,2D1,38.9487916125,26068316,"5/20/2026, 12:26:45 PM",6
001004 2,day,theft/other,,precinct 31,"8/16/2023, 11:15:00 AM",2023,,cluster 11,theft/other,393070.63,property|theft/other,"38.9483570552,-77.0799373128",-77.0799373128,3E,4500 - 4537 block of wisconsin avenue nw,3,2,others,property,202,"8/16/2023, 11:00:00 AM",142276.38,001004,2D1,38.9483570552,23134589,"8/16/2023, 11:25:45 AM",6
001100 4,midnight,theft/other,,precinct 32,"6/30/2026, 4:24:00 AM",2026,,cluster 11,theft/other,393173.95,property|theft/other,"38.9487916125,-77.0787458915",-77.0787458915,3E,4500 - 4599 block of 40th street nw,3,2,others,property,202,"6/30/2026, 4:20:00 AM",142324.53,001100,2D1,38.9487916125,26090104,"6/30/2026, 4:38:56 AM",6
000903 2,evening,theft f/auto,,precinct 9,"4/26/2025, 5:09:00 PM",2025,,cluster 13,theft f/auto,391696.79,property|theft f/auto,"38.945126307,-77.0957816153",-77.0957816153,3D,4800 - 4899 block of massachusetts avenue nw,3,2,others,property,205,"4/26/2025, 2:37:00 PM",141919.06,000903,2D2,38.945126307,25060891,"4/26/2025, 4:57:33 PM",7
001002 4,evening,theft/other,,precinct 29,"11/23/2023, 3:15:00 PM",2023,,cluster 14,theft/other,393645.65,property|theft/other,"38.934751414,-77.0732898841",-77.0732898841,3A,3700 - 3749 block of newark street nw,3,2,others,property,204,"11/23/2023, 3:00:00 PM",140765.55,001002,2D2,38.934751414,23191669,"11/23/2023, 3:19:02 PM",6
000904 1,evening,theft f/auto,,precinct 8,"12/9/2023, 5:21:00 PM",2023,,cluster 13,theft f/auto,391384.12,property|theft f/auto,"38.9319850672,-77.0993701015",-77.0993701015,3D,4900 - 4999 block of weaver terrace nw,3,2,others,property,205,"12/9/2023, 3:46:00 PM",140460.6,000904,2D2,38.9319850672,23200438,"12/9/2023, 5:21:46 PM",7
000704 1,day,theft f/auto,,precinct 28,"12/12/2024, 5:00:00 AM",2024,,cluster 14,theft f/auto,393685.84,property|theft f/auto,"38.9307918346,-77.0728222959",-77.0728222959,3A,3021 - 3199 block of wisconsin avenue nw,3,2,others,property,204,"12/11/2024, 7:20:00 PM",140325.97,000704,2D2,38.9307918346,24192219,"12/12/2024, 8:50:18 AM",7
001200 4,day,theft/other,,precinct 33,,2024,,cluster 11,theft/other,393227.28,property|theft/other,"38.9451386287,-77.0781266684",-77.0781266684,3E,4300 - 4326 block of wisconsin avenue nw,3,2,others,property,202,"5/3/2024, 9:28:00 AM",141918.97,001200,2D1,38.9451386287,24066257,"5/3/2024, 10:46:33 AM",6
001002 4,day,theft/other,,precinct 29,"2/22/2023, 2:06:00 PM",2023,,cluster 14,theft/other,393528,property|theft/other,"38.9342861774,-77.0746463504",-77.0746463504,3A,3300 - 3399 block of idaho avenue nw,3,2,others,property,204,"2/13/2023, 2:06:00 PM",140714,001002,2D2,38.9342861774,23028814,"2/22/2023, 10:04:14 AM",6
001100 4,midnight,theft/other,,precinct 32,"2/15/2024, 3:10:00 AM",2024,,cluster 11,theft/other,393173.95,property|theft/other,"38.9487916125,-77.0787458915",-77.0787458915,3E,4500 - 4599 block of 40th street nw,3,2,gun,property,202,"2/15/2024, 2:42:00 AM",142324.53,001100,2D1,38.9487916125,24023669,"2/15/2024, 3:24:38 AM",6
000804 3,midnight,theft f/auto,,precinct 10,"7/4/2023, 1:15:00 PM",2023,,cluster 13,theft f/auto,392524.4,property|theft f/auto,"38.9282011206,-77.0862142548",-77.0862142548,3D,2900 - 2999 block of 44th street nw,3,2,others,property,205,"7/4/2023, 12:45:00 PM",140039.39,000804,2D2,38.9282011206,23108107,"7/5/2023, 3:28:24 AM",7
001200 4,day,theft f/auto,,precinct 33,"12/4/2024, 6:15:00 PM",2024,,cluster 12,theft f/auto,393863.28,property|theft f/auto,"38.9462783449,-77.0707912246",-77.0707912246,3F,3600 - 3649 block of yuma street nw,3,2,others,property,203,"12/4/2024, 5:00:00 PM",142044.97,001200,2D1,38.9462783449,24188405,"12/5/2024, 1:29:58 PM",7
001002 2,day,theft/other,,precinct 29,"5/22/2026, 1:17:00 PM",2026,,cluster 14,theft/other,393254.53,property|theft/other,"38.9400305108,-77.0778067509",-77.0778067509,3A,10 - 99 block of ridge square nw,3,2,others,property,204,"5/22/2026, 12:45:00 PM",141351.9,001002,2D2,38.9400305108,26069393,"5/22/2026, 1:40:28 PM",6
001004 2,evening,theft/other,,precinct 31,,2024,,cluster 11,theft/other,393070.63,property|theft/other,"38.9483570552,-77.0799373128",-77.0799373128,3E,4500 - 4537 block of wisconsin avenue nw,3,2,others,property,202,"10/19/2024, 2:40:00 PM",142276.38,001004,2D1,38.9483570552,24162297,"10/19/2024, 3:16:14 PM",6
001004 2,day,theft/other,,precinct 31,"3/8/2026, 8:36:00 AM",2026,,cluster 11,theft/other,393070.63,property|theft/other,"38.9483570552,-77.0799373128",-77.0799373128,3E,4500 - 4537 block of wisconsin avenue nw,3,2,others,property,202,"3/8/2026, 8:33:00 AM",142276.38,001004,2D1,38.9483570552,26030426,"3/8/2026, 11:12:49 AM",6
001100 4,day,theft/other,,precinct 32,"2/10/2023, 12:52:00 AM",2023,,cluster 11,theft/other,393106,property|theft/other,"38.9507230858,-77.0795319236",-77.0795319236,3E,4000 - 4099 block of chesapeake street nw,3,2,others,property,202,"2/10/2023, 12:46:00 AM",142539,001100,2D1,38.9507230858,23420759,"2/10/2023, 9:52:30 AM",6
001004 3,evening,theft/other,,precinct 30,"6/28/2025, 3:30:00 PM",2025,,cluster 11,theft/other,393113.91,property|theft/other,"38.9474950334,-77.0794370733",-77.0794370733,3E,4404 - 4499 block of wisconsin avenue nw,3,2,others,property,202,"6/28/2025, 11:00:00 AM",142180.65,001004,2D1,38.9474950334,25096995,"6/28/2025, 3:25:19 PM",6
001100 4,evening,theft/other,,precinct 32,,2026,,cluster 11,theft/other,393173.95,property|theft/other,"38.9487916125,-77.0787458915",-77.0787458915,3E,4500 - 4599 block of 40th street nw,3,2,others,property,202,"3/9/2026, 5:25:00 PM",142324.53,001100,2D1,38.9487916125,26031057,"3/9/2026, 6:02:27 PM",6
000904 1,day,theft/other,,precinct 8,"12/8/2025, 7:25:00 PM",2025,,cluster 13,theft/other,391431.23,property|theft/other,"38.9315250235,-77.0988261267",-77.0988261267,3D,4900 - 4999 block of klingle street nw,3,2,others,property,205,"12/8/2025, 7:15:00 PM",140409.48,000904,2D2,38.9315250235,25425307,"12/9/2025, 10:31:35 AM",6
001002 2,evening,theft/other,,precinct 30,"9/29/2023, 6:59:00 PM",2023,,cluster 11,theft/other,393303.37,property|theft/other,"38.9435542951,-77.0772472157",-77.0772472157,3A,4200 - 4226 block of wisconsin avenue nw,3,2,others,property,202,"9/29/2023, 6:17:00 PM",141743.03,001002,2D1,38.9435542951,23160833,"9/29/2023, 8:30:01 PM",6
000903 2,evening,theft/other,,precinct 9,"8/16/2026, 2:00:00 PM",2026,,cluster 13,theft/other,391970.6,property|theft/other,"38.9417428196,-77.0926186852",-77.0926186852,3D,4000 - 4099 block of 47th street nw,3,2,others,property,205,"8/16/2026, 1:00:00 PM",141543.18,000903,2D2,38.9417428196,26115304,"8/16/2026, 4:47:48 PM",6
001004 2,day,theft/other,,precinct 31,"7/22/2023, 2:24:00 PM",2023,,cluster 11,theft/other,393070.63,property|theft/other,"38.9483570552,-77.0799373128",-77.0799373128,3E,4500 - 4537 block of wisconsin avenue nw,3,2,others,property,202,"7/22/2023, 1:53:00 PM",142276.38,001004,2D1,38.9483570552,23118837,"7/22/2023, 2:26:41 PM",6
001002 4,evening,theft/other,,precinct 29,"12/4/2024, 6:04:00 PM",2024,,cluster 14,theft/other,393645.65,property|theft/other,"38.934751414,-77.0732898841",-77.0732898841,3A,3700 - 3749 block of newark street nw,3,2,others,property,204,"12/3/2024, 5:44:00 PM",140765.55,001002,2D2,38.934751414,24187443,"12/3/2024, 6:04:46 PM",6
001004 2,evening,theft/other,,precinct 31,"12/18/2025, 8:57:00 PM",2025,,cluster 11,theft/other,393070.63,property|theft/other,"38.9483570552,-77.0799373128",-77.0799373128,3E,4500 - 4537 block of wisconsin avenue nw,3,2,others,property,202,"12/18/2025, 8:47:00 PM",142276.38,001004,2D1,38.9483570552,25190090,"12/18/2025, 10:57:25 PM",6
001002 2,evening,theft/other,,precinct 29,"9/10/2023, 5:40:00 PM",2023,,cluster 14,theft/other,393254.53,property|theft/other,"38.9400305108,-77.0778067509",-77.0778067509,3A,10 - 99 block of ridge square nw,3,2,others,property,204,"9/10/2023, 5:35:00 PM",141351.9,001002,2D2,38.9400305108,23149572,"9/10/2023, 6:34:10 PM",6
001002 2,evening,theft/other,,precinct 29,"7/30/2026, 12:09:00 AM",2026,,cluster 14,theft/other,393254.53,property|theft/other,"38.9400305108,-77.0778067509",-77.0778067509,3A,10 - 99 block of ridge square nw,3,2,others,property,204,"7/29/2026, 11:57:00 PM",141351.9,001002,2D2,38.9400305108,26106162,"7/30/2026, 7:38:34 PM",6
001002 2,day,theft/other,,precinct 29,"8/6/2026, 2:00:00 PM",2026,,cluster 14,theft/other,393254.53,property|theft/other,"38.9400305108,-77.0778067509",-77.0778067509,3A,10 - 99 block of ridge square nw,3,2,others,property,204,"8/6/2026, 1:13:00 PM",141351.9,001002,2D2,38.9400305108,26110069,"8/6/2026, 2:14:08 PM",6
000903 2,evening,theft/other,,precinct 9,"10/16/2022, 8:04:00 PM",2022,,cluster 13,theft/other,391696.79,property|theft/other,"38.945126307,-77.0957816153",-77.0957816153,3D,4800 - 4899 block of massachusetts avenue nw,3,2,others,property,205,"10/16/2022, 7:00:00 PM",141919.06,000903,2D2,38.945126307,22150411,"10/16/2022, 8:12:11 PM",6
001002 4,evening,theft/other,,precinct 29,"11/6/2025, 7:25:00 PM",2025,,cluster 14,theft/other,393645.65,property|theft/other,"38.934751414,-77.0732898841",-77.0732898841,3A,3700 - 3749 block of newark street nw,3,2,others,property,204,"11/6/2025, 7:15:00 PM",140765.55,001002,2D2,38.934751414,25169226,"11/6/2025, 7:39:58 PM",6
000803 2,day,theft/other,,precinct 10,"10/5/2025, 11:15:00 AM",2025,,cluster 14,theft/other,392544.93,property|theft/other,"38.9337607693,-77.0859841914",-77.0859841914,3B,3300 - 3399 block of new mexico avenue nw,3,2,others,property,205,"10/5/2025, 11:06:00 AM",140656.54,000803,2D2,38.9337607693,25151964,"10/5/2025, 11:43:41 AM",6
001002 4,evening,theft/other,,precinct 29,"11/25/2025, 7:50:00 PM",2025,,cluster 14,theft/other,393720.86,property|theft/other,"38.9340623694,-77.0724217259",-77.0724217259,3A,3300 - 3399 block of wisconsin avenue nw,3,2,others,property,204,"11/25/2025, 7:13:00 PM",140689,001002,2D2,38.9340623694,25179261,"11/25/2025, 8:25:28 PM",6
001003 3,day,theft f/auto,,precinct 30,"12/22/2024, 1:00:00 PM",2024,,cluster 11,theft f/auto,391696.79,property|theft f/auto,"38.945126307,-77.0957816153",-77.0957816153,3E,4800 - 4899 block of massachusetts avenue nw,3,2,others,property,202,"12/22/2024, 10:00:00 AM",141919.06,001003,2D1,38.945126307,24198261,"12/23/2024, 1:32:32 PM",7
001003 3,evening,theft/other,,precinct 30,"11/20/2025, 3:20:00 PM",2025,,cluster 11,theft/other,391696.79,property|theft/other,"38.945126307,-77.0957816153",-77.0957816153,3E,4800 - 4899 block of massachusetts avenue nw,3,2,others,property,202,"11/20/2025, 3:10:00 PM",141919.06,001003,2D1,38.945126307,25176378,"11/20/2025, 4:31:40 PM",6
001100 4,day,theft/other,,precinct 32,"7/13/2023, 9:00:00 PM",2023,,cluster 11,theft/other,393102.54,property|theft/other,"38.9496787299,-77.0795706737",-77.0795706737,3E,4000 - 4099 block of brandywine street nw,3,2,others,property,202,"7/13/2023, 7:00:00 PM",142423.07,001100,2D1,38.9496787299,23423056,"7/19/2023, 8:02:34 AM",6
000600 4,day,theft/other,,precinct 27,"8/9/2025, 4:45:00 PM",2025,,cluster 15,theft/other,393840.36,property|theft/other,"38.9386212326,-77.0710479911",-77.0710479911,3A,3700 - 3799 block of idaho avenue nw,3,2,others,property,203,"8/9/2025, 12:25:00 PM",141194.98,000600,2D1,38.9386212326,25423327,"8/13/2025, 8:31:02 AM",6
001002 2,midnight,theft/other,,precinct 29,"6/22/2026, 1:16:00 PM",2026,,cluster 14,theft/other,393254.53,property|theft/other,"38.9400305108,-77.0778067509",-77.0778067509,3A,10 - 99 block of ridge square nw,3,2,others,property,204,"6/22/2026, 12:59:00 PM",141351.9,001002,2D2,38.9400305108,26086090,"6/28/2026, 6:06:25 AM",6
000903 2,day,motor vehicle theft,,precinct 9,"1/3/2025, 6:45:00 AM",2025,,cluster 13,motor vehicle theft,391862.53,property|motor vehicle theft,"38.9334399643,-77.0938543367",-77.0938543367,3D,4810 - 4831 block of rockwood parkway nw,3,2,others,property,205,"1/2/2025, 9:30:00 PM",140621.6,000903,2D2,38.9334399643,25001107,"1/3/2025, 8:34:35 AM",8
001004 2,evening,theft/other,,precinct 31,,2025,,cluster 11,theft/other,393070.63,property|theft/other,"38.9483570552,-77.0799373128",-77.0799373128,3E,4500 - 4537 block of wisconsin avenue nw,3,2,others,property,202,"12/22/2025, 7:25:00 PM",142276.38,001004,2D1,38.9483570552,25191980,"12/22/2025, 8:35:15 PM",6
001100 4,evening,theft/other,,precinct 32,"8/23/2025, 6:35:00 PM",2025,,cluster 11,theft/other,393173.95,property|theft/other,"38.9487916125,-77.0787458915",-77.0787458915,3E,4500 - 4599 block of 40th street nw,3,2,others,property,202,"8/23/2025, 5:54:00 PM",142324.53,001100,2D1,38.9487916125,25128679,"8/23/2025, 6:37:59 PM",6
000703 1,day,theft f/auto,,precinct 28,"5/5/2024, 2:00:00 PM",2024,,cluster 14,theft f/auto,393245.04,property|theft f/auto,"38.9290989586,-77.0779042699",-77.0779042699,3A,3900 - 3999 block of cathedral avenue nw,3,2,others,property,204,"5/4/2024, 11:00:00 PM",140138.41,000703,2D2,38.9290989586,24067410,"5/5/2024, 2:59:11 PM",7
001004 3,day,motor vehicle theft,,precinct 30,"3/2/2026, 10:25:00 AM",2026,,cluster 11,motor vehicle theft,392812.23,property|motor vehicle theft,"38.9462848773,-77.0829158095",-77.0829158095,3E,4200 - 4299 block of yuma street nw,3,2,others,property,202,"3/2/2026, 5:07:00 AM",142046.58,001004,2D1,38.9462848773,26027524,"3/2/2026, 10:53:52 AM",8
001003 2,evening,theft f/auto,,precinct 31,"1/16/2026, 3:14:00 PM",2026,,cluster 11,theft f/auto,391770.15,property|theft f/auto,"38.9510368747,-77.0949432431",-77.0949432431,3E,4800 - 4829 block of chesapeake street nw,3,2,others,property,202,"1/16/2026, 1:55:00 PM",142575.11,001003,2D1,38.9510368747,26007318,"1/16/2026, 3:13:52 PM",7
001100 4,evening,theft/other,,precinct 32,"11/13/2024, 6:13:00 PM",2024,,cluster 11,theft/other,393173.95,property|theft/other,"38.9487916125,-77.0787458915",-77.0787458915,3E,4500 - 4599 block of 40th street nw,3,2,others,property,202,"11/13/2024, 6:10:00 PM",142324.53,001100,2D1,38.9487916125,24176713,"11/13/2024, 9:50:12 PM",6
001002 4,day,theft/other,,precinct 29,"5/24/2023, 8:00:00 AM",2023,,cluster 14,theft/other,393550,property|theft/other,"38.9360879986,-77.0743944881",-77.0743944881,3A,3400 - 3499 block of 38th street nw,3,2,others,property,204,"5/21/2023, 12:00:00 AM",140914,001002,2D2,38.9360879986,23422329,"5/27/2023, 7:32:25 AM",6
001100 4,midnight,theft/other,,precinct 32,"8/2/2023, 3:50:00 AM",2023,,cluster 11,theft/other,393173.95,property|theft/other,"38.9487916125,-77.0787458915",-77.0787458915,3E,4500 - 4599 block of 40th street nw,3,2,others,property,202,"8/2/2023, 3:45:00 AM",142324.53,001100,2D1,38.9487916125,23125534,"8/2/2023, 4:26:36 AM",6
000904 2,midnight,burglary,,precinct 9,"12/6/2025, 10:44:00 PM",2025,,cluster 13,burglary,391108.25,property|burglary,"38.9397362071,-77.102562962",-77.102562962,3D,3800 - 3899 block of 52nd street nw,3,2,others,property,205,"12/6/2025, 10:40:00 PM",141321.35,000904,2D2,38.9397362071,25184348,"12/7/2025, 12:21:37 AM",5
000804 3,day,theft f/auto,,precinct 10,"1/5/2023, 11:50:00 AM",2023,,cluster 13,theft f/auto,392593,property|theft f/auto,"38.9313420868,-77.0854268707",-77.0854268707,3D,4300 - 4399 block of klingle street nw,3,2,others,property,205,"1/5/2023, 11:40:00 AM",140388,000804,2D2,38.9313420868,23002502,"1/5/2023, 1:00:00 PM",7
000600 3,day,theft f/auto,,precinct 27,"9/8/2023, 11:45:00 AM",2023,,cluster 15,theft f/auto,393854.15,property|theft f/auto,"38.9340618705,-77.0708843981",-77.0708843981,3C,3300 - 3399 block of 36th street nw,3,2,others,property,203,"9/8/2023, 8:30:00 AM",140688.84,000600,2D1,38.9340618705,23148355,"9/8/2023, 2:12:30 PM",7
001200 4,day,theft f/auto,,precinct 33,"6/14/2023, 11:56:00 AM",2023,,cluster 11,theft f/auto,393427,property|theft f/auto,"38.9447710766,-77.0758224081",-77.0758224081,3E,3800 - 3899 block of warren street nw,3,2,others,property,202,"6/14/2023, 11:40:00 AM",141878,001200,2D1,38.9447710766,23095505,"6/14/2023, 1:01:00 PM",7
001002 2,evening,theft/other,,precinct 29,"11/19/2025, 6:02:00 PM",2025,,cluster 14,theft/other,393254.53,property|theft/other,"38.9400305108,-77.0778067509",-77.0778067509,3A,10 - 99 block of ridge square nw,3,2,others,property,204,"11/19/2025, 5:50:00 PM",141351.9,001002,2D2,38.9400305108,25175946,"11/19/2025, 6:26:13 PM",6
001002 3,evening,theft/other,,precinct 29,"7/8/2024, 4:18:00 PM",2024,,cluster 14,theft/other,393411.39,property|theft/other,"38.9383795808,-77.0759956628",-77.0759956628,3A,3600 - 3699 block of 38th street nw,3,2,others,property,204,"7/7/2024, 8:00:00 PM",141168.5,001002,2D2,38.9383795808,24105735,"7/10/2024, 4:22:43 PM",6
001004 2,evening,theft/other,,precinct 31,"5/28/2025, 3:00:00 PM",2025,,cluster 11,theft/other,393070.63,property|theft/other,"38.9483570552,-77.0799373128",-77.0799373128,3E,4500 - 4537 block of wisconsin avenue nw,3,2,others,property,202,"5/28/2025, 2:48:00 PM",142276.38,001004,2D1,38.9483570552,25079514,"5/28/2025, 3:42:18 PM",6
001004 2,evening,theft f/auto,,precinct 31,,2026,,cluster 11,theft f/auto,392737.38,property|theft f/auto,"38.9492476236,-77.0837827374",-77.0837827374,3E,4531 - 4599 block of 43rd street nw,3,2,others,property,202,"2/12/2026, 4:58:00 PM",142375.54,001004,2D1,38.9492476236,26019256,"2/12/2026, 5:30:21 PM",7
000703 2,midnight,theft f/auto,,precinct 28,"11/1/2022, 12:00:00 PM",2022,,cluster 14,theft f/auto,392960,property|theft f/auto,"38.9302821241,-77.0811929554",-77.0811929554,3B,4000 - 4299 block of cathedral avenue nw,3,2,others,property,204,"10/30/2022, 12:00:00 PM",140270,000703,2D2,38.9302821241,22159801,"11/2/2022, 11:58:59 PM",7
001002 4,day,theft/other,,precinct 29,"6/12/2026, 12:06:00 PM",2026,,cluster 14,theft/other,393645.65,property|theft/other,"38.934751414,-77.0732898841",-77.0732898841,3A,3700 - 3749 block of newark street nw,3,2,others,property,204,"6/12/2026, 12:03:00 PM",140765.55,001002,2D2,38.934751414,26080682,"6/12/2026, 12:38:53 PM",6
001004 3,evening,robbery,,precinct 30,"12/16/2025, 3:45:00 PM",2025,,cluster 11,robbery,393147.61,violent|robbery,"38.9467912101,-77.0790475338",-77.0790475338,3E,4400 - 4423 block of wisconsin avenue nw,3,2,others,violent,202,"12/16/2025, 3:40:00 PM",142102.49,001004,2D1,38.9467912101,25188882,"12/16/2025, 5:51:35 PM",4
000600 4,evening,theft f/auto,,precinct 29,"2/8/2025, 6:31:00 PM",2025,,cluster 15,theft f/auto,393721.67,property|theft f/auto,"38.9396905773,-77.0724181001",-77.0724181001,3A,3700 - 3999 block of 37th street nw,3,2,others,property,203,"2/8/2025, 12:50:00 PM",141313.78,000600,2D1,38.9396905773,25019078,"2/8/2025, 6:30:53 PM",7
001004 2,evening,theft/other,,precinct 31,"2/14/2025, 2:49:00 PM",2025,,cluster 11,theft/other,393070.63,property|theft/other,"38.9483570552,-77.0799373128",-77.0799373128,3E,4500 - 4537 block of wisconsin avenue nw,3,2,others,property,202,"2/14/2025, 2:47:00 PM",142276.38,001004,2D1,38.9483570552,25022010,"2/14/2025, 5:07:06 PM",6
001002 2,midnight,motor vehicle theft,,precinct 30,"3/7/2023, 10:52:00 PM",2023,,cluster 11,motor vehicle theft,393303,property|motor vehicle theft,"38.943554022,-77.0772514834",-77.0772514834,3A,4200 - 4226 block of wisconsin avenue nw,3,2,others,property,202,"3/7/2023, 10:51:00 PM",141743,001002,2D1,38.943554022,23036408,"3/7/2023, 11:18:00 PM",8
001200 4,evening,theft/other,,precinct 33,,2025,,cluster 11,theft/other,393427.31,property|theft/other,"38.9431637312,-77.0758171227",-77.0758171227,3A,3800 - 3899 block of van ness street nw,3,2,others,property,202,"6/14/2025, 2:41:00 PM",141699.57,001200,2D1,38.9431637312,25089110,"6/14/2025, 3:33:26 PM",6
001002 4,day,theft/other,,precinct 29,"7/15/2024, 11:20:00 AM",2024,,cluster 14,theft/other,393645.65,property|theft/other,"38.934751414,-77.0732898841",-77.0732898841,3A,3700 - 3749 block of newark street nw,3,2,others,property,204,"7/15/2024, 10:43:00 AM",140765.55,001002,2D2,38.934751414,24108269,"7/15/2024, 1:04:24 PM",6
001004 2,day,theft/other,,precinct 31,"1/24/2023, 12:30:00 AM",2023,,cluster 11,theft/other,392422,property|theft/other,"38.9510327408,-77.0874232015",-77.0874232015,3E,4400 - 4499 block of chesapeake street nw,3,2,others,property,202,"1/24/2023, 12:24:00 AM",142574,001004,2D1,38.9510327408,23420475,"2/7/2023, 12:43:18 PM",6
000704 1,day,motor vehicle theft,,precinct 28,"8/16/2023, 5:30:00 AM",2023,,cluster 14,motor vehicle theft,393574.79,property|motor vehicle theft,"38.9327442999,-77.0741050841",-77.0741050841,3A,3200 - 3299 block of 38th street nw,3,2,others,property,204,"8/15/2023, 5:00:00 PM",140542.8,000704,2D2,38.9327442999,23134458,"8/16/2023, 7:21:25 AM",8
001002 4,day,theft f/auto,,precinct 29,"6/21/2023, 12:40:00 PM",2023,,cluster 14,theft f/auto,393558,property|theft f/auto,"38.9370699614,-77.0743032392",-77.0743032392,3A,3800 - 3814 block of porter street nw,3,2,others,property,204,"6/21/2023, 12:30:00 PM",141023,001002,2D2,38.9370699614,23099808,"6/21/2023, 1:30:54 PM",7
001004 2,midnight,theft/other,,precinct 31,"7/14/2023, 8:57:00 AM",2023,,cluster 11,theft/other,393070.63,property|theft/other,"38.9483570552,-77.0799373128",-77.0799373128,3E,4500 - 4537 block of wisconsin avenue nw,3,2,others,property,202,"7/14/2023, 8:54:00 AM",142276.38,001004,2D1,38.9483570552,23118513,"7/22/2023, 2:14:48 AM",6
001002 4,evening,theft/other,,precinct 29,"12/6/2025, 5:45:00 PM",2025,,cluster 14,theft/other,393645.65,property|theft/other,"38.934751414,-77.0732898841",-77.0732898841,3A,3700 - 3749 block of newark street nw,3,2,others,property,204,"12/6/2025, 5:21:00 PM",140765.55,001002,2D2,38.934751414,25184190,"12/6/2025, 6:11:15 PM",6
001003 1,day,theft/other,,precinct 31,"5/29/2026, 11:05:00 AM",2026,,cluster 11,theft/other,392231.45,property|theft/other,"38.9510406251,-77.0896214822",-77.0896214822,3E,4500 - 4599 block of chesapeake street nw,3,2,others,property,202,"5/29/2026, 10:50:00 AM",142575.06,001003,2D1,38.9510406251,26075242,"6/2/2026, 2:07:15 PM",6
001002 2,day,theft/other,,precinct 29,"3/17/2023, 2:40:00 PM",2023,,cluster 14,theft/other,393228,property|theft/other,"38.939265503,-77.0781119276",-77.0781119276,3A,3800 - 3899 block of 39th street nw,3,2,others,property,204,"3/17/2023, 2:30:00 PM",141267,001002,2D2,38.939265503,23421296,"3/19/2023, 8:32:21 AM",6
000600 4,evening,theft/other,,precinct 27,"5/7/2026, 5:26:00 PM",2026,,cluster 15,theft/other,393951.8,property|theft/other,"38.9373312986,-77.0697613308",-77.0697613308,3A,3500 - 3599 block of porter street nw,3,2,others,property,203,"5/7/2026, 5:22:00 PM",141051.7,000600,2D1,38.9373312986,26061931,"5/8/2026, 5:11:48 PM",6
001200 4,day,motor vehicle theft,,precinct 33,,2025,,cluster 11,motor vehicle theft,393532.3,property|motor vehicle theft,"38.9443766648,-77.0746073139",-77.0746073139,3E,4212 - 4279 block of 38th street nw,3,2,others,property,202,"7/23/2025, 11:45:00 AM",141834.13,001200,2D1,38.9443766648,25111290,"7/23/2025, 12:23:15 PM",8
000600 4,day,theft/other,,precinct 29,"7/29/2025, 6:22:00 PM",2025,,cluster 15,theft/other,393582.02,property|theft/other,"38.9377115277,-77.0740268541",-77.0740268541,3A,3600 - 3699 block of wisconsin avenue nw,3,2,others,property,203,"7/29/2025, 6:21:00 PM",141094.2,000600,2D1,38.9377115277,25422856,"7/31/2025, 1:32:19 PM",6
001002 4,day,theft/other,,precinct 29,"12/17/2023, 11:25:00 AM",2023,,cluster 14,theft/other,393645.65,property|theft/other,"38.934751414,-77.0732898841",-77.0732898841,3A,3700 - 3749 block of newark street nw,3,2,others,property,204,"12/17/2023, 10:41:00 AM",140765.55,001002,2D2,38.934751414,23204639,"12/17/2023, 11:57:49 AM",6
001200 4,day,theft/other,,precinct 33,"1/20/2023, 7:45:00 AM",2023,,cluster 11,theft/other,393627,property|theft/other,"38.9431600677,-77.0735136595",-77.0735136595,3E,3700 - 3799 block of van ness street nw,3,2,others,property,202,"1/19/2023, 5:00:00 PM",141699,001200,2D1,38.9431600677,23010429,"1/20/2023, 8:25:12 AM",6
000904 2,day,theft/other,,precinct 9,"5/19/2023, 5:30:00 AM",2023,,cluster 13,theft/other,391507,property|theft/other,"38.9435835365,-77.0979688171",-77.0979688171,3D,4200 - 4246 block of fordham road nw,3,2,others,property,205,"5/18/2023, 5:28:00 AM",141748,000904,2D2,38.9435835365,23078722,"5/19/2023, 7:59:07 AM",6
001004 2,day,theft/other,,precinct 31,,2022,,cluster 11,theft/other,393070,property|theft/other,"38.9483536271,-77.0799445766",-77.0799445766,3E,4500 - 4537 block of wisconsin avenue nw,3,2,others,property,202,"11/13/2022, 9:31:00 AM",142276,001004,2D1,38.9483536271,22165491,"11/13/2022, 10:10:52 AM",6
001004 2,day,theft/other,,precinct 31,,2025,,cluster 11,theft/other,393070.63,property|theft/other,"38.9483570552,-77.0799373128",-77.0799373128,3E,4500 - 4537 block of wisconsin avenue nw,3,2,others,property,202,"6/29/2025, 11:28:00 AM",142276.38,001004,2D1,38.9483570552,25097442,"6/29/2025, 12:15:45 PM",6
000704 1,day,theft/other,,precinct 28,"5/10/2024, 11:30:00 AM",2024,,cluster 14,theft/other,393705.62,property|theft/other,"38.932208262,-77.0725956118",-77.0725956118,3A,3200 - 3218 block of wisconsin avenue nw,3,2,others,property,204,"5/9/2024, 4:00:00 PM",140483.19,000704,2D2,38.932208262,24070173,"5/10/2024, 2:55:19 PM",6
001100 4,evening,theft/other,,precinct 32,"7/6/2024, 10:00:00 PM",2024,,cluster 11,theft/other,393039.43,property|theft/other,"38.9492466458,-77.0802982386",-77.0802982386,3E,4530 - 4599 block of wisconsin avenue nw,3,2,others,property,202,"7/6/2024, 9:35:00 PM",142375.16,001100,2D1,38.9492466458,24103655,"7/6/2024, 10:13:00 PM",6
001004 2,day,theft/other,,precinct 31,"3/13/2026, 10:06:00 AM",2026,,cluster 11,theft/other,393070.63,property|theft/other,"38.9483570552,-77.0799373128",-77.0799373128,3E,4500 - 4537 block of wisconsin avenue nw,3,2,others,property,202,"3/13/2026, 9:27:00 AM",142276.38,001004,2D1,38.9483570552,26032882,"3/13/2026, 12:32:06 PM",6
000804 3,evening,theft f/auto,,precinct 10,"9/4/2026, 3:30:00 PM",2026,,cluster 13,theft f/auto,392472.02,property|theft f/auto,"38.9288731435,-77.0868191589",-77.0868191589,3D,4400 - 4429 block of hawthorne street nw,3,2,others,property,205,"9/4/2026, 3:00:00 PM",140114.04,000804,2D2,38.9288731435,26129451,"9/11/2026, 3:37:43 PM",7
000600 4,evening,theft/other,,precinct 27,"6/19/2026, 8:00:00 PM",2026,,cluster 15,theft/other,394049.35,property|theft/other,"38.938618439,-77.0686374055",-77.0686374055,3A,3700 - 3799 block of 35th street nw,3,2,others,property,203,"6/15/2026, 7:00:00 AM",141194.51,000600,2D1,38.938618439,26086773,"6/23/2026, 7:07:32 PM",6
001100 4,evening,theft/other,,precinct 32,"3/17/2026, 8:00:00 PM",2026,,cluster 11,theft/other,393070.63,property|theft/other,"38.9483570552,-77.0799373128",-77.0799373128,3E,4500 - 4537 block of wisconsin avenue nw,3,2,others,property,202,"3/17/2026, 7:11:00 PM",142276.38,001100,2D1,38.9483570552,26035117,"3/17/2026, 8:44:40 PM",6
001200 4,evening,burglary,,precinct 33,"1/12/2026, 6:08:00 PM",2026,,cluster 11,burglary,393344.88,property|burglary,"38.9426890947,-77.0767674562",-77.0767674562,3A,4100 - 4199 block of wisconsin avenue nw,3,2,others,property,202,"1/12/2026, 12:30:00 PM",141646.95,001200,2D1,38.9426890947,26005419,"1/12/2026, 6:28:27 PM",5
001100 4,evening,theft/other,,precinct 32,"3/16/2025, 3:50:00 PM",2025,,cluster 11,theft/other,393173.95,property|theft/other,"38.9487916125,-77.0787458915",-77.0787458915,3E,4500 - 4599 block of 40th street nw,3,2,others,property,202,"3/16/2025, 3:39:00 PM",142324.53,001100,2D1,38.9487916125,25037915,"3/16/2025, 4:02:34 PM",6
001100 4,evening,theft/other,,precinct 32,"11/6/2025, 3:41:00 PM",2025,,cluster 11,theft/other,393039.43,property|theft/other,"38.9492466458,-77.0802982386",-77.0802982386,3E,4530 - 4599 block of wisconsin avenue nw,3,2,others,property,202,"11/6/2025, 3:39:00 PM",142375.16,001100,2D1,38.9492466458,25169084,"11/6/2025, 9:20:09 PM",6
001004 3,midnight,theft/other,,precinct 30,"6/22/2024, 10:00:00 PM",2024,,cluster 11,theft/other,392990.76,property|theft/other,"38.9479135748,-77.0808581915",-77.0808581915,3E,4100 - 4199 block of albemarle street nw,3,2,others,property,202,"6/21/2024, 6:00:00 PM",142227.22,001004,2D1,38.9479135748,24095447,"6/23/2024, 12:09:00 AM",6
000904 1,evening,burglary,,precinct 8,"2/19/2023, 5:05:00 PM",2023,,cluster 13,burglary,391033,property|burglary,"38.9339309497,-77.1034225213",-77.1034225213,3D,5029 - 5056 block of macomb street nw,3,2,others,property,205,"2/19/2023, 2:16:00 PM",140677,000904,2D2,38.9339309497,23027334,"2/19/2023, 5:06:03 PM",5
000804 3,day,theft f/auto,,precinct 10,"11/28/2022, 12:40:00 PM",2022,,cluster 14,theft f/auto,392960,property|theft f/auto,"38.9302821241,-77.0811929554",-77.0811929554,3B,4000 - 4299 block of cathedral avenue nw,3,2,others,property,204,"11/28/2022, 12:30:00 PM",140270,000804,2D2,38.9302821241,22173104,"11/28/2022, 1:46:41 PM",7
000804 3,day,robbery,,precinct 10,"2/17/2026, 5:00:00 AM",2026,,cluster 13,robbery,392567.46,violent|robbery,"38.9324168318,-77.0857227224",-77.0857227224,3D,4300 - 4399 block of lowell street nw,3,2,gun,violent,205,"2/17/2026, 4:50:00 AM",140507.33,000804,2D2,38.9324168318,26021326,"2/17/2026, 7:46:09 AM",4
001100 4,evening,theft/other,,precinct 32,"11/10/2024, 4:05:00 PM",2024,,cluster 11,theft/other,393039.43,property|theft/other,"38.9492466458,-77.0802982386",-77.0802982386,3E,4530 - 4599 block of wisconsin avenue nw,3,2,others,property,202,"11/10/2024, 3:40:00 PM",142375.16,001100,2D1,38.9492466458,24175018,"11/10/2024, 10:32:57 PM",6
000903 2,day,theft f/auto,,precinct 9,"2/5/2025, 1:30:00 PM",2025,,cluster 13,theft f/auto,391611.38,property|theft f/auto,"38.9450422591,-77.096766748",-77.096766748,3D,4300 - 4369 block of 49th street nw,3,2,others,property,205,"2/5/2025, 10:30:00 AM",141909.82,000903,2D2,38.9450422591,25017488,"2/5/2025, 2:07:11 PM",7
000600 4,day,motor vehicle theft,,precinct 27,"2/23/2026, 8:30:00 AM",2026,,cluster 15,motor vehicle theft,393801.13,property|motor vehicle theft,"38.9373322303,-77.0714991945",-77.0714991945,3A,3600 - 3629 block of porter street nw,3,2,others,property,203,"2/22/2026, 10:00:00 PM",141051.92,000600,2D1,38.9373322303,26024201,"2/23/2026, 10:23:04 AM",8
001002 2,day,theft/other,,precinct 29,"5/9/2026, 12:00:00 AM",2026,,cluster 14,theft/other,393340.54,property|theft/other,"38.9390328683,-77.0768135791",-77.0768135791,3A,3810 - 3899 block of rodman street nw,3,2,others,property,204,"5/6/2026, 12:00:00 AM",141241.08,001002,2D2,38.9390328683,26421768,"5/14/2026, 11:31:29 AM",6
001100 4,evening,theft/other,,precinct 32,"12/6/2025, 6:05:00 PM",2025,,cluster 11,theft/other,393173.95,property|theft/other,"38.9487916125,-77.0787458915",-77.0787458915,3E,4500 - 4599 block of 40th street nw,3,2,others,property,202,"12/6/2025, 5:34:00 PM",142324.53,001100,2D1,38.9487916125,25184202,"12/6/2025, 7:27:55 PM",6
001100 4,evening,theft/other,,precinct 32,"5/8/2025, 10:20:00 PM",2025,,cluster 11,theft/other,393173.95,property|theft/other,"38.9487916125,-77.0787458915",-77.0787458915,3E,4500 - 4599 block of 40th street nw,3,2,others,property,202,"5/8/2025, 9:25:00 PM",142324.53,001100,2D1,38.9487916125,25068175,"5/8/2025, 10:28:53 PM",6
001004 3,day,theft f/auto,,precinct 30,"7/31/2024, 9:05:00 AM",2024,,cluster 11,theft f/auto,392390.85000689,property|theft f/auto,"38.9431620317,-77.0877728704",-77.0877728704,3E,45th street nw and van ness street nw,3,2,others,property,202,"7/31/2024, 8:37:00 AM",141700.31001693,001004,2D1,38.9431620317,24117091,"7/31/2024, 9:06:34 AM",7
001002 2,evening,theft/other,,precinct 29,"5/4/2026, 8:53:00 PM",2026,,cluster 14,theft/other,393254.53,property|theft/other,"38.9400305108,-77.0778067509",-77.0778067509,3A,10 - 99 block of ridge square nw,3,2,others,property,204,"5/4/2026, 8:36:00 PM",141351.9,001002,2D2,38.9400305108,26059907,"5/4/2026, 9:58:08 PM",6
001004 2,evening,theft/other,,precinct 31,"7/31/2025, 4:37:00 PM",2025,,cluster 11,theft/other,393070.63,property|theft/other,"38.9483570552,-77.0799373128",-77.0799373128,3E,4500 - 4537 block of wisconsin avenue nw,3,2,others,property,202,"7/31/2025, 4:27:00 PM",142276.38,001004,2D1,38.9483570552,25116101,"7/31/2025, 5:31:14 PM",6
001004 2,midnight,theft/other,,precinct 31,"9/6/2025, 1:35:00 PM",2025,,cluster 11,theft/other,393070.63,property|theft/other,"38.9483570552,-77.0799373128",-77.0799373128,3E,4500 - 4537 block of wisconsin avenue nw,3,2,others,property,202,"9/6/2025, 12:50:00 PM",142276.38,001004,2D1,38.9483570552,25136343,"9/7/2025, 5:05:28 AM",6
001002 4,evening,theft/other,,precinct 29,"7/31/2025, 9:37:00 PM",2025,,cluster 14,theft/other,393645.65,property|theft/other,"38.934751414,-77.0732898841",-77.0732898841,3A,3700 - 3749 block of newark street nw,3,2,others,property,204,"7/31/2025, 9:33:00 PM",140765.55,001002,2D2,38.934751414,25116262,"7/31/2025, 10:02:42 PM",6
001002 2,day,theft/other,,precinct 29,"5/26/2026, 3:00:00 PM",2026,,cluster 14,theft/other,393254.53,property|theft/other,"38.9400305108,-77.0778067509",-77.0778067509,3A,10 - 99 block of ridge square nw,3,2,others,property,204,"5/26/2026, 1:59:00 PM",141351.9,001002,2D2,38.9400305108,26071392,"5/27/2026, 1:01:16 PM",6
001002 2,midnight,theft/other,,precinct 29,"7/22/2025, 5:40:00 PM",2025,,cluster 14,theft/other,393254.53,property|theft/other,"38.9400305108,-77.0778067509",-77.0778067509,3A,10 - 99 block of ridge square nw,3,2,others,property,204,"7/22/2025, 4:43:00 PM",141351.9,001002,2D2,38.9400305108,25110873,"7/23/2025, 6:54:32 AM",6
001002 2,evening,theft/other,,precinct 30,"10/18/2022, 7:30:00 PM",2022,,cluster 11,theft/other,393264,property|theft/other,"38.9443644692,-77.0777022411",-77.0777022411,3A,4227 - 4299 block of wisconsin avenue nw,3,2,others,property,202,"10/18/2022, 7:24:00 PM",141833,001002,2D1,38.9443644692,22151504,"10/18/2022, 8:19:37 PM",6
001200 4,evening,theft/other,,precinct 33,"9/26/2022, 2:06:00 PM",2022,,cluster 11,theft/other,393427,property|theft/other,"38.9431585941,-77.0758206931",-77.0758206931,3E,3800 - 3899 block of van ness street nw,3,2,others,property,202,"9/26/2022, 2:04:00 PM",141699,001200,2D1,38.9431585941,22139522,"9/26/2022, 4:16:50 PM",6
000703 2,day,motor vehicle theft,,precinct 28,"10/26/2022, 9:41:00 AM",2022,,cluster 14,motor vehicle theft,392960,property|motor vehicle theft,"38.9302821241,-77.0811929554",-77.0811929554,3B,4000 - 4299 block of cathedral avenue nw,3,2,others,property,204,"10/25/2022, 7:54:00 AM",140270,000703,2D2,38.9302821241,22156603,"10/28/2022, 1:09:24 PM",8
001004 2,evening,theft/other,,precinct 31,"2/3/2023, 4:17:00 AM",2023,,cluster 11,theft/other,392422,property|theft/other,"38.9510327408,-77.0874232015",-77.0874232015,3E,4400 - 4499 block of chesapeake street nw,3,2,others,property,202,"2/3/2023, 4:10:00 AM",142574,001004,2D1,38.9510327408,23018700,"2/3/2023, 7:33:50 PM",6
000803 2,evening,theft f/auto,,precinct 10,"1/31/2023, 3:45:00 PM",2023,,cluster 14,theft f/auto,392994,property|theft f/auto,"38.9341829904,-77.0808052509",-77.0808052509,3B,4100 - 4199 block of massachusetts avenue nw,3,2,others,property,205,"1/30/2023, 8:30:00 PM",140703,000803,2D2,38.9341829904,23016944,"1/31/2023, 9:38:16 PM",7
001200 4,evening,theft f/auto,,precinct 33,"6/29/2023, 3:06:00 PM",2023,,cluster 11,theft f/auto,393427,property|theft f/auto,"38.945527772,-77.0758232129",-77.0758232129,3E,3800 - 3899 block of windom place nw,3,2,others,property,202,"6/29/2023, 1:31:00 PM",141962,001200,2D1,38.945527772,23104778,"6/29/2023, 6:15:07 PM",7
001002 4,evening,theft f/auto,,precinct 29,"12/19/2022, 7:19:00 PM",2022,,cluster 14,theft f/auto,393408,property|theft f/auto,"38.9371589317,-77.0760334627",-77.0760334627,3A,3831 - 3878 block of porter street nw,3,2,others,property,204,"11/28/2022, 12:15:00 PM",141033,001002,2D2,38.9371589317,22184565,"12/19/2022, 8:11:22 PM",7
000704 1,midnight,sex abuse,,precinct 28,,2022,,cluster 14,sex abuse,393681,violent|sex abuse,"38.9304407462,-77.0728777576",-77.0728777576,3A,3000 - 3199 block of wisconsin avenue nw,3,2,others,violent,204,"10/18/2022, 10:45:00 PM",140287,000704,2D2,38.9304407462,22151612,"10/19/2022, 3:21:35 AM",2
001100 4,midnight,theft/other,,precinct 32,"10/4/2022, 3:38:00 AM",2022,,cluster 11,theft/other,393173,property|theft/other,"38.9487868308,-77.0787568455",-77.0787568455,3E,4500 - 4599 block of 40th street nw,3,2,others,property,202,"10/4/2022, 3:13:00 AM",142324,001100,2D1,38.9487868308,22143531,"10/4/2022, 3:53:31 AM",6
001100 4,day,theft/other,,precinct 32,"10/12/2022, 8:04:00 AM",2022,,cluster 11,theft/other,393173,property|theft/other,"38.9487868308,-77.0787568455",-77.0787568455,3E,4500 - 4599 block of 40th street nw,3,2,others,property,202,"10/12/2022, 7:39:00 AM",142324,001100,2D1,38.9487868308,22147898,"10/12/2022, 8:17:07 AM",6
001002 4,evening,theft/other,,precinct 29,"1/13/2024, 12:35:00 PM",2024,,cluster 14,theft/other,393720.86,property|theft/other,"38.9340623694,-77.0724217259",-77.0724217259,3A,3300 - 3399 block of wisconsin avenue nw,3,2,others,property,204,"1/13/2024, 12:30:00 PM",140689,001002,2D2,38.9340623694,24006531,"1/13/2024, 3:19:58 PM",6
001002 4,evening,theft/other,,precinct 29,"7/15/2023, 9:00:00 PM",2023,,cluster 14,theft/other,393645.65,property|theft/other,"38.934751414,-77.0732898841",-77.0732898841,3A,3700 - 3749 block of newark street nw,3,2,others,property,204,"7/15/2023, 8:59:00 PM",140765.55,001002,2D2,38.934751414,23114769,"7/15/2023, 10:48:43 PM",6
001100 4,day,theft/other,,precinct 32,,2024,,cluster 11,theft/other,393039.43,property|theft/other,"38.9492466458,-77.0802982386",-77.0802982386,3E,4530 - 4599 block of wisconsin avenue nw,3,2,others,property,202,"5/7/2024, 2:21:00 PM",142375.16,001100,2D1,38.9492466458,24068538,"5/7/2024, 2:53:55 PM",6
000703 2,day,theft f/auto,,precinct 28,"2/7/2023, 12:56:00 PM",2023,,cluster 14,theft f/auto,393225,property|theft f/auto,"38.9269781584,-77.0781330653",-77.0781330653,3B,3900 - 3979 block of watson place nw,3,2,others,property,204,"2/7/2023, 10:00:00 AM",139903,000703,2D2,38.9269781584,23020600,"2/7/2023, 1:40:41 PM",7
000803 3,evening,theft f/auto,,precinct 10,"6/23/2023, 4:23:00 PM",2023,,cluster 14,theft f/auto,392960,property|theft f/auto,"38.9302821241,-77.0811929554",-77.0811929554,3B,4000 - 4299 block of cathedral avenue nw,3,2,others,property,205,"6/23/2023, 2:50:00 PM",140270,000803,2D2,38.9302821241,23101071,"6/23/2023, 5:53:09 PM",7
000803 2,evening,theft f/auto,,precinct 10,"6/28/2023, 1:13:00 PM",2023,,cluster 14,theft f/auto,392583,property|theft f/auto,"38.9329634967,-77.0855441486",-77.0855441486,3B,3200 - 3299 block of new mexico avenue nw,3,2,others,property,205,"6/28/2023, 12:35:00 PM",140568,000803,2D2,38.9329634967,23104064,"6/28/2023, 3:02:05 PM",7
001100 4,evening,theft/other,,precinct 32,"3/1/2023, 5:32:00 PM",2023,,cluster 11,theft/other,393102,property|theft/other,"38.9496780951,-77.0795769026",-77.0795769026,3E,4000 - 4099 block of brandywine street nw,3,2,others,property,202,"3/1/2023, 5:30:00 PM",142423,001100,2D1,38.9496780951,23032908,"3/1/2023, 9:37:13 PM",6
001002 4,evening,theft/other,,precinct 29,"5/31/2024, 10:00:00 PM",2024,,cluster 14,theft/other,393720.86,property|theft/other,"38.9340623694,-77.0724217259",-77.0724217259,3A,3300 - 3399 block of wisconsin avenue nw,3,2,others,property,204,"5/31/2024, 9:00:00 PM",140689,001002,2D2,38.9340623694,24082952,"6/1/2024, 4:40:52 PM",6
000803 2,midnight,theft/other,,precinct 10,"12/16/2023, 12:10:00 AM",2023,,cluster 14,theft/other,392614.38,property|theft/other,"38.9323475032,-77.0851814906",-77.0851814906,3B,3101 - 3199 block of new mexico avenue nw,3,2,others,property,205,"12/15/2023, 10:49:00 PM",140499.59,000803,2D2,38.9323475032,23203890,"12/16/2023, 12:10:58 AM",6
001002 2,day,theft/other,,precinct 29,"7/25/2023, 11:49:00 AM",2023,,cluster 14,theft/other,393431.08,property|theft/other,"38.9408803392,-77.0757712082",-77.0757712082,3A,3900 - 4099 block of wisconsin avenue nw,3,2,others,property,204,"7/25/2023, 11:45:00 AM",141446.09,001002,2D2,38.9408803392,23120663,"7/25/2023, 1:41:37 PM",6
001002 2,day,theft/other,,precinct 29,"10/22/2023, 11:20:00 AM",2023,,cluster 14,theft/other,393240.35,property|theft/other,"38.9367774178,-77.077966755",-77.077966755,3A,3900 - 3999 block of langley court nw,3,2,others,property,204,"10/22/2023, 11:20:00 AM",140990.79,001002,2D2,38.9367774178,23424455,"11/8/2023, 9:42:26 AM",6
001002 4,day,theft/other,,precinct 29,"7/20/2024, 7:25:00 AM",2024,,cluster 14,theft/other,393645.65,property|theft/other,"38.934751414,-77.0732898841",-77.0732898841,3A,3700 - 3749 block of newark street nw,3,2,others,property,204,"7/20/2024, 7:13:00 AM",140765.55,001002,2D2,38.934751414,24111058,"7/20/2024, 8:04:56 AM",6
000704 1,day,theft/other,,precinct 28,"6/8/2024, 12:00:00 PM",2024,,cluster 14,theft/other,393716.95,property|theft/other,"38.9330137754,-77.072465757",-77.072465757,3A,3201 - 3299 block of wisconsin avenue nw,3,2,others,property,204,"6/8/2024, 11:17:00 AM",140572.6,000704,2D2,38.9330137754,24087030,"6/8/2024, 2:28:50 PM",6
001100 4,day,theft/other,,precinct 32,"7/12/2023, 11:17:00 AM",2023,,cluster 11,theft/other,393173.95,property|theft/other,"38.9487916125,-77.0787458915",-77.0787458915,3E,4500 - 4599 block of 40th street nw,3,2,others,property,202,"7/12/2023, 11:00:00 AM",142324.53,001100,2D1,38.9487916125,23112534,"7/12/2023, 11:27:16 AM",6
001004 2,day,theft/other,,precinct 31,"2/8/2024, 9:24:00 AM",2024,,cluster 11,theft/other,393039.43,property|theft/other,"38.9492466458,-77.0802982386",-77.0802982386,3E,4530 - 4599 block of wisconsin avenue nw,3,2,others,property,202,"2/8/2024, 8:46:00 AM",142375.16,001004,2D1,38.9492466458,24019983,"2/8/2024, 11:07:45 AM",6
000903 2,evening,theft f/auto,,precinct 9,"11/6/2024, 3:00:00 PM",2024,,cluster 13,theft f/auto,391696.79,property|theft f/auto,"38.945126307,-77.0957816153",-77.0957816153,3D,4800 - 4899 block of massachusetts avenue nw,3,2,others,property,205,"11/6/2024, 2:45:00 PM",141919.06,000903,2D2,38.945126307,24173950,"11/8/2024, 7:32:56 PM",7
001100 4,day,theft/other,,precinct 32,"6/3/2024, 8:47:00 AM",2024,,cluster 11,theft/other,393039.43,property|theft/other,"38.9492466458,-77.0802982386",-77.0802982386,3E,4530 - 4599 block of wisconsin avenue nw,3,2,others,property,202,"6/3/2024, 8:26:00 AM",142375.16,001100,2D1,38.9492466458,24083815,"6/3/2024, 9:25:19 AM",6
001002 2,midnight,theft/other,,precinct 29,"8/10/2024, 12:03:00 AM",2024,,cluster 11,theft/other,393344.88,property|theft/other,"38.9426890947,-77.0767674562",-77.0767674562,3A,4100 - 4199 block of wisconsin avenue nw,3,2,others,property,202,"8/9/2024, 11:23:00 PM",141646.95,001002,2D1,38.9426890947,24122314,"8/10/2024, 1:00:43 AM",6
000600 4,day,theft f/auto,,precinct 27,"5/17/2024, 6:45:00 AM",2024,,cluster 15,theft f/auto,393928.45,property|theft f/auto,"38.9381498112,-77.0700314591",-77.0700314591,3A,3500 - 3599 block of quebec street nw,3,2,others,property,203,"5/16/2024, 6:30:00 PM",141142.58,000600,2D1,38.9381498112,24073837,"5/17/2024, 10:55:45 AM",7
000600 4,evening,theft f/auto,,precinct 27,"10/22/2024, 1:30:00 PM",2024,,cluster 15,theft f/auto,393763.81,property|theft f/auto,"38.9362831305,-77.0719285937",-77.0719285937,3A,3600 - 3687 block of ordway street nw,3,2,others,property,203,"10/21/2024, 4:00:00 PM",140935.49,000600,2D1,38.9362831305,24164192,"10/22/2024, 5:39:37 PM",7
001004 2,evening,theft/other,,precinct 31,"3/25/2025, 6:56:00 PM",2025,,cluster 11,theft/other,393070.63,property|theft/other,"38.9483570552,-77.0799373128",-77.0799373128,3E,4500 - 4537 block of wisconsin avenue nw,3,2,others,property,202,"3/25/2025, 6:37:00 PM",142276.38,001004,2D1,38.9483570552,25043129,"3/25/2025, 7:16:39 PM",6
001200 4,evening,theft/other,,precinct 33,,2024,,cluster 11,theft/other,393532.32,property|theft/other,"38.9435693428,-77.0746062383",-77.0746062383,3E,4200 - 4211 block of 38th street nw,3,2,others,property,202,"3/14/2024, 3:05:00 PM",141744.51,001200,2D1,38.9435693428,24038897,"3/14/2024, 5:10:29 PM",6
001002 4,day,theft f/auto,,precinct 29,"9/16/2024, 4:09:00 AM",2024,,cluster 14,theft f/auto,393418.59,property|theft f/auto,"38.9356902987,-77.0759097518",-77.0759097518,3A,3800 - 3899 block of newark street nw,3,2,others,property,204,"9/16/2024, 3:58:00 AM",140869.96,001002,2D2,38.9356902987,24142872,"9/16/2024, 7:39:05 AM",7
000803 2,day,theft/other,,precinct 10,"10/16/2024, 12:00:00 PM",2024,,cluster 14,theft/other,392994.72,property|theft/other,"38.9341858788,-77.0807969499",-77.0807969499,3B,4100 - 4199 block of massachusetts avenue nw,3,2,others,property,205,"10/16/2024, 11:18:00 AM",140703.32,000803,2D2,38.9341858788,24160440,"10/16/2024, 1:41:43 PM",6
001100 4,evening,theft/other,,precinct 32,"8/19/2024, 4:15:00 PM",2024,,cluster 11,theft/other,393102.54,property|theft/other,"38.9496787299,-77.0795706737",-77.0795706737,3E,4000 - 4099 block of brandywine street nw,3,2,others,property,202,"8/19/2024, 2:15:00 PM",142423.07,001100,2D1,38.9496787299,24128097,"8/20/2024, 4:53:10 PM",6
001002 4,evening,theft/other,,precinct 29,"8/5/2024, 9:18:00 PM",2024,,cluster 14,theft/other,393645.65,property|theft/other,"38.934751414,-77.0732898841",-77.0732898841,3A,3700 - 3749 block of newark street nw,3,2,others,property,204,"8/5/2024, 9:10:00 PM",140765.55,001002,2D2,38.934751414,24120181,"8/5/2024, 9:30:51 PM",6
000804 3,day,theft f/auto,,precinct 9,"2/8/2025, 9:50:00 AM",2025,,cluster 13,theft f/auto,392356.91,property|theft f/auto,"38.9353079504,-77.0881546625",-77.0881546625,3D,3401 - 3499 block of nebraska avenue nw,3,2,others,property,205,"2/8/2025, 9:30:00 AM",140828.47,000804,2D2,38.9353079504,25018878,"2/8/2025, 10:22:23 AM",7
001002 4,day,theft/other,,precinct 29,"3/25/2025, 12:30:00 PM",2025,,cluster 14,theft/other,393720.86,property|theft/other,"38.9340623694,-77.0724217259",-77.0724217259,3A,3300 - 3399 block of wisconsin avenue nw,3,2,others,property,204,"3/25/2025, 11:34:00 AM",140689,001002,2D2,38.9340623694,25042866,"3/25/2025, 12:45:42 PM",6
000903 1,evening,theft/other,,precinct 9,"10/17/2024, 3:00:00 PM",2024,,cluster 13,theft/other,392375.89,property|theft/other,"38.9394013931,-77.0879407978",-77.0879407978,3E,4400 - 4500 block of massachusetts avenue nw,3,,others,property,,"10/17/2024, 1:45:00 PM",141282.86,000903,,38.9394013931,24161100,"10/17/2024, 3:42:35 PM",6
001004 2,midnight,theft/other,,precinct 31,"11/23/2024, 3:38:00 PM",2024,,cluster 11,theft/other,393070.63,property|theft/other,"38.9483570552,-77.0799373128",-77.0799373128,3E,4500 - 4537 block of wisconsin avenue nw,3,2,others,property,202,"11/23/2024, 3:30:00 PM",142276.38,001004,2D1,38.9483570552,24182269,"11/23/2024, 11:13:54 PM",6
001004 3,evening,theft f/auto,,precinct 30,"3/11/2025, 2:00:00 PM",2025,,cluster 11,theft f/auto,392526.57,property|theft f/auto,"38.9435652362,-77.0862078037",-77.0862078037,3E,4200 - 4249 block of 44th street nw,3,2,others,property,202,"3/11/2025, 1:50:00 PM",141744.94,001004,2D1,38.9435652362,25035151,"3/11/2025, 4:55:53 PM",7
001100 4,day,theft/other,,precinct 32,,2025,,cluster 11,theft/other,393173.95,property|theft/other,"38.9487916125,-77.0787458915",-77.0787458915,3E,4500 - 4599 block of 40th street nw,3,2,others,property,202,"9/14/2025, 12:42:00 PM",142324.53,001100,2D1,38.9487916125,25140713,"9/14/2025, 1:11:32 PM",6
001200 3,day,theft f/auto,,precinct 33,"3/13/2023, 10:53:00 AM",2023,,cluster 11,theft f/auto,393627,property|theft f/auto,"38.9462769328,-77.0735168737",-77.0735168737,3E,3700 - 3799 block of yuma street nw,3,2,others,property,202,"3/13/2023, 10:50:00 AM",142045,001200,2D1,38.9462769328,23039274,"3/13/2023, 12:32:38 PM",7
001100 4,day,theft/other,,precinct 32,"10/30/2024, 7:26:00 PM",2024,,cluster 11,theft/other,393039.43,property|theft/other,"38.9492466458,-77.0802982386",-77.0802982386,3E,4530 - 4599 block of wisconsin avenue nw,3,2,others,property,202,"10/30/2024, 7:16:00 PM",142375.16,001100,2D1,38.9492466458,24168855,"10/31/2024, 2:07:29 PM",6
001002 2,midnight,homicide,,precinct 29,"1/16/2025, 2:23:00 AM",2025,,cluster 14,homicide,393254.53,violent|homicide,"38.9400305108,-77.0778067509",-77.0778067509,3A,10 - 99 block of ridge square nw,3,2,gun,violent,204,"1/16/2025, 2:19:00 AM",141351.9,001002,2D2,38.9400305108,25007196,"1/16/2025, 12:00:00 AM",1
000600 4,evening,theft/other,,precinct 29,"4/29/2025, 12:00:00 PM",2025,,cluster 15,theft/other,393391.9,property|theft/other,"38.9417022317,-77.0762240207",-77.0762240207,3A,4000 - 4099 block of wisconsin avenue nw,3,2,others,property,203,"4/18/2025, 4:00:00 PM",141537.36,000600,2D1,38.9417022317,25063216,"4/30/2025, 5:15:21 PM",6
001100 4,evening,theft/other,,precinct 32,,2024,,cluster 11,theft/other,393173.95,property|theft/other,"38.9487916125,-77.0787458915",-77.0787458915,3E,4500 - 4599 block of 40th street nw,3,2,others,property,202,"12/11/2024, 9:16:00 PM",142324.53,001100,2D1,38.9487916125,24192113,"12/11/2024, 9:34:41 PM",6
000904 2,evening,theft f/auto,,precinct 9,"8/22/2025, 3:00:00 PM",2025,,cluster 13,theft f/auto,391193.73,property|theft f/auto,"38.9389534371,-77.101575867",-77.101575867,3D,5132 - 5172 block of tilden street nw,3,2,others,property,205,"8/22/2025, 1:53:00 PM",141234.36,000904,2D2,38.9389534371,25128007,"8/22/2025, 4:17:22 PM",7
000903 2,day,theft f/auto,,precinct 9,"2/3/2025, 1:00:00 PM",2025,,cluster 13,theft f/auto,391657.18,property|theft f/auto,"38.9443073495,-77.0962374308",-77.0962374308,3D,4300 - 4399 block of fordham road nw,3,2,others,property,205,"2/3/2025, 11:15:00 AM",141828.19,000903,2D2,38.9443073495,25017332,"2/5/2025, 10:13:21 AM",7
000804 3,midnight,theft f/auto,,precinct 10,"4/10/2026, 11:00:00 AM",2026,,cluster 13,theft f/auto,392602.16,property|theft f/auto,"38.9266978415,-77.085315669",-77.085315669,3D,4300 - 4399 block of forest lane nw,3,2,others,property,205,"4/10/2026, 7:00:00 AM",139872.44,000804,2D2,38.9266978415,26049110,"4/13/2026, 11:38:25 PM",7
001004 2,day,theft/other,,precinct 31,"7/19/2026, 11:59:00 AM",2026,,cluster 11,theft/other,393070.63,property|theft/other,"38.9483570552,-77.0799373128",-77.0799373128,3E,4500 - 4537 block of wisconsin avenue nw,3,2,others,property,202,"7/19/2026, 11:23:00 AM",142276.38,001004,2D1,38.9483570552,26100541,"7/19/2026, 12:24:41 PM",6
001100 4,day,theft/other,,precinct 32,"10/30/2024, 8:00:00 PM",2024,,cluster 11,theft/other,393113.91,property|theft/other,"38.9474950334,-77.0794370733",-77.0794370733,3E,4404 - 4499 block of wisconsin avenue nw,3,2,others,property,202,"10/30/2024, 7:10:00 PM",142180.65,001100,2D1,38.9474950334,24424267,"10/31/2024, 7:21:16 AM",6
001004 2,evening,motor vehicle theft,,precinct 31,"9/6/2026, 9:39:00 PM",2026,,cluster 11,motor vehicle theft,393070.63,property|motor vehicle theft,"38.9483570552,-77.0799373128",-77.0799373128,3E,4500 - 4537 block of wisconsin avenue nw,3,2,others,property,202,"9/6/2026, 8:48:00 PM",142276.38,001004,2D1,38.9483570552,26126967,"9/6/2026, 9:35:36 PM",8
001002 4,evening,theft/other,,precinct 29,"6/24/2026, 7:00:00 PM",2026,,cluster 14,theft/other,393720.86,property|theft/other,"38.9340623694,-77.0724217259",-77.0724217259,3A,3300 - 3399 block of wisconsin avenue nw,3,2,others,property,204,"6/24/2026, 5:30:00 PM",140689,001002,2D2,38.9340623694,26087842,"6/25/2026, 7:07:17 PM",6
001002 4,evening,theft/other,,precinct 29,"3/3/2026, 8:33:00 PM",2026,,cluster 14,theft/other,393645.65,property|theft/other,"38.934751414,-77.0732898841",-77.0732898841,3A,3700 - 3749 block of newark street nw,3,2,others,property,204,"3/3/2026, 8:30:00 PM",140765.55,001002,2D2,38.934751414,26028287,"3/8/2026, 7:51:36 PM",6
001002 2,evening,theft/other,,precinct 29,"9/16/2025, 5:00:00 PM",2025,,cluster 14,theft/other,393254.53,property|theft/other,"38.9400305108,-77.0778067509",-77.0778067509,3A,10 - 99 block of ridge square nw,3,2,others,property,204,"9/16/2025, 4:15:00 PM",141351.9,001002,2D2,38.9400305108,25141913,"9/16/2025, 5:31:26 PM",6
001002 4,day,theft/other,,precinct 29,"9/29/2025, 7:55:00 AM",2025,,cluster 14,theft/other,393645.65,property|theft/other,"38.934751414,-77.0732898841",-77.0732898841,3A,3700 - 3749 block of newark street nw,3,2,others,property,204,"9/29/2025, 7:47:00 AM",140765.55,001002,2D2,38.934751414,25148667,"9/29/2025, 8:32:40 AM",6
000903 1,day,burglary,,precinct 9,"10/31/2022, 2:35:00 AM",2022,,cluster 13,burglary,392375,property|burglary,"38.9393936383,-77.087951054",-77.087951054,3E,4400 - 4500 block of massachusetts avenue nw,3,2,others,property,205,"10/31/2022, 2:00:00 AM",141282,000903,2D2,38.9393936383,22158059,"10/31/2022, 9:38:08 AM",5
001004 3,day,motor vehicle theft,,precinct 30,"3/9/2026, 9:00:00 AM",2026,,cluster 11,motor vehicle theft,392579.58,property|motor vehicle theft,"38.9479029912,-77.085601529",-77.085601529,3E,4319 - 4399 block of albemarle street nw,3,2,others,property,202,"3/9/2026, 12:54:00 AM",142226.42,001004,2D1,38.9479029912,26030799,"3/9/2026, 9:10:58 AM",8
001200 4,day,theft/other,,precinct 33,"12/23/2022, 6:52:00 AM",2022,,cluster 11,theft/other,393227,property|theft/other,"38.9451298886,-77.0781298887",-77.0781298887,3E,4300 - 4326 block of wisconsin avenue nw,3,2,others,property,202,"12/23/2022, 6:50:00 AM",141918,001200,2D1,38.9451298886,22186308,"12/23/2022, 7:49:56 AM",6
001002 2,day,theft f/auto,,precinct 29,,2025,,cluster 14,theft f/auto,393391.9,property|theft f/auto,"38.9417022317,-77.0762240207",-77.0762240207,3A,4000 - 4099 block of wisconsin avenue nw,3,2,others,property,204,"10/6/2025, 9:53:00 AM",141537.36,001002,2D2,38.9417022317,25152477,"10/6/2025, 10:36:40 AM",7
001004 2,evening,theft/other,,precinct 31,"3/16/2026, 9:41:00 PM",2026,,cluster 11,theft/other,393070.63,property|theft/other,"38.9483570552,-77.0799373128",-77.0799373128,3E,4500 - 4537 block of wisconsin avenue nw,3,2,others,property,202,"3/16/2026, 9:30:00 PM",142276.38,001004,2D1,38.9483570552,26034651,"3/16/2026, 10:57:26 PM",6
000903 2,day,theft f/auto,,precinct 9,"5/18/2026, 6:00:00 PM",2026,,cluster 11,theft f/auto,391781.80891833,property|theft f/auto,"38.944408535,-77.0947999254",-77.0947999254,3D,48th street nw and fordham road nw,3,2,others,property,202,"5/18/2026, 10:00:00 AM",141839.29209706,000903,2D1,38.944408535,26067732,"5/19/2026, 11:33:12 AM",7
001003 3,day,theft/other,,precinct 30,,2025,,cluster 11,theft/other,391696.79,property|theft/other,"38.945126307,-77.0957816153",-77.0957816153,3E,4800 - 4899 block of massachusetts avenue nw,3,2,others,property,202,"11/5/2025, 8:33:00 AM",141919.06,001003,2D1,38.945126307,25174235,"11/16/2025, 10:04:08 AM",6
001002 4,evening,theft/other,,precinct 29,"5/8/2025, 5:00:00 PM",2025,,cluster 14,theft/other,393645.65,property|theft/other,"38.934751414,-77.0732898841",-77.0732898841,3A,3700 - 3749 block of newark street nw,3,2,others,property,204,"5/8/2025, 4:20:00 PM",140765.55,001002,2D2,38.934751414,25068016,"5/8/2025, 5:08:19 PM",6
001100 4,evening,theft/other,,precinct 32,"5/25/2026, 6:35:00 PM",2026,,cluster 11,theft/other,393070.63,property|theft/other,"38.9483570552,-77.0799373128",-77.0799373128,3E,4500 - 4537 block of wisconsin avenue nw,3,2,others,property,202,"5/25/2026, 6:30:00 PM",142276.38,001100,2D1,38.9483570552,26071044,"5/25/2026, 8:17:03 PM",6
001002 1,day,theft f/auto,,precinct 10,"12/12/2024, 10:00:00 AM",2024,,cluster 14,theft f/auto,392798.58,property|theft f/auto,"38.9358388469,-77.0830611003",-77.0830611003,3A,4200 - 4349 block of massachusetts avenue nw,3,2,others,property,204,"12/12/2024, 6:00:00 AM",140886.99,001002,2D2,38.9358388469,24192346,"12/12/2024, 1:18:24 PM",7
001100 4,midnight,robbery,,precinct 32,,2023,,cluster 11,robbery,393348,violent|robbery,"38.9507249518,-77.0767401167",-77.0767401167,3E,3814 - 3989 block of chesapeake street nw,3,2,gun,violent,202,"1/25/2023, 10:27:00 PM",142539,001100,2D1,38.9507249518,23013540,"1/25/2023, 11:42:24 PM",4
001100 4,evening,robbery,,precinct 32,"11/30/2022, 7:52:00 PM",2022,,cluster 11,robbery,393348,violent|robbery,"38.9507249518,-77.0767401167",-77.0767401167,3E,3814 - 3989 block of chesapeake street nw,3,2,others,violent,202,"11/30/2022, 4:10:00 PM",142539,001100,2D1,38.9507249518,22174373,"11/30/2022, 7:36:09 PM",4
000600 4,day,theft/other,,precinct 29,"5/30/2026, 4:30:00 PM",2026,,cluster 15,theft/other,393721.67,property|theft/other,"38.9396905773,-77.0724181001",-77.0724181001,3A,3700 - 3999 block of 37th street nw,3,2,others,property,203,"5/30/2026, 2:15:00 PM",141313.78,000600,2D1,38.9396905773,26074148,"5/31/2026, 2:14:27 PM",6
001002 1,midnight,robbery,,precinct 10,"12/24/2022, 4:01:00 AM",2022,,cluster 14,robbery,392798,violent|robbery,"38.935829924,-77.0830677796",-77.0830677796,3A,4200 - 4349 block of massachusetts avenue nw,3,2,gun,violent,204,"12/24/2022, 3:53:00 AM",140886,001002,2D2,38.935829924,22186758,"12/24/2022, 4:54:31 AM",4
001100 4,day,theft/other,,precinct 32,"11/1/2023, 5:35:00 PM",2023,,cluster 11,theft/other,393348.63,property|theft/other,"38.9507275689,-77.0767328516",-77.0767328516,3E,3814 - 3989 block of chesapeake street nw,3,2,others,property,202,"11/1/2023, 5:35:00 PM",142539.29,001100,2D1,38.9507275689,23424743,"11/15/2023, 9:42:18 AM",6
001002 2,evening,theft f/auto,,precinct 29,"4/10/2024, 3:39:00 PM",2024,,cluster 14,theft f/auto,393264.76,property|theft f/auto,"38.9373808006,-77.077685864",-77.077685864,3A,3600 - 3699 block of 39th street nw,3,2,others,property,204,"4/10/2024, 3:28:00 PM",141057.75,001002,2D2,38.9373808006,24053684,"4/10/2024, 3:39:16 PM",7
000703 2,midnight,burglary,,precinct 28,"11/29/2022, 1:03:00 AM",2022,,cluster 14,burglary,393225,property|burglary,"38.9269781584,-77.0781330653",-77.0781330653,3B,3900 - 3979 block of watson place nw,3,2,others,property,204,"11/28/2022, 11:09:00 PM",139903,000703,2D2,38.9269781584,22173395,"11/29/2022, 1:03:30 AM",5
001004 2,day,theft/other,,precinct 31,"11/9/2022, 10:00:00 AM",2022,,cluster 11,theft/other,393070,property|theft/other,"38.9483536271,-77.0799445766",-77.0799445766,3E,4500 - 4537 block of wisconsin avenue nw,3,2,others,property,202,"11/9/2022, 9:57:00 AM",142276,001004,2D1,38.9483536271,22163372,"11/9/2022, 10:55:59 AM",6
001004 2,evening,theft/other,,precinct 31,"5/6/2023, 5:40:00 PM",2023,,cluster 11,theft/other,393070,property|theft/other,"38.9483536271,-77.0799445766",-77.0799445766,3E,4500 - 4537 block of wisconsin avenue nw,3,2,others,property,202,"5/6/2023, 5:14:00 PM",142276,001004,2D1,38.9483536271,23071140,"5/6/2023, 6:20:27 PM",6
001002 4,day,theft/other,,precinct 29,"3/3/2023, 10:43:00 AM",2023,,cluster 14,theft/other,393418,property|theft/other,"38.9356816464,-77.0759165476",-77.0759165476,3A,3800 - 3899 block of newark street nw,3,2,others,property,204,"2/23/2023, 8:00:00 AM",140869,001002,2D2,38.9356816464,23033825,"3/3/2023, 11:35:15 AM",6
001004 2,day,theft/other,,precinct 31,"2/12/2025, 12:50:00 PM",2025,,cluster 11,theft/other,393070.63,property|theft/other,"38.9483570552,-77.0799373128",-77.0799373128,3E,4500 - 4537 block of wisconsin avenue nw,3,2,others,property,202,"2/12/2025, 12:20:00 PM",142276.38,001004,2D1,38.9483570552,25020885,"2/12/2025, 1:01:42 PM",6
001002 1,day,theft/other,,precinct 29,"2/23/2023, 8:00:00 AM",2023,,cluster 11,theft/other,393135,property|theft/other,"38.9431563609,-77.079188962",-77.079188962,3A,3920 - 4099 block of van ness street nw,3,2,others,property,204,"2/23/2023, 7:30:00 AM",141699,001002,2D2,38.9431563609,23043793,"3/21/2023, 1:37:15 PM",6
001004 2,midnight,theft/other,,precinct 31,"9/27/2023, 12:50:00 PM",2023,,cluster 11,theft/other,393070.63,property|theft/other,"38.9483570552,-77.0799373128",-77.0799373128,3E,4500 - 4537 block of wisconsin avenue nw,3,2,others,property,202,"9/27/2023, 12:37:00 PM",142276.38,001004,2D1,38.9483570552,23194403,"11/29/2023, 12:35:21 AM",6
001100 4,evening,theft/other,,precinct 32,"2/21/2025, 4:32:00 PM",2025,,cluster 11,theft/other,393173.95,property|theft/other,"38.9487916125,-77.0787458915",-77.0787458915,3E,4500 - 4599 block of 40th street nw,3,2,others,property,202,"2/21/2025, 3:41:00 PM",142324.53,001100,2D1,38.9487916125,25025527,"2/21/2025, 7:37:46 PM",6
001003 3,evening,theft/other,,precinct 30,,2023,,cluster 11,theft/other,391696,property|theft/other,"38.9451257591,-77.0957907276",-77.0957907276,3E,4800 - 4899 block of massachusetts avenue nw,3,2,others,property,202,"3/26/2023, 7:35:00 PM",141919,001003,2D1,38.9451257591,23046912,"3/26/2023, 8:41:13 PM",6
000803 2,evening,theft/other,,precinct 10,"4/28/2023, 3:30:00 PM",2023,,cluster 14,theft/other,392544,property|theft/other,"38.9337558969,-77.0859949118",-77.0859949118,3B,3300 - 3399 block of new mexico avenue nw,3,2,others,property,205,"4/28/2023, 2:43:00 PM",140656,000803,2D2,38.9337558969,23066033,"4/28/2023, 3:34:59 PM",6
001002 4,evening,theft/other,,precinct 29,"9/3/2024, 4:40:00 PM",2024,,cluster 14,theft/other,393645.65,property|theft/other,"38.934751414,-77.0732898841",-77.0732898841,3A,3700 - 3749 block of newark street nw,3,2,others,property,204,"9/3/2024, 3:11:00 PM",140765.55,001002,2D2,38.934751414,24135915,"9/3/2024, 9:12:24 PM",6
000803 2,evening,motor vehicle theft,,precinct 10,"7/13/2023, 8:58:00 AM",2023,,cluster 14,motor vehicle theft,392994.72,property|motor vehicle theft,"38.9341858788,-77.0807969499",-77.0807969499,3B,4100 - 4199 block of massachusetts avenue nw,3,2,others,property,205,"7/11/2023, 9:00:00 PM",140703.32,000803,2D2,38.9341858788,23113322,"7/13/2023, 5:54:53 PM",8
001002 4,day,theft/other,,precinct 29,"3/14/2024, 8:00:00 PM",2024,,cluster 14,theft/other,393292.65,property|theft/other,"38.9362926319,-77.0773629933",-77.0773629933,3A,3500 - 3599 block of 39th street nw,3,2,others,property,204,"3/13/2024, 2:39:00 PM",140936.93,001002,2D2,38.9362926319,24039387,"3/15/2024, 2:34:20 PM",6
001002 4,day,theft/other,,precinct 29,"8/5/2024, 2:02:00 PM",2024,,cluster 14,theft/other,393645.65,property|theft/other,"38.934751414,-77.0732898841",-77.0732898841,3A,3700 - 3749 block of newark street nw,3,2,others,property,204,"8/5/2024, 1:11:00 PM",140765.55,001002,2D2,38.934751414,24119945,"8/5/2024, 2:58:47 PM",6
000804 3,day,theft f/auto,,precinct 8,"12/29/2022, 12:15:00 PM",2022,,cluster 13,theft f/auto,392360,property|theft f/auto,"38.9258810578,-77.0881073734",-77.0881073734,3D,4400 - 4599 block of edmunds street nw,3,2,others,property,205,"12/29/2022, 12:00:00 PM",139782,000804,2D2,38.9258810578,22189078,"12/29/2022, 1:14:00 PM",7
001003 3,evening,motor vehicle theft,,precinct 30,"10/13/2023, 8:00:00 AM",2023,,cluster 11,motor vehicle theft,391611.47,property|motor vehicle theft,"38.9475048523,-77.0967690526",-77.0967690526,3E,4416 - 4499 block of 49th street nw,3,2,others,property,202,"7/18/2023, 2:50:00 PM",142183.19,001003,2D1,38.9475048523,23169083,"10/13/2023, 5:07:30 PM",8
000600 4,evening,theft f/auto,,precinct 27,"5/1/2023, 6:04:00 PM",2023,,cluster 15,theft f/auto,393951,property|theft f/auto,"38.9373249873,-77.069770552",-77.069770552,3A,3500 - 3599 block of porter street nw,3,2,others,property,203,"5/1/2023, 6:03:00 PM",141051,000600,2D1,38.9373249873,23067914,"5/1/2023, 6:05:53 PM",7
001004 3,evening,sex abuse,,precinct 30,"12/4/2022, 3:29:00 PM",2022,,cluster 11,sex abuse,393113,violent|sex abuse,"38.9474891709,-77.0794475645",-77.0794475645,3E,4404 - 4499 block of wisconsin avenue nw,3,2,others,violent,202,"12/4/2022, 12:57:00 PM",142180,001004,2D1,38.9474891709,22176381,"12/4/2022, 3:51:58 PM",2
000704 1,evening,theft/other,,precinct 28,"9/8/2023, 1:38:00 PM",2023,,cluster 14,theft/other,393653.61,property|theft/other,"38.933483103,-77.0731967728",-77.0731967728,3A,3700 - 3799 block of macomb street nw,3,2,others,property,204,"9/8/2023, 12:14:00 PM",140624.75,000704,2D2,38.933483103,23148397,"9/8/2023, 3:16:38 PM",6
001002 4,evening,theft/other,,precinct 29,"6/30/2023, 10:02:00 PM",2023,,cluster 14,theft/other,393645,property|theft/other,"38.9347464547,-77.073297376",-77.073297376,3A,3700 - 3749 block of newark street nw,3,2,others,property,204,"6/30/2023, 9:45:00 PM",140765,001002,2D2,38.9347464547,23105584,"6/30/2023, 10:14:08 PM",6
000703 2,evening,theft f/auto,,precinct 28,"4/8/2026, 2:22:00 PM",2026,,cluster 14,theft f/auto,392960.84,property|theft f/auto,"38.9302858242,-77.0811832718",-77.0811832718,3B,4000 - 4299 block of cathedral avenue nw,3,2,others,property,204,"4/8/2026, 1:57:00 PM",140270.41,000703,2D2,38.9302858242,26046212,"4/8/2026, 6:18:44 PM",7
000704 1,day,theft/other,,precinct 28,"5/13/2024, 8:15:00 AM",2024,,cluster 14,theft/other,393681.01,property|theft/other,"38.9304475926,-77.0728776493",-77.0728776493,3A,3000 - 3199 block of wisconsin avenue nw,3,2,others,property,204,"5/12/2024, 9:00:00 PM",140287.76,000704,2D2,38.9304475926,24076284,"5/21/2024, 2:33:03 PM",6
000803 3,midnight,theft f/auto,,precinct 10,"6/16/2024, 2:34:00 AM",2024,,cluster 14,theft f/auto,392960.84,property|theft f/auto,"38.9302858242,-77.0811832718",-77.0811832718,3B,4000 - 4299 block of cathedral avenue nw,3,2,others,property,205,"6/16/2024, 1:54:00 AM",140270.41,000803,2D2,38.9302858242,24091451,"6/16/2024, 6:56:03 AM",7
000704 1,day,theft f/auto,,precinct 28,"2/27/2023, 12:45:00 PM",2023,,cluster 14,theft f/auto,393574,property|theft f/auto,"38.9327370875,-77.0741141881",-77.0741141881,3A,3200 - 3299 block of 38th street nw,3,2,others,property,204,"2/27/2023, 8:00:00 AM",140542,000704,2D2,38.9327370875,23031559,"2/28/2023, 1:06:05 PM",7
000804 1,midnight,burglary,,precinct 10,"11/4/2022, 8:30:00 PM",2022,,cluster 13,burglary,392046,property|burglary,"38.9289230799,-77.0917324549",-77.0917324549,3D,4600 - 4699 block of hawthorne lane nw,3,2,others,property,205,"11/3/2022, 6:00:00 PM",140120,000804,2D2,38.9289230799,22160398,"11/4/2022, 1:16:23 AM",5
001002 4,day,theft/other,,precinct 29,"2/27/2026, 1:53:00 PM",2026,,cluster 14,theft/other,393720.86,property|theft/other,"38.9340623694,-77.0724217259",-77.0724217259,3A,3300 - 3399 block of wisconsin avenue nw,3,2,others,property,204,"2/27/2026, 12:59:00 PM",140689,001002,2D2,38.9340623694,26026144,"2/27/2026, 2:00:19 PM",6
000904 1,day,theft f/auto,,precinct 8,"6/27/2023, 11:01:00 AM",2023,,cluster 13,theft f/auto,391021,property|theft f/auto,"38.9327597485,-77.1035592244",-77.1035592244,3D,5100 - 5199 block of lowell lane nw,3,2,others,property,205,"6/27/2023, 11:00:00 AM",140547,000904,2D2,38.9327597485,23103378,"6/27/2023, 11:44:21 AM",7
000703 1,evening,theft/other,,precinct 28,,2023,,cluster 14,theft/other,393250,property|theft/other,"38.9303924994,-77.0778484789",-77.0778484789,3A,3000 - 3099 block of idaho avenue nw,3,2,others,property,205,"5/25/2023, 10:00:00 AM",140282,000703,2D2,38.9303924994,23082645,"5/25/2023, 4:35:03 PM",6
000903 2,midnight,burglary,,precinct 9,"5/27/2023, 9:35:00 PM",2023,,cluster 13,burglary,391604,property|burglary,"38.9345671723,-77.0968376507",-77.0968376507,3D,4800 - 4999 block of indian lane nw,3,2,others,property,205,"5/27/2023, 9:29:00 PM",140747,000903,2D2,38.9345671723,23084110,"5/28/2023, 12:37:28 AM",5
001100 4,evening,theft/other,,precinct 32,"10/1/2024, 5:20:00 PM",2024,,cluster 11,theft/other,393039.43,property|theft/other,"38.9492466458,-77.0802982386",-77.0802982386,3E,4530 - 4599 block of wisconsin avenue nw,3,2,others,property,202,"10/1/2024, 5:15:00 PM",142375.16,001100,2D1,38.9492466458,24152175,"10/1/2024, 7:56:38 PM",6
001003 3,day,theft/other,,precinct 30,"6/8/2026, 8:43:00 AM",2026,,cluster 11,theft/other,391696.79,property|theft/other,"38.945126307,-77.0957816153",-77.0957816153,3E,4800 - 4899 block of massachusetts avenue nw,3,2,others,property,202,"6/8/2026, 8:41:00 AM",141919.06,001003,2D1,38.945126307,26078368,"6/8/2026, 9:31:09 AM",6
001002 4,evening,theft/other,,precinct 29,"3/25/2025, 6:45:00 PM",2025,,cluster 14,theft/other,393645.65,property|theft/other,"38.934751414,-77.0732898841",-77.0732898841,3A,3700 - 3749 block of newark street nw,3,2,others,property,204,"3/25/2025, 5:27:00 PM",140765.55,001002,2D2,38.934751414,25043095,"3/25/2025, 8:51:15 PM",6
001004 2,day,theft/other,,precinct 31,"11/25/2023, 9:26:00 AM",2023,,cluster 11,theft/other,393070.63,property|theft/other,"38.9483570552,-77.0799373128",-77.0799373128,3E,4500 - 4537 block of wisconsin avenue nw,3,2,others,property,202,"11/24/2023, 8:57:00 AM",142276.38,001004,2D1,38.9483570552,23425186,"11/30/2023, 2:21:40 PM",6
001004 2,day,theft/other,,precinct 31,"6/19/2024, 3:40:00 PM",2024,,cluster 11,theft/other,393070.63,property|theft/other,"38.9483570552,-77.0799373128",-77.0799373128,3E,4500 - 4537 block of wisconsin avenue nw,3,2,others,property,202,"6/19/2024, 3:36:00 PM",142276.38,001004,2D1,38.9483570552,24099955,"6/30/2024, 2:23:35 PM",6
001004 2,day,theft/other,,precinct 31,"9/2/2026, 2:27:00 PM",2026,,cluster 11,theft/other,393070.63,property|theft/other,"38.9483570552,-77.0799373128",-77.0799373128,3E,4500 - 4537 block of wisconsin avenue nw,3,2,others,property,202,"8/26/2026, 2:16:00 PM",142276.38,001004,2D1,38.9483570552,26121106,"8/27/2026, 11:57:38 AM",6
001002 4,evening,theft/other,,precinct 29,"7/26/2025, 7:25:00 PM",2025,,cluster 14,theft/other,393645.65,property|theft/other,"38.934751414,-77.0732898841",-77.0732898841,3A,3700 - 3749 block of newark street nw,3,2,others,property,204,"7/26/2025, 6:50:00 PM",140765.55,001002,2D2,38.934751414,25113281,"7/26/2025, 7:30:17 PM",6
001004 2,day,theft/other,,precinct 31,"7/29/2025, 12:35:00 PM",2025,,cluster 11,theft/other,393070.63,property|theft/other,"38.9483570552,-77.0799373128",-77.0799373128,3E,4500 - 4537 block of wisconsin avenue nw,3,2,others,property,202,"7/29/2025, 11:01:00 AM",142276.38,001004,2D1,38.9483570552,25114711,"7/29/2025, 1:46:40 PM",6
001002 1,day,motor vehicle theft,,precinct 10,"9/25/2023, 10:40:00 PM",2023,,cluster 14,motor vehicle theft,392798.58,property|motor vehicle theft,"38.9358388469,-77.0830611003",-77.0830611003,3A,4200 - 4349 block of massachusetts avenue nw,3,2,others,property,204,"9/25/2023, 9:28:00 PM",140886.99,001002,2D2,38.9358388469,23158786,"9/26/2023, 1:10:26 PM",8
001100 4,day,theft/other,,precinct 32,,2025,,cluster 11,theft/other,393173.95,property|theft/other,"38.9487916125,-77.0787458915",-77.0787458915,3E,4500 - 4599 block of 40th street nw,3,2,others,property,202,"12/17/2025, 6:14:00 AM",142324.53,001100,2D1,38.9487916125,25189114,"12/17/2025, 7:05:05 AM",6
001003 1,day,theft f/auto,,precinct 31,"7/15/2023, 12:00:00 PM",2023,,cluster 11,theft f/auto,392058.84,property|theft f/auto,"38.9496918048,-77.0916110559",-77.0916110559,3E,4600 - 4699 block of brandywine street nw,3,2,others,property,202,"7/15/2023, 10:00:00 AM",142425.5,001003,2D1,38.9496918048,23130878,"8/10/2023, 2:40:36 PM",7
000904 2,evening,theft f/auto,,precinct 9,,2023,,cluster 13,theft f/auto,391193.73,property|theft f/auto,"38.9389534371,-77.101575867",-77.101575867,3D,5132 - 5172 block of tilden street nw,3,2,others,property,205,"8/25/2023, 12:00:00 AM",141234.36,000904,2D2,38.9389534371,23140780,"8/26/2023, 8:41:54 PM",7
000904 1,evening,theft f/auto,,precinct 8,"8/11/2023, 1:36:00 PM",2023,,cluster 13,theft f/auto,391227.55,property|theft f/auto,"38.9337162641,-77.101178338",-77.101178338,3D,5000 - 5099 block of millwood lane nw,3,2,others,property,205,"8/11/2023, 1:10:00 PM",140652.95,000904,2D2,38.9337162641,23137724,"8/21/2023, 5:17:43 PM",7
001004 2,evening,theft/other,,precinct 31,"4/23/2026, 3:50:00 PM",2026,,cluster 11,theft/other,393070.63,property|theft/other,"38.9483570552,-77.0799373128",-77.0799373128,3E,4500 - 4537 block of wisconsin avenue nw,3,2,others,property,202,"4/23/2026, 2:46:00 PM",142276.38,001004,2D1,38.9483570552,26053986,"4/23/2026, 4:14:54 PM",6
001004 2,day,theft/other,,precinct 31,"9/22/2023, 11:18:00 AM",2023,,cluster 11,theft/other,393070.63,property|theft/other,"38.9483570552,-77.0799373128",-77.0799373128,3E,4500 - 4537 block of wisconsin avenue nw,3,2,others,property,202,"9/22/2023, 11:15:00 AM",142276.38,001004,2D1,38.9483570552,23156539,"9/22/2023, 12:12:29 PM",6
001002 4,evening,theft/other,,precinct 29,"8/22/2025, 8:58:00 PM",2025,,cluster 14,theft/other,393645.65,property|theft/other,"38.934751414,-77.0732898841",-77.0732898841,3A,3700 - 3749 block of newark street nw,3,2,others,property,204,"8/1/2025, 8:57:00 PM",140765.55,001002,2D2,38.934751414,25128222,"8/22/2025, 9:05:20 PM",6
000904 2,day,motor vehicle theft,,precinct 9,"1/3/2023, 6:30:00 AM",2023,,cluster 13,motor vehicle theft,391375,property|motor vehicle theft,"38.9442668797,-77.0994924234",-77.0994924234,3D,5000 - 5017 block of warren street nw,3,2,others,property,205,"1/3/2023, 6:25:00 AM",141824,000904,2D2,38.9442668797,23001177,"1/3/2023, 7:55:25 AM",8
000904 2,day,theft f/auto,,precinct 9,,2025,,cluster 13,theft f/auto,391587.02,property|theft f/auto,"38.9460519441,-77.0970491269",-77.0970491269,3D,4900 - 4908 block of massachusetts avenue nw,3,2,others,property,205,"9/23/2025, 9:37:00 AM",142021.93,000904,2D2,38.9460519441,25145503,"9/23/2025, 1:22:01 PM",7
001003 1,evening,theft f/auto,,precinct 31,"1/2/2024, 1:47:00 PM",2024,,cluster 11,theft f/auto,392058.84,property|theft f/auto,"38.9496918048,-77.0916110559",-77.0916110559,3E,4600 - 4699 block of brandywine street nw,3,2,others,property,202,"1/2/2024, 12:18:00 PM",142425.5,001003,2D1,38.9496918048,24000839,"1/2/2024, 5:03:42 PM",7
000704 1,day,motor vehicle theft,,precinct 28,"1/12/2024, 6:00:00 AM",2024,,cluster 14,motor vehicle theft,393681.01,property|motor vehicle theft,"38.9304475926,-77.0728776493",-77.0728776493,3A,3000 - 3199 block of wisconsin avenue nw,3,2,others,property,204,"1/11/2024, 4:00:00 PM",140287.76,000704,2D2,38.9304475926,24005896,"1/12/2024, 12:23:56 PM",8
001002 4,evening,theft/other,,precinct 29,"11/11/2025, 4:25:00 PM",2025,,cluster 14,theft/other,393645.65,property|theft/other,"38.934751414,-77.0732898841",-77.0732898841,3A,3700 - 3749 block of newark street nw,3,2,others,property,204,"11/11/2025, 3:35:00 PM",140765.55,001002,2D2,38.934751414,25171724,"11/11/2025, 4:27:52 PM",6
001004 2,day,theft/other,,precinct 31,"3/22/2023, 10:50:00 AM",2023,,cluster 11,theft/other,393070,property|theft/other,"38.9483536271,-77.0799445766",-77.0799445766,3E,4500 - 4537 block of wisconsin avenue nw,3,2,others,property,202,"3/22/2023, 10:48:00 AM",142276,001004,2D1,38.9483536271,23044334,"3/22/2023, 11:42:46 AM",6
001004 2,day,theft/other,,precinct 31,"8/7/2023, 10:00:00 AM",2023,,cluster 11,theft/other,393070.63,property|theft/other,"38.9483570552,-77.0799373128",-77.0799373128,3E,4500 - 4537 block of wisconsin avenue nw,3,2,others,property,202,"8/7/2023, 9:20:00 AM",142276.38,001004,2D1,38.9483570552,23128761,"8/7/2023, 10:24:01 AM",6
001100 4,day,theft/other,,precinct 32,"9/24/2025, 11:00:00 AM",2025,,cluster 11,theft/other,393039.43,property|theft/other,"38.9492466458,-77.0802982386",-77.0802982386,3E,4530 - 4599 block of wisconsin avenue nw,3,2,others,property,202,"9/24/2025, 10:53:00 AM",142375.16,001100,2D1,38.9492466458,25146012,"9/24/2025, 12:59:24 PM",6
001002 1,day,motor vehicle theft,,precinct 10,"10/17/2025, 2:34:00 PM",2025,,cluster 14,motor vehicle theft,392798.58,property|motor vehicle theft,"38.9358388469,-77.0830611003",-77.0830611003,3A,4200 - 4349 block of massachusetts avenue nw,3,2,others,property,204,"10/17/2025, 12:48:00 PM",140886.99,001002,2D2,38.9358388469,25158219,"10/17/2025, 2:48:55 PM",8
001002 2,day,theft/other,,precinct 29,"12/12/2025, 1:38:00 PM",2025,,cluster 14,theft/other,393254.53,property|theft/other,"38.9400305108,-77.0778067509",-77.0778067509,3A,10 - 99 block of ridge square nw,3,2,others,property,204,"12/12/2025, 1:17:00 PM",141351.9,001002,2D2,38.9400305108,25186906,"12/12/2025, 1:56:14 PM",6
001004 2,evening,theft/other,,precinct 31,"11/13/2024, 4:25:00 PM",2024,,cluster 11,theft/other,393070.63,property|theft/other,"38.9483570552,-77.0799373128",-77.0799373128,3E,4500 - 4537 block of wisconsin avenue nw,3,2,others,property,202,"11/13/2024, 4:20:00 PM",142276.38,001004,2D1,38.9483570552,24176643,"11/14/2024, 8:40:41 PM",6
000903 2,evening,burglary,,precinct 9,"2/16/2025, 2:51:00 PM",2025,,cluster 13,burglary,391832.75,property|burglary,"38.9350778468,-77.0941999714",-77.0941999714,3D,4800 - 4899 block of glenbrook road nw,3,2,others,property,205,"2/16/2025, 2:49:00 PM",140803.45,000903,2D2,38.9350778468,25022975,"2/16/2025, 4:16:28 PM",5
001004 2,day,theft/other,,precinct 31,"2/21/2025, 11:41:00 AM",2025,,cluster 11,theft/other,393070.63,property|theft/other,"38.9483570552,-77.0799373128",-77.0799373128,3E,4500 - 4537 block of wisconsin avenue nw,3,2,others,property,202,"2/21/2025, 11:38:00 AM",142276.38,001004,2D1,38.9483570552,25026972,"2/24/2025, 1:58:53 PM",6
001002 4,evening,theft f/auto,,precinct 29,"2/26/2024, 3:10:00 PM",2024,,cluster 14,theft f/auto,393550.16,property|theft f/auto,"38.9360923238,-77.0743926472",-77.0743926472,3A,3400 - 3499 block of 38th street nw,3,2,others,property,204,"2/26/2024, 10:00:00 AM",140914.48,001002,2D2,38.9360923238,24029763,"2/26/2024, 3:43:47 PM",7
000903 2,day,theft f/auto,,precinct 9,"5/21/2025, 11:09:00 AM",2025,,cluster 13,theft f/auto,391611.38,property|theft f/auto,"38.9450422591,-77.096766748",-77.096766748,3D,4300 - 4369 block of 49th street nw,3,2,others,property,205,"5/21/2025, 10:50:00 AM",141909.82,000903,2D2,38.9450422591,25075403,"5/21/2025, 11:34:56 AM",7
001100 4,evening,theft/other,,precinct 32,"11/15/2023, 12:15:00 PM",2023,,cluster 11,theft/other,393039.43,property|theft/other,"38.9492466458,-77.0802982386",-77.0802982386,3E,4530 - 4599 block of wisconsin avenue nw,3,2,others,property,202,"11/15/2023, 11:45:00 AM",142375.16,001100,2D1,38.9492466458,23187422,"11/15/2023, 4:49:10 PM",6
000704 2,day,theft f/auto,,precinct 28,"2/10/2023, 1:00:00 PM",2023,,cluster 14,theft f/auto,393371,property|theft f/auto,"38.9290151498,-77.0764514957",-77.0764514957,3A,3822 - 3899 block of cathedral avenue nw,3,2,others,property,204,"2/10/2023, 7:00:00 AM",140129,000704,2D2,38.9290151498,23022875,"2/11/2023, 10:29:36 AM",7
000600 4,evening,motor vehicle theft,,precinct 27,"2/12/2025, 4:30:00 PM",2025,,cluster 15,motor vehicle theft,393962.14,property|motor vehicle theft,"38.9390881669,-77.0696437829",-77.0696437829,3A,3500 - 3599 block of rodman street nw,3,2,others,property,203,"2/10/2025, 2:00:00 PM",141246.72,000600,2D1,38.9390881669,25021046,"2/12/2025, 6:26:23 PM",8
000703 1,evening,theft/other,,precinct 28,"2/27/2023, 2:55:00 PM",2023,,cluster 14,theft/other,393245,property|theft/other,"38.9290952649,-77.0779047272",-77.0779047272,3A,3900 - 3999 block of cathedral avenue nw,3,2,others,property,204,"2/1/2023, 6:56:00 PM",140138,000703,2D2,38.9290952649,23031603,"2/27/2023, 3:57:29 PM",6
001100 4,day,theft/other,,precinct 32,"10/26/2025, 12:27:00 PM",2025,,cluster 11,theft/other,393039.43,property|theft/other,"38.9492466458,-77.0802982386",-77.0802982386,3E,4530 - 4599 block of wisconsin avenue nw,3,2,others,property,202,"10/26/2025, 11:59:00 AM",142375.16,001100,2D1,38.9492466458,25163005,"10/26/2025, 1:10:43 PM",6
000704 1,evening,theft/other,,precinct 28,"3/7/2025, 6:50:00 PM",2025,,cluster 14,theft/other,393705.62,property|theft/other,"38.932208262,-77.0725956118",-77.0725956118,3A,3200 - 3218 block of wisconsin avenue nw,3,2,others,property,204,"3/7/2025, 6:41:00 PM",140483.19,000704,2D2,38.932208262,25033189,"3/7/2025, 7:40:51 PM",6
000804 3,evening,theft f/auto,,precinct 9,"2/5/2025, 2:15:00 PM",2025,,cluster 13,theft f/auto,392356.91,property|theft f/auto,"38.9353079504,-77.0881546625",-77.0881546625,3D,3401 - 3499 block of nebraska avenue nw,3,2,others,property,205,"2/5/2025, 12:30:00 PM",140828.47,000804,2D2,38.9353079504,25018147,"2/6/2025, 10:28:10 PM",7
001002 2,day,theft/other,,precinct 29,"3/16/2025, 8:31:00 AM",2025,,cluster 14,theft/other,393254.53,property|theft/other,"38.9400305108,-77.0778067509",-77.0778067509,3A,10 - 99 block of ridge square nw,3,2,others,property,204,"3/16/2025, 8:15:00 AM",141351.9,001002,2D2,38.9400305108,25037850,"3/17/2025, 12:47:02 PM",6
001002 2,evening,theft/other,,precinct 29,"5/15/2026, 6:49:00 PM",2026,,cluster 14,theft/other,393391.9,property|theft/other,"38.9417022317,-77.0762240207",-77.0762240207,3A,4000 - 4099 block of wisconsin avenue nw,3,2,others,property,204,"5/15/2026, 5:10:00 PM",141537.36,001002,2D2,38.9417022317,26068021,"5/19/2026, 7:36:45 PM",6
000703 1,day,theft f/auto,,precinct 28,"10/16/2024, 11:42:00 AM",2024,,cluster 14,theft f/auto,393250.96,property|theft f/auto,"38.9303971911,-77.0778374123",-77.0778374123,3A,3000 - 3099 block of idaho avenue nw,3,2,others,property,204,"10/16/2024, 11:05:00 AM",140282.52,000703,2D2,38.9303971911,24160431,"10/16/2024, 1:29:11 PM",7
001100 4,evening,theft/other,,precinct 32,"4/23/2025, 3:51:00 PM",2025,,cluster 11,theft/other,393194.51,property|theft/other,"38.9487768183,-77.0785086932",-77.0785086932,3E,4500 - 4599 block of fort drive nw,3,2,others,property,202,"4/23/2025, 2:17:00 PM",142322.87,001100,2D1,38.9487768183,25059009,"4/24/2025, 8:48:22 PM",6
001100 4,evening,theft/other,,precinct 32,"4/12/2026, 4:00:00 PM",2026,,cluster 11,theft/other,393194.51,property|theft/other,"38.9487768183,-77.0785086932",-77.0785086932,3E,4500 - 4599 block of fort drive nw,3,2,others,property,202,"4/12/2026, 1:00:00 PM",142322.87,001100,2D1,38.9487768183,26048440,"4/12/2026, 4:51:34 PM",6
001002 4,evening,theft/other,,precinct 29,"8/25/2025, 6:06:00 PM",2025,,cluster 14,theft/other,393645.65,property|theft/other,"38.934751414,-77.0732898841",-77.0732898841,3A,3700 - 3749 block of newark street nw,3,2,others,property,204,"8/25/2025, 4:22:00 PM",140765.55,001002,2D2,38.934751414,25129765,"8/25/2025, 7:37:19 PM",6
001002 4,midnight,theft/other,,precinct 29,"9/9/2025, 10:38:00 PM",2025,,cluster 14,theft/other,393645.65,property|theft/other,"38.934751414,-77.0732898841",-77.0732898841,3A,3700 - 3749 block of newark street nw,3,2,others,property,204,"9/9/2025, 9:56:00 PM",140765.55,001002,2D2,38.934751414,25138159,"9/9/2025, 11:12:15 PM",6
001004 3,day,motor vehicle theft,,precinct 30,"3/21/2026, 9:00:00 AM",2026,,cluster 11,motor vehicle theft,392631.49,property|motor vehicle theft,"38.9447828709,-77.0849989778",-77.0849989778,3E,4300 - 4399 block of warren street nw,3,2,others,property,202,"3/20/2026, 8:00:00 AM",141880.01,001004,2D1,38.9447828709,26037485,"3/22/2026, 2:59:30 PM",8
001002 4,midnight,theft/other,,precinct 29,"9/13/2025, 8:23:00 PM",2025,,cluster 14,theft/other,393645.65,property|theft/other,"38.934751414,-77.0732898841",-77.0732898841,3A,3700 - 3749 block of newark street nw,3,2,others,property,204,"9/13/2025, 6:05:00 PM",140765.55,001002,2D2,38.934751414,25140389,"9/14/2025, 1:35:24 AM",6
001003 1,day,motor vehicle theft,,precinct 31,"1/12/2025, 6:30:00 AM",2025,,cluster 11,motor vehicle theft,391769.97,property|motor vehicle theft,"38.9496928393,-77.0949435295",-77.0949435295,3E,4800 - 4823 block of brandywine street nw,3,2,others,property,202,"1/11/2025, 9:00:00 PM",142425.91,001003,2D1,38.9496928393,25005177,"1/12/2025, 7:56:18 AM",8
001002 2,day,theft/other,,precinct 30,"4/18/2024, 12:00:00 PM",2024,,cluster 11,theft/other,393135.7,property|theft/other,"38.9431623118,-77.079180894",-77.079180894,3A,3920 - 4099 block of van ness street nw,3,2,others,property,202,"4/15/2024, 7:00:00 PM",141699.66,001002,2D1,38.9431623118,24061091,"4/24/2024, 9:17:28 AM",6
001002 4,day,theft/other,,precinct 29,"12/31/2024, 11:00:00 AM",2024,,cluster 14,theft/other,393645.65,property|theft/other,"38.934751414,-77.0732898841",-77.0732898841,3A,3700 - 3749 block of newark street nw,3,2,others,property,204,"12/31/2024, 10:53:00 AM",140765.55,001002,2D2,38.934751414,24201936,"12/31/2024, 12:07:59 PM",6
001002 4,evening,theft/other,,precinct 29,"2/26/2026, 4:40:00 PM",2026,,cluster 14,theft/other,393645.65,property|theft/other,"38.934751414,-77.0732898841",-77.0732898841,3A,3700 - 3749 block of newark street nw,3,2,others,property,204,"2/26/2026, 4:28:00 PM",140765.55,001002,2D2,38.934751414,26025762,"2/26/2026, 5:20:30 PM",6
001002 4,evening,motor vehicle theft,,precinct 29,"11/27/2024, 4:00:00 PM",2024,,cluster 14,motor vehicle theft,393558.37,property|motor vehicle theft,"38.9370775311,-77.0742989795",-77.0742989795,3A,3800 - 3814 block of porter street nw,3,2,others,property,204,"11/24/2024, 6:00:00 PM",141023.84,001002,2D2,38.9370775311,24184518,"11/27/2024, 4:30:17 PM",8
001004 2,day,theft/other,,precinct 31,"11/27/2024, 9:41:00 AM",2024,,cluster 11,theft/other,392579.9,property|theft/other,"38.9510406648,-77.0856016053",-77.0856016053,3E,4311 - 4399 block of chesapeake street nw,3,2,others,property,202,"11/27/2024, 9:39:00 AM",142574.73,001004,2D1,38.9510406648,24425052,"12/3/2024, 12:07:20 PM",6
000804 1,day,theft/other,,precinct 10,"9/1/2022, 1:00:00 PM",2022,,cluster 13,theft/other,392104,property|theft/other,"38.9308107528,-77.0910659589",-77.0910659589,3D,3040 - 3099 block of foxhall road nw,3,2,others,property,205,"9/1/2022, 12:00:00 PM",140329.49,000804,2D2,38.9308107528,22139408,"9/26/2022, 10:04:04 AM",6
001003 3,midnight,motor vehicle theft,,precinct 30,"8/23/2026, 11:29:00 PM",2026,,cluster 11,motor vehicle theft,392058.18,property|motor vehicle theft,"38.946286041,-77.0916142927",-77.0916142927,3E,4600 - 4699 block of yuma street nw,3,2,others,property,202,"8/23/2026, 10:24:00 PM",142047.43,001003,2D1,38.946286041,26119322,"8/24/2026, 12:32:30 AM",8
001004 2,midnight,theft/other,,precinct 31,"9/16/2026, 6:00:00 AM",2026,,cluster 11,theft/other,393070.63,property|theft/other,"38.9483570552,-77.0799373128",-77.0799373128,3E,4500 - 4537 block of wisconsin avenue nw,3,2,others,property,202,"9/16/2026, 5:00:00 AM",142276.38,001004,2D1,38.9483570552,26132204,"9/17/2026, 5:58:18 AM",6
001002 2,evening,theft/other,,precinct 29,"7/25/2026, 4:40:00 PM",2026,,cluster 14,theft/other,393254.53,property|theft/other,"38.9400305108,-77.0778067509",-77.0778067509,3A,10 - 99 block of ridge square nw,3,2,others,property,204,"7/25/2026, 4:09:00 PM",141351.9,001002,2D2,38.9400305108,26103884,"7/25/2026, 5:41:48 PM",6
001100 4,evening,theft f/auto,,precinct 32,"9/26/2025, 3:18:00 PM",2025,,cluster 11,theft f/auto,392954.19999141,property|theft f/auto,"38.9520661854,-77.0812846808",-77.0812846808,3E,davenport street nw and wisconsin avenue nw,3,2,others,property,202,"9/26/2025, 3:00:00 PM",142688.23001785,001100,2D1,38.9520661854,25147263,"9/26/2025, 9:35:00 PM",7
001100 4,evening,robbery,,precinct 32,"9/19/2025, 6:00:00 PM",2025,,cluster 11,robbery,393070.63,violent|robbery,"38.9483570552,-77.0799373128",-77.0799373128,3E,4500 - 4537 block of wisconsin avenue nw,3,2,others,violent,202,"9/19/2025, 4:05:00 PM",142276.38,001100,2D1,38.9483570552,25143502,"9/19/2025, 5:50:45 PM",4
001002 4,day,theft/other,,precinct 29,"10/10/2025, 11:52:00 AM",2025,,cluster 14,theft/other,393645.65,property|theft/other,"38.934751414,-77.0732898841",-77.0732898841,3A,3700 - 3749 block of newark street nw,3,2,others,property,204,"10/10/2025, 11:47:00 AM",140765.55,001002,2D2,38.934751414,25154689,"10/10/2025, 12:18:15 PM",6
001003 3,day,motor vehicle theft,,precinct 30,"3/9/2026, 9:01:00 AM",2026,,cluster 11,motor vehicle theft,392231.02,property|motor vehicle theft,"38.9479076347,-77.0896225038",-77.0896225038,3E,4500 - 4599 block of albemarle street nw,3,2,others,property,202,"3/9/2026, 7:15:00 AM",142227.27,001003,2D1,38.9479076347,26030798,"3/9/2026, 9:18:35 AM",8
001002 2,day,theft/other,,precinct 29,"7/11/2025, 1:25:00 PM",2025,,cluster 11,theft/other,393344.88,property|theft/other,"38.9426890947,-77.0767674562",-77.0767674562,3A,4100 - 4199 block of wisconsin avenue nw,3,2,others,property,202,"7/11/2025, 12:19:00 PM",141646.95,001002,2D1,38.9426890947,25104431,"7/11/2025, 1:25:08 PM",6
001200 2,evening,motor vehicle theft,,precinct 33,"4/10/2026, 5:08:00 PM",2026,,cluster 11,motor vehicle theft,393374.04,property|motor vehicle theft,"38.9489914166,-77.07643785",-77.07643785,3E,4501 - 4599 block of nebraska avenue nw,3,2,others,property,202,"4/10/2026, 3:12:00 PM",142346.54,001200,2D1,38.9489914166,26047376,"4/10/2026, 5:29:41 PM",8
001002 2,day,theft/other,,precinct 29,"3/31/2024, 5:08:00 PM",2024,,cluster 14,theft/other,393254.53,property|theft/other,"38.9400305108,-77.0778067509",-77.0778067509,3A,10 - 99 block of ridge square nw,3,2,others,property,204,"3/31/2024, 5:03:00 PM",141351.9,001002,2D2,38.9400305108,24048249,"4/1/2024, 10:36:29 AM",6
000704 2,day,theft f/auto,,precinct 28,"2/21/2024, 10:00:00 AM",2024,,cluster 14,theft f/auto,393319.05,property|theft f/auto,"38.9282730122,-77.0770498273",-77.0770498273,3A,2900 - 2999 block of 39th street nw,3,2,others,property,204,"2/20/2024, 10:00:00 PM",140046.66,000704,2D2,38.9282730122,24026933,"2/21/2024, 10:07:46 AM",7
000904 2,evening,theft f/auto,,precinct 9,"6/2/2023, 2:45:00 PM",2023,,cluster 13,theft f/auto,391265.04,property|theft f/auto,"38.9414381838,-77.1007568535",-77.1007568535,3D,4000 - 4099 block of 51st street nw,3,2,others,property,205,"6/2/2023, 2:00:00 PM",141510.11,000904,2D2,38.9414381838,23090374,"6/6/2023, 7:06:16 PM",7
000600 4,evening,theft/other,,precinct 29,"7/7/2024, 5:00:00 PM",2024,,cluster 15,theft/other,393721.67,property|theft/other,"38.9396905773,-77.0724181001",-77.0724181001,3A,3700 - 3999 block of 37th street nw,3,2,others,property,203,"7/7/2024, 4:00:00 PM",141313.78,000600,2D1,38.9396905773,24104093,"7/7/2024, 5:36:51 PM",6
001100 4,midnight,theft/other,,precinct 32,"7/8/2024, 2:45:00 PM",2024,,cluster 11,theft/other,393194.51,property|theft/other,"38.9487768183,-77.0785086932",-77.0785086932,3E,4500 - 4599 block of fort drive nw,3,2,others,property,202,"7/8/2024, 1:45:00 PM",142322.87,001100,2D1,38.9487768183,24104829,"7/9/2024, 1:16:19 AM",6
000600 4,midnight,theft f/auto,,precinct 27,"10/25/2023, 5:00:00 PM",2023,,cluster 15,theft f/auto,394049.37,property|theft f/auto,"38.9368103846,-77.0686354343",-77.0686354343,3C,3500 - 3599 block of 35th street nw,3,2,others,property,203,"10/24/2023, 9:00:00 PM",140993.8,000600,2D1,38.9368103846,23184558,"11/9/2023, 11:41:50 PM",7
001003 3,evening,robbery,,precinct 30,"7/26/2026, 8:30:00 PM",2026,,cluster 11,robbery,391971.28,violent|robbery,"38.9466925152,-77.0926172717",-77.0926172717,3E,4400 - 4420 block of 47th street nw,3,2,others,violent,202,"7/26/2026, 7:24:00 PM",142092.64,001003,2D1,38.9466925152,26104502,"7/26/2026, 8:35:09 PM",4
001100 4,evening,robbery,,precinct 32,"10/31/2023, 4:27:00 PM",2023,,cluster 11,robbery,393173.95,violent|robbery,"38.9487916125,-77.0787458915",-77.0787458915,3E,4500 - 4599 block of 40th street nw,3,2,others,violent,202,"10/31/2023, 4:22:00 PM",142324.53,001100,2D1,38.9487916125,23179289,"10/31/2023, 5:00:03 PM",4
001002 1,day,theft f/auto,,precinct 29,"8/5/2026, 10:42:00 AM",2026,,cluster 11,theft f/auto,393135.7,property|theft f/auto,"38.9431623118,-77.079180894",-77.079180894,3A,3920 - 4099 block of van ness street nw,3,2,others,property,204,"8/5/2026, 10:39:00 AM",141699.66,001002,2D2,38.9431623118,26109475,"8/5/2026, 12:35:16 PM",7
000703 1,day,robbery,,precinct 28,"1/13/2024, 10:04:00 AM",2024,,cluster 14,robbery,393250.96,violent|robbery,"38.9303971911,-77.0778374123",-77.0778374123,3A,3000 - 3099 block of idaho avenue nw,3,2,gun,violent,205,"1/13/2024, 10:00:00 AM",140282.52,000703,2D2,38.9303971911,24006459,"1/13/2024, 12:00:29 PM",4
000703 1,evening,theft/other,,precinct 28,"8/14/2023, 6:00:00 PM",2023,,cluster 14,theft/other,393203.59,property|theft/other,"38.9324226132,-77.0783859624",-77.0783859624,3A,3900 - 4099 block of massachusetts avenue nw,3,2,others,property,205,"8/13/2023, 3:00:00 PM",140507.4,000703,2D2,38.9324226132,23134787,"8/16/2023, 7:43:35 PM",6
001200 4,day,motor vehicle theft,,precinct 33,"1/16/2023, 7:30:00 AM",2023,,cluster 11,motor vehicle theft,393321,property|motor vehicle theft,"38.9443739127,-77.0770447352",-77.0770447352,3E,4210 - 4299 block of 39th street nw,3,2,others,property,202,"1/16/2023, 12:30:00 AM",141834,001200,2D1,38.9443739127,23008225,"1/16/2023, 9:40:37 AM",8
001002 2,evening,theft f/auto,,precinct 29,"6/29/2026, 6:00:00 PM",2026,,cluster 14,theft f/auto,393264.76,property|theft f/auto,"38.9373808006,-77.077685864",-77.077685864,3A,3600 - 3699 block of 39th street nw,3,2,others,property,204,"6/16/2026, 8:00:00 AM",141057.75,001002,2D2,38.9373808006,26091062,"7/1/2026, 8:00:40 PM",7
001100 4,evening,theft/other,,precinct 32,"3/2/2023, 2:00:00 PM",2023,,cluster 11,theft/other,393102,property|theft/other,"38.9496780951,-77.0795769026",-77.0795769026,3E,4000 - 4099 block of brandywine street nw,3,2,others,property,202,"3/2/2023, 1:15:00 PM",142423,001100,2D1,38.9496780951,23033403,"3/2/2023, 5:16:08 PM",6
001100 4,evening,theft f/auto,,precinct 32,"5/2/2023, 2:15:00 PM",2023,,cluster 11,theft f/auto,393038,property|theft f/auto,"38.951407178,-77.0803171696",-77.0803171696,3E,4700 - 4799 block of 41st street nw,3,2,others,property,202,"4/30/2023, 4:00:00 PM",142615,001100,2D1,38.951407178,23068647,"5/2/2023, 8:34:48 PM",7
000704 2,day,motor vehicle theft,,precinct 28,"1/24/2024, 1:35:00 PM",2024,,cluster 14,motor vehicle theft,393563.34,property|motor vehicle theft,"38.9293890733,-77.0742336494",-77.0742336494,3A,3701 - 3799 block of massachusetts avenue nw,3,2,others,property,204,"1/24/2024, 1:25:00 PM",140170.35,000704,2D2,38.9293890733,24011770,"1/24/2024, 2:15:49 PM",8
001002 4,evening,theft/other,,precinct 29,"9/16/2025, 7:15:00 PM",2025,,cluster 14,theft/other,393645.65,property|theft/other,"38.934751414,-77.0732898841",-77.0732898841,3A,3700 - 3749 block of newark street nw,3,2,others,property,204,"9/16/2025, 6:52:00 PM",140765.55,001002,2D2,38.934751414,25141985,"9/16/2025, 7:55:14 PM",6
001002 4,evening,theft/other,,precinct 29,"8/5/2024, 6:17:00 PM",2024,,cluster 14,theft/other,393645.65,property|theft/other,"38.934751414,-77.0732898841",-77.0732898841,3A,3700 - 3749 block of newark street nw,3,2,others,property,204,"8/5/2024, 6:14:00 PM",140765.55,001002,2D2,38.934751414,24120104,"8/5/2024, 6:55:54 PM",6
001003 1,day,theft f/auto,,precinct 31,"6/28/2024, 10:00:00 AM",2024,,cluster 11,theft f/auto,391972.04,property|theft f/auto,"38.950365465,-77.0926132763",-77.0926132763,3E,4600 - 4699 block of 47th street nw,3,2,others,property,202,"6/27/2024, 8:00:00 PM",142500.37,001003,2D1,38.950365465,24098656,"6/28/2024, 11:39:03 AM",7
000903 1,midnight,theft/other,,precinct 9,"12/9/2024, 3:35:00 PM",2024,,cluster 13,theft/other,392375.89,property|theft/other,"38.9394013931,-77.0879407978",-77.0879407978,3E,4400 - 4500 block of massachusetts avenue nw,3,2,others,property,205,"12/8/2024, 2:00:00 PM",141282.86,000903,2D2,38.9394013931,24425220,"12/10/2024, 5:31:22 AM",6
001002 1,evening,theft f/auto,,precinct 10,"2/2/2025, 5:05:00 PM",2025,,cluster 14,theft f/auto,392798.58,property|theft f/auto,"38.9358388469,-77.0830611003",-77.0830611003,3A,4200 - 4349 block of massachusetts avenue nw,3,2,others,property,204,"1/31/2025, 12:40:00 PM",140886.99,001002,2D2,38.9358388469,25016004,"2/2/2025, 5:05:38 PM",7
001002 4,evening,theft/other,,precinct 29,,2024,,cluster 14,theft/other,393645.65,property|theft/other,"38.934751414,-77.0732898841",-77.0732898841,3A,3700 - 3749 block of newark street nw,3,2,others,property,204,"4/4/2024, 7:47:00 PM",140765.55,001002,2D2,38.934751414,24050449,"4/4/2024, 8:12:55 PM",6
001100 4,midnight,theft/other,,precinct 32,"10/19/2024, 10:40:00 PM",2024,,cluster 11,theft/other,393039.43,property|theft/other,"38.9492466458,-77.0802982386",-77.0802982386,3E,4530 - 4599 block of wisconsin avenue nw,3,2,others,property,202,"10/19/2024, 10:30:00 PM",142375.16,001100,2D1,38.9492466458,24162521,"10/20/2024, 2:19:44 AM",6
000600 3,day,theft/other,,precinct 27,"3/31/2026, 6:30:00 PM",2026,,cluster 15,theft/other,393716.95,property|theft/other,"38.9330137754,-77.072465757",-77.072465757,3A,3201 - 3299 block of wisconsin avenue nw,3,2,others,property,204,"3/31/2026, 6:00:00 PM",140572.6,000600,2D2,38.9330137754,26421316,"4/8/2026, 11:01:17 AM",6
001004 2,evening,theft/other,,precinct 31,"10/13/2025, 3:25:00 PM",2025,,cluster 11,theft/other,393070.63,property|theft/other,"38.9483570552,-77.0799373128",-77.0799373128,3E,4500 - 4537 block of wisconsin avenue nw,3,2,others,property,202,"10/13/2025, 3:20:00 PM",142276.38,001004,2D1,38.9483570552,25156326,"10/13/2025, 4:46:09 PM",6
001004 3,day,motor vehicle theft,,precinct 30,"10/17/2025, 9:29:00 AM",2025,,cluster 11,motor vehicle theft,392631.89,property|motor vehicle theft,"38.9462866262,-77.0849961566",-77.0849961566,3E,4300 - 4399 block of yuma street nw,3,2,others,property,202,"10/17/2025, 8:29:00 AM",142046.94,001004,2D1,38.9462866262,25158117,"10/17/2025, 9:48:24 AM",8
001002 2,day,motor vehicle theft,,precinct 30,"8/6/2023, 9:30:00 AM",2023,,cluster 11,motor vehicle theft,393172.47,property|motor vehicle theft,"38.9443903371,-77.0787581022",-77.0787581022,3A,4200 - 4299 block of 40th street nw,3,2,others,property,202,"8/5/2023, 1:00:00 PM",141835.95,001002,2D1,38.9443903371,23128252,"8/6/2023, 11:12:19 AM",8
001004 2,day,theft/other,,precinct 31,"11/14/2023, 8:51:00 AM",2023,,cluster 11,theft/other,393070.63,property|theft/other,"38.9483570552,-77.0799373128",-77.0799373128,3E,4500 - 4537 block of wisconsin avenue nw,3,2,others,property,202,"11/14/2023, 8:41:00 AM",142276.38,001004,2D1,38.9483570552,23186757,"11/14/2023, 2:48:19 PM",6
001100 4,evening,theft/other,,precinct 32,"1/13/2025, 5:04:00 PM",2025,,cluster 11,theft/other,393173.95,property|theft/other,"38.9487916125,-77.0787458915",-77.0787458915,3E,4500 - 4599 block of 40th street nw,3,2,others,property,202,"1/12/2025, 4:19:00 AM",142324.53,001100,2D1,38.9487916125,25420191,"1/14/2025, 6:31:33 PM",6
001002 4,evening,theft/other,,precinct 29,"10/18/2025, 10:06:00 PM",2025,,cluster 14,theft/other,393645.65,property|theft/other,"38.934751414,-77.0732898841",-77.0732898841,3A,3700 - 3749 block of newark street nw,3,2,others,property,204,"10/18/2025, 7:13:00 PM",140765.55,001002,2D2,38.934751414,25158991,"10/18/2025, 10:26:01 PM",6
001004 2,day,theft/other,,precinct 31,"2/4/2026, 12:10:00 PM",2026,,cluster 11,theft/other,393070.63,property|theft/other,"38.9483570552,-77.0799373128",-77.0799373128,3E,4500 - 4537 block of wisconsin avenue nw,3,2,others,property,202,"2/4/2026, 8:09:00 AM",142276.38,001004,2D1,38.9483570552,26015365,"2/4/2026, 12:20:03 PM",6
001002 1,evening,theft f/auto,,precinct 10,"2/24/2023, 3:00:00 PM",2023,,cluster 14,theft f/auto,392798,property|theft f/auto,"38.935829924,-77.0830677796",-77.0830677796,3A,4200 - 4349 block of massachusetts avenue nw,3,2,others,property,204,"2/24/2023, 2:36:00 PM",140886,001002,2D2,38.935829924,23030081,"2/24/2023, 3:54:19 PM",7
001003 3,evening,theft/other,,precinct 30,"5/10/2026, 7:50:00 AM",2026,,cluster 11,theft/other,392058.18,property|theft/other,"38.946286041,-77.0916142927",-77.0916142927,3E,4600 - 4699 block of yuma street nw,3,2,others,property,202,"5/10/2026, 7:49:00 AM",142047.43,001003,2D1,38.946286041,26421730,"5/12/2026, 5:01:17 PM",6
001004 2,evening,theft/other,,precinct 31,"3/20/2025, 9:34:00 PM",2025,,cluster 11,theft/other,393070.63,property|theft/other,"38.9483570552,-77.0799373128",-77.0799373128,3E,4500 - 4537 block of wisconsin avenue nw,3,2,others,property,202,"3/20/2025, 8:40:00 PM",142276.38,001004,2D1,38.9483570552,25040427,"3/20/2025, 9:36:35 PM",6
001200 4,day,theft f/auto,,precinct 33,"9/2/2026, 2:10:00 PM",2026,,cluster 11,theft f/auto,393449.88,property|theft f/auto,"38.9422190208,-77.0755557725",-77.0755557725,3A,3800 - 3899 block of upton street nw,3,2,others,property,202,"8/26/2026, 5:00:00 PM",141594.68,001200,2D1,38.9422190208,26124930,"9/3/2026, 9:31:48 AM",7
001002 1,midnight,theft f/auto,,precinct 10,"9/15/2024, 5:35:00 AM",2024,,cluster 14,theft f/auto,392798.58,property|theft f/auto,"38.9358388469,-77.0830611003",-77.0830611003,3A,4200 - 4349 block of massachusetts avenue nw,3,2,others,property,204,"9/15/2024, 5:00:00 AM",140886.99,001002,2D2,38.9358388469,24142356,"9/15/2024, 5:44:46 AM",7
001002 4,evening,theft/other,,precinct 29,,2023,,cluster 14,theft/other,393720,property|theft/other,"38.9340623633,-77.0724316449",-77.0724316449,3A,3300 - 3399 block of wisconsin avenue nw,3,2,others,property,204,"6/9/2023, 4:49:00 PM",140689,001002,2D2,38.9340623633,23092400,"6/9/2023, 5:17:15 PM",6
001002 4,day,theft/other,,precinct 29,"1/5/2025, 12:45:00 PM",2025,,cluster 14,theft/other,393645.65,property|theft/other,"38.934751414,-77.0732898841",-77.0732898841,3A,3700 - 3749 block of newark street nw,3,2,others,property,204,"1/5/2025, 12:14:00 PM",140765.55,001002,2D2,38.934751414,25002321,"1/5/2025, 12:59:36 PM",6
001100 4,evening,theft/other,,precinct 32,"10/29/2024, 6:51:00 PM",2024,,cluster 11,theft/other,393173.95,property|theft/other,"38.9487916125,-77.0787458915",-77.0787458915,3E,4500 - 4599 block of 40th street nw,3,2,others,property,202,"10/29/2024, 6:45:00 PM",142324.53,001100,2D1,38.9487916125,24168292,"10/29/2024, 7:36:46 PM",6
001004 3,midnight,theft f/auto,,precinct 30,"7/7/2025, 11:15:00 AM",2025,,cluster 11,theft f/auto,392526.57,property|theft f/auto,"38.9435652362,-77.0862078037",-77.0862078037,3E,4200 - 4249 block of 44th street nw,3,2,others,property,202,"7/6/2025, 10:30:00 PM",141744.94,001004,2D1,38.9435652362,25102357,"7/7/2025, 11:45:16 PM",7
001002 4,midnight,theft/other,,precinct 29,"5/5/2025, 11:24:00 PM",2025,,cluster 14,theft/other,393720.86,property|theft/other,"38.9340623694,-77.0724217259",-77.0724217259,3A,3300 - 3399 block of wisconsin avenue nw,3,2,others,property,204,"5/5/2025, 10:54:00 PM",140689,001002,2D2,38.9340623694,25066345,"5/6/2025, 3:59:34 AM",6
000704 1,evening,theft f/auto,,precinct 28,"12/29/2023, 3:04:00 PM",2023,,cluster 14,theft f/auto,393563.34,property|theft f/auto,"38.9293890733,-77.0742336494",-77.0742336494,3A,3701 - 3799 block of massachusetts avenue nw,3,2,others,property,204,"12/29/2023, 1:03:00 PM",140170.35,000704,2D2,38.9293890733,23210632,"12/29/2023, 3:52:13 PM",7
000600 3,day,theft f/auto,,precinct 27,"8/6/2025, 8:20:00 AM",2025,,cluster 15,theft f/auto,393854.15,property|theft f/auto,"38.9340618705,-77.0708843981",-77.0708843981,3A,3300 - 3399 block of 36th street nw,3,2,others,property,203,"8/5/2025, 7:10:00 PM",140688.84,000600,2D1,38.9340618705,25119263,"8/6/2025, 10:13:15 AM",7
000903 2,day,theft/other,,precinct 9,,2022,,cluster 13,theft/other,391970,property|theft/other,"38.9417411926,-77.0926256041",-77.0926256041,3D,4000 - 4099 block of 47th street nw,3,2,others,property,205,"11/28/2022, 11:21:00 AM",141543,000903,2D2,38.9417411926,22173061,"11/28/2022, 12:22:21 PM",6
001100 4,evening,theft/other,,precinct 32,"6/1/2023, 4:03:00 PM",2023,,cluster 11,theft/other,393039,property|theft/other,"38.949245201,-77.0803031975",-77.0803031975,3E,4530 - 4599 block of wisconsin avenue nw,3,2,others,property,202,"6/1/2023, 3:51:00 PM",142375,001100,2D1,38.949245201,23086982,"6/1/2023, 4:10:52 PM",6
001100 4,day,robbery,,precinct 32,"9/23/2022, 10:00:00 AM",2022,,cluster 11,robbery,393039,violent|robbery,"38.949245201,-77.0803031975",-77.0803031975,3E,4530 - 4599 block of wisconsin avenue nw,3,2,gun,violent,202,"9/23/2022, 9:50:00 AM",142375,001100,2D1,38.949245201,22137933,"9/23/2022, 1:29:36 PM",4
001100 4,day,theft/other,,precinct 32,,2025,,cluster 11,theft/other,393173.95,property|theft/other,"38.9487916125,-77.0787458915",-77.0787458915,3E,4500 - 4599 block of 40th street nw,3,2,others,property,202,"12/16/2025, 12:27:00 PM",142324.53,001100,2D1,38.9487916125,25188730,"12/16/2025, 12:54:41 PM",6
001100 4,midnight,theft/other,,precinct 32,"11/8/2024, 6:13:00 AM",2024,,cluster 11,theft/other,393039.43,property|theft/other,"38.9492466458,-77.0802982386",-77.0802982386,3E,4530 - 4599 block of wisconsin avenue nw,3,2,others,property,202,"11/8/2024, 6:00:00 AM",142375.16,001100,2D1,38.9492466458,24173553,"11/8/2024, 6:42:37 AM",6
001002 2,midnight,theft/other,,precinct 29,"12/9/2025, 11:25:00 PM",2025,,cluster 14,theft/other,393254.53,property|theft/other,"38.9400305108,-77.0778067509",-77.0778067509,3A,10 - 99 block of ridge square nw,3,2,others,property,204,"12/9/2025, 11:19:00 PM",141351.9,001002,2D2,38.9400305108,25185715,"12/10/2025, 12:20:51 AM",6
001100 4,day,theft/other,,precinct 32,"9/10/2024, 4:00:00 PM",2024,,cluster 11,theft/other,393173.95,property|theft/other,"38.9487916125,-77.0787458915",-77.0787458915,3E,4500 - 4599 block of 40th street nw,3,2,others,property,202,"9/10/2024, 3:45:00 PM",142324.53,001100,2D1,38.9487916125,24423366,"10/7/2024, 9:21:28 AM",6
001100 4,midnight,theft/other,,precinct 32,"10/17/2022, 1:35:00 AM",2022,,cluster 11,theft/other,393173,property|theft/other,"38.9487868308,-77.0787568455",-77.0787568455,3E,4500 - 4599 block of 40th street nw,3,2,others,property,202,"10/17/2022, 1:27:00 AM",142324,001100,2D1,38.9487868308,22150545,"10/17/2022, 1:56:16 AM",6
001002 3,day,theft/other,,precinct 29,"5/28/2025, 11:07:00 AM",2025,,cluster 14,theft/other,393468.43,property|theft/other,"38.9394409131,-77.075338862",-77.075338862,3A,3800 - 3809 block of rodman street nw,3,2,others,property,204,"5/28/2025, 10:30:00 AM",141286.27,001002,2D2,38.9394409131,25079411,"5/28/2025, 1:58:30 PM",6
000803 2,day,theft f/auto,,precinct 10,"6/2/2026, 6:00:00 PM",2026,,cluster 14,theft f/auto,392994.72,property|theft f/auto,"38.9341858788,-77.0807969499",-77.0807969499,3B,4100 - 4199 block of massachusetts avenue nw,3,2,others,property,205,"6/2/2026, 11:30:00 AM",140703.32,000803,2D2,38.9341858788,26076338,"6/4/2026, 2:52:17 PM",7
001002 4,evening,theft/other,,precinct 29,"12/21/2023, 5:10:00 PM",2023,,cluster 14,theft/other,393645.65,property|theft/other,"38.934751414,-77.0732898841",-77.0732898841,3A,3700 - 3749 block of newark street nw,3,2,others,property,204,"12/21/2023, 5:04:00 PM",140765.55,001002,2D2,38.934751414,23206871,"12/21/2023, 5:43:28 PM",6
001200 4,midnight,theft f/auto,,precinct 33,"9/20/2024, 2:27:00 AM",2024,,cluster 11,theft f/auto,393875.78,property|theft f/auto,"38.9422128145,-77.0706429999",-77.0706429999,3F,3600 - 3699 block of upton street nw,3,2,others,property,202,"9/19/2024, 9:00:00 PM",141593.65,001200,2D1,38.9422128145,24145665,"9/21/2024, 12:59:06 AM",7
001002 2,evening,theft/other,,precinct 29,"7/16/2023, 7:25:00 PM",2023,,cluster 14,theft/other,393254.53,property|theft/other,"38.9400305108,-77.0778067509",-77.0778067509,3A,10 - 99 block of ridge square nw,3,2,others,property,204,"7/16/2023, 7:17:00 PM",141351.9,001002,2D2,38.9400305108,23115317,"7/16/2023, 8:01:39 PM",6
000703 1,day,robbery,,precinct 28,"10/9/2024, 11:30:00 AM",2024,,cluster 14,robbery,393203.59,violent|robbery,"38.9324226132,-77.0783859624",-77.0783859624,3A,3900 - 4099 block of massachusetts avenue nw,3,2,knife,violent,205,"10/9/2024, 11:20:00 AM",140507.4,000703,2D2,38.9324226132,24156583,"10/9/2024, 1:44:57 PM",4
001002 4,day,theft/other,,precinct 29,"5/21/2025, 12:20:00 PM",2025,,cluster 14,theft/other,393645.65,property|theft/other,"38.934751414,-77.0732898841",-77.0732898841,3A,3700 - 3749 block of newark street nw,3,2,others,property,204,"5/21/2025, 12:15:00 PM",140765.55,001002,2D2,38.934751414,25075447,"5/21/2025, 12:44:47 PM",6
000904 2,evening,theft f/auto,,precinct 9,"5/9/2023, 4:20:00 PM",2023,,cluster 13,theft f/auto,391342,property|theft f/auto,"38.9422036588,-77.0998701999",-77.0998701999,3D,5000 - 5101 block of upton street nw,3,2,others,property,205,"5/9/2023, 1:00:00 PM",141595,000904,2D2,38.9422036588,23072903,"5/9/2023, 5:25:40 PM",7
001004 2,day,theft f/auto,,precinct 31,"4/12/2026, 2:33:00 PM",2026,,cluster 11,theft f/auto,392990.76,property|theft f/auto,"38.9479135748,-77.0808581915",-77.0808581915,3E,4100 - 4199 block of albemarle street nw,3,2,others,property,202,"4/12/2026, 1:59:00 PM",142227.22,001004,2D1,38.9479135748,26048373,"4/12/2026, 2:54:58 PM",7
001002 4,day,theft/other,,precinct 29,"10/7/2022, 1:20:00 PM",2022,,cluster 14,theft/other,393645,property|theft/other,"38.9347464547,-77.073297376",-77.073297376,3A,3700 - 3749 block of newark street nw,3,2,others,property,204,"10/7/2022, 12:00:00 PM",140765,001002,2D2,38.9347464547,22145463,"10/7/2022, 1:37:38 PM",6
000600 3,midnight,theft f/auto,,precinct 27,"11/23/2022, 2:30:00 PM",2022,,cluster 15,theft f/auto,393782,property|theft f/auto,"38.9325313932,-77.0717150154",-77.0717150154,3A,3600 - 3699 block of lowell street nw,3,2,others,property,204,"11/23/2022, 1:00:00 PM",140519,000600,2D2,38.9325313932,22171121,"11/24/2022, 2:40:11 AM",7
001100 4,midnight,theft/other,,precinct 32,"12/20/2024, 12:12:00 AM",2024,,cluster 11,theft/other,393173.95,property|theft/other,"38.9487916125,-77.0787458915",-77.0787458915,3E,4500 - 4599 block of 40th street nw,3,2,others,property,202,"12/19/2024, 11:27:00 PM",142324.53,001100,2D1,38.9487916125,24196497,"12/20/2024, 1:04:47 AM",6
001002 2,day,theft/other,,precinct 29,"4/11/2024, 5:35:00 PM",2024,,cluster 14,theft/other,393254.53,property|theft/other,"38.9400305108,-77.0778067509",-77.0778067509,3A,10 - 99 block of ridge square nw,3,2,others,property,204,"4/11/2024, 5:30:00 PM",141351.9,001002,2D2,38.9400305108,24054394,"4/12/2024, 2:19:24 PM",6
000704 1,evening,sex abuse,,precinct 28,"10/19/2022, 1:23:00 PM",2022,,cluster 14,sex abuse,393681.01,violent|sex abuse,"38.9304475926,-77.0728776493",-77.0728776493,3A,3000 - 3199 block of wisconsin avenue nw,3,2,others,violent,204,"10/19/2022, 1:21:00 PM",140287.76,000704,2D2,38.9304475926,22151820,"10/19/2022, 3:34:13 PM",2
001004 2,day,theft f/auto,,precinct 31,"2/26/2024, 1:30:00 PM",2024,,cluster 11,theft f/auto,392813,property|theft f/auto,"38.9488034171,-77.0829098561",-77.0829098561,3E,4200 - 4299 block of butterworth place nw,3,2,others,property,202,"2/26/2024, 8:00:00 AM",142326.16,001004,2D1,38.9488034171,24029739,"2/26/2024, 2:21:33 PM",7
000904 2,evening,theft f/auto,,precinct 9,"12/18/2024, 9:51:00 AM",2024,,cluster 13,theft f/auto,391580.81,property|theft f/auto,"38.9441378958,-77.0971181557",-77.0971181557,3D,4229 - 4298 block of fordham road nw,3,2,others,property,205,"12/18/2024, 9:47:00 AM",141809.46,000904,2D2,38.9441378958,24196446,"12/19/2024, 9:41:47 PM",7
001002 4,evening,theft/other,,precinct 29,"3/15/2025, 8:10:00 PM",2025,,cluster 14,theft/other,393645.65,property|theft/other,"38.934751414,-77.0732898841",-77.0732898841,3A,3700 - 3749 block of newark street nw,3,2,others,property,204,"3/14/2025, 8:06:00 PM",140765.55,001002,2D2,38.934751414,25036982,"3/14/2025, 9:19:30 PM",6
001004 2,evening,theft f/auto,,precinct 31,"4/10/2024, 5:07:00 PM",2024,,cluster 11,theft f/auto,392990.76,property|theft f/auto,"38.9479135748,-77.0808581915",-77.0808581915,3E,4100 - 4199 block of albemarle street nw,3,2,others,property,202,"4/10/2024, 2:55:00 PM",142227.22,001004,2D1,38.9479135748,24053663,"4/10/2024, 3:07:14 PM",7
001004 2,midnight,theft f/auto,,precinct 31,"4/8/2024, 12:42:00 AM",2024,,cluster 11,theft f/auto,392907.13,property|theft f/auto,"38.9498372508,-77.0818251507",-77.0818251507,3E,4120 - 4199 block of river road nw,3,2,others,property,202,"4/7/2024, 11:56:00 PM",142440.84,001004,2D1,38.9498372508,24052138,"4/8/2024, 12:42:21 AM",7
001004 3,day,theft/other,,precinct 30,"11/1/2023, 12:52:00 PM",2023,,cluster 11,theft/other,393015.6,property|theft/other,"38.9462831846,-77.0805697958",-77.0805697958,3E,4000 - 4199 block of yuma street nw,3,2,others,property,202,"11/1/2023, 12:51:00 PM",142046.21,001004,2D1,38.9462831846,23179743,"11/1/2023, 1:40:18 PM",6
001100 4,day,theft/other,,precinct 32,"11/23/2023, 8:37:00 AM",2023,,cluster 11,theft/other,393039.43,property|theft/other,"38.9492466458,-77.0802982386",-77.0802982386,3E,4530 - 4599 block of wisconsin avenue nw,3,2,others,property,202,"11/23/2023, 8:32:00 AM",142375.16,001100,2D1,38.9492466458,23191560,"11/23/2023, 9:35:19 AM",6
001002 4,day,theft/other,,precinct 29,"3/20/2024, 9:54:00 AM",2024,,cluster 14,theft/other,393645.65,property|theft/other,"38.934751414,-77.0732898841",-77.0732898841,3A,3700 - 3749 block of newark street nw,3,2,others,property,204,"3/20/2024, 9:19:00 AM",140765.55,001002,2D2,38.934751414,24042140,"3/20/2024, 1:21:26 PM",6
001004 2,evening,theft/other,,precinct 31,"10/4/2022, 9:10:00 AM",2022,,cluster 11,theft/other,393070,property|theft/other,"38.9483536271,-77.0799445766",-77.0799445766,3E,4500 - 4537 block of wisconsin avenue nw,3,2,others,property,202,"10/4/2022, 9:05:00 AM",142276,001004,2D1,38.9483536271,22144264,"10/5/2022, 4:49:21 PM",6
001002 4,evening,theft/other,,precinct 29,"6/23/2025, 9:30:00 PM",2025,,cluster 14,theft/other,393720.86,property|theft/other,"38.9340623694,-77.0724217259",-77.0724217259,3A,3300 - 3399 block of wisconsin avenue nw,3,2,others,property,204,"6/23/2025, 9:21:00 PM",140689,001002,2D2,38.9340623694,25094361,"6/23/2025, 10:02:15 PM",6
001002 4,evening,theft/other,,precinct 29,"2/21/2025, 2:30:00 PM",2025,,cluster 14,theft/other,393645.65,property|theft/other,"38.934751414,-77.0732898841",-77.0732898841,3A,3700 - 3749 block of newark street nw,3,2,others,property,204,"2/21/2025, 2:00:00 PM",140765.55,001002,2D2,38.934751414,25025602,"2/21/2025, 7:19:51 PM",6
001002 2,evening,theft/other,,precinct 29,"8/13/2026, 1:14:00 PM",2026,,cluster 14,theft/other,393391.9,property|theft/other,"38.9417022317,-77.0762240207",-77.0762240207,3A,4000 - 4099 block of wisconsin avenue nw,3,2,others,property,204,"8/13/2026, 11:45:00 AM",141537.36,001002,2D2,38.9417022317,26113744,"8/13/2026, 5:18:51 PM",6
001002 4,day,theft/other,,precinct 29,"8/17/2025, 2:45:00 PM",2025,,cluster 14,theft/other,393645.65,property|theft/other,"38.934751414,-77.0732898841",-77.0732898841,3A,3700 - 3749 block of newark street nw,3,2,others,property,204,"8/17/2025, 1:47:00 PM",140765.55,001002,2D2,38.934751414,25125363,"8/17/2025, 2:54:51 PM",6
001100 4,evening,theft/other,,precinct 32,"8/18/2024, 8:01:00 PM",2024,,cluster 11,theft/other,393173.95,property|theft/other,"38.9487916125,-77.0787458915",-77.0787458915,3E,4500 - 4599 block of 40th street nw,3,2,others,property,202,"8/18/2024, 7:20:00 PM",142324.53,001100,2D1,38.9487916125,24127032,"8/18/2024, 8:09:21 PM",6
000904 2,day,theft/other,,precinct 9,"12/21/2025, 3:15:00 AM",2025,,cluster 13,theft/other,391294.36,property|theft/other,"38.9390766825,-77.100415324",-77.100415324,3D,5000 - 5099 block of sedgwick street nw,3,2,others,property,205,"12/21/2025, 3:00:00 AM",141247.93,000904,2D2,38.9390766825,25193417,"12/26/2025, 2:41:14 PM",6
000804 1,day,theft f/auto,,precinct 8,"8/8/2023, 12:38:00 PM",2023,,cluster 13,theft f/auto,392196.72,property|theft f/auto,"38.9255281186,-77.0899899354",-77.0899899354,3D,2700 - 2711 block of foxhall road nw,3,2,others,property,205,"8/8/2023, 12:37:00 PM",139742.98,000804,2D2,38.9255281186,23129453,"8/8/2023, 1:16:15 PM",7
000600 3,day,theft f/auto,,precinct 27,"7/19/2024, 8:30:00 AM",2024,,cluster 15,theft f/auto,393854.15,property|theft f/auto,"38.9340618705,-77.0708843981",-77.0708843981,3A,3300 - 3399 block of 36th street nw,3,2,others,property,203,"7/18/2024, 11:30:00 PM",140688.84,000600,2D1,38.9340618705,24110561,"7/19/2024, 12:17:12 PM",7
001100 4,evening,theft/other,,precinct 32,"7/20/2025, 7:15:00 PM",2025,,cluster 11,theft/other,393173.95,property|theft/other,"38.9487916125,-77.0787458915",-77.0787458915,3E,4500 - 4599 block of 40th street nw,3,2,others,property,202,"7/20/2025, 6:42:00 PM",142324.53,001100,2D1,38.9487916125,25109773,"7/20/2025, 7:18:58 PM",6
001002 4,evening,theft/other,,precinct 29,,2025,,cluster 14,theft/other,393645.65,property|theft/other,"38.934751414,-77.0732898841",-77.0732898841,3A,3700 - 3749 block of newark street nw,3,2,others,property,204,"10/6/2025, 8:24:00 PM",140765.55,001002,2D2,38.934751414,25152820,"10/6/2025, 9:09:22 PM",6
000703 1,day,theft f/auto,,precinct 28,"7/7/2025, 7:58:00 PM",2025,,cluster 14,theft f/auto,393203.59,property|theft f/auto,"38.9324226132,-77.0783859624",-77.0783859624,3A,3900 - 4099 block of massachusetts avenue nw,3,2,others,property,205,"7/7/2025, 7:57:00 PM",140507.4,000703,2D2,38.9324226132,25102400,"7/14/2025, 1:48:48 PM",7
000903 1,day,theft/other,,precinct 9,"8/27/2024, 1:16:00 PM",2024,,cluster 13,theft/other,392375.89,property|theft/other,"38.9394013931,-77.0879407978",-77.0879407978,3E,4400 - 4500 block of massachusetts avenue nw,3,2,others,property,205,"11/30/2023, 3:52:00 PM",141282.86,000903,2D2,38.9394013931,24132023,"8/27/2024, 1:48:35 PM",6
001003 3,midnight,theft/other,,precinct 30,"1/16/2026, 1:21:00 PM",2026,,cluster 11,theft/other,391696.79,property|theft/other,"38.945126307,-77.0957816153",-77.0957816153,3E,4800 - 4899 block of massachusetts avenue nw,3,2,others,property,202,"1/16/2026, 12:39:00 PM",141919.06,001003,2D1,38.945126307,26007279,"1/17/2026, 6:01:20 AM",6
001002 1,evening,theft f/auto,,precinct 10,"8/29/2023, 9:20:00 AM",2023,,cluster 14,theft f/auto,392798.58,property|theft f/auto,"38.9358388469,-77.0830611003",-77.0830611003,3A,4200 - 4349 block of massachusetts avenue nw,3,2,others,property,204,"8/28/2023, 5:30:00 PM",140886.99,001002,2D2,38.9358388469,23143574,"8/31/2023, 8:27:03 PM",7
001002 4,day,theft/other,,precinct 29,"1/9/2025, 12:54:00 PM",2025,,cluster 14,theft/other,393645.65,property|theft/other,"38.934751414,-77.0732898841",-77.0732898841,3A,3700 - 3749 block of newark street nw,3,2,others,property,204,"1/9/2025, 12:50:00 PM",140765.55,001002,2D2,38.934751414,25003875,"1/9/2025, 1:58:43 PM",6
001004 2,evening,theft/other,,precinct 31,"1/1/2025, 3:00:00 PM",2025,,cluster 11,theft/other,393070.63,property|theft/other,"38.9483570552,-77.0799373128",-77.0799373128,3E,4500 - 4537 block of wisconsin avenue nw,3,2,others,property,202,"1/1/2025, 1:03:00 PM",142276.38,001004,2D1,38.9483570552,25000313,"1/1/2025, 3:33:52 PM",6
000903 2,evening,theft f/auto,,precinct 9,"3/10/2023, 11:25:00 AM",2023,,cluster 13,theft f/auto,391611,property|theft f/auto,"38.9437016434,-77.0967693117",-77.0967693117,3D,4200 - 4299 block of 49th street nw,3,2,others,property,205,"3/10/2023, 9:00:00 AM",141761,000903,2D2,38.9437016434,23038496,"3/11/2023, 7:09:43 PM",7
000703 2,day,theft f/auto,,precinct 28,"8/15/2023, 2:00:00 PM",2023,,cluster 14,theft f/auto,392884.2,property|theft f/auto,"38.9268926783,-77.082063263",-77.082063263,3B,2800 - 2899 block of new mexico avenue nw,3,2,others,property,204,"8/15/2023, 12:00:00 PM",139893.81,000703,2D2,38.9268926783,23144084,"9/1/2023, 12:33:25 PM",7
001004 2,evening,theft/other,,precinct 31,,2025,,cluster 11,theft/other,393070.63,property|theft/other,"38.9483570552,-77.0799373128",-77.0799373128,3E,4500 - 4537 block of wisconsin avenue nw,3,2,others,property,202,"12/2/2025, 8:29:00 PM",142276.38,001004,2D1,38.9483570552,25182231,"12/2/2025, 9:52:29 PM",6
001004 2,midnight,motor vehicle theft,,precinct 31,"4/16/2025, 4:52:00 AM",2025,,cluster 11,motor vehicle theft,392824.43,property|motor vehicle theft,"38.9510382823,-77.0827805939",-77.0827805939,3E,4200 - 4229 block of chesapeake street nw,3,2,others,property,202,"4/14/2025, 1:02:00 PM",142574.24,001004,2D1,38.9510382823,25056538,"4/18/2025, 11:06:25 PM",8
001003 3,day,theft/other,,precinct 30,"8/17/2025, 8:35:00 PM",2025,,cluster 11,theft/other,391696.79,property|theft/other,"38.945126307,-77.0957816153",-77.0957816153,3E,4800 - 4899 block of massachusetts avenue nw,3,2,others,property,202,"8/17/2025, 8:30:00 PM",141919.06,001003,2D1,38.945126307,25125823,"8/18/2025, 1:04:55 PM",6
000600 4,day,theft f/auto,,precinct 29,"1/15/2024, 9:00:00 AM",2024,,cluster 15,theft f/auto,393627.4,property|theft f/auto,"38.9422160925,-77.0735080721",-77.0735080721,3A,3700 - 3799 block of upton street nw,3,2,others,property,203,"1/14/2024, 4:30:00 PM",141594.21,000600,2D1,38.9422160925,24007384,"1/15/2024, 10:03:59 AM",7
000904 2,day,theft f/auto,,precinct 9,"3/9/2026, 3:00:00 PM",2026,,cluster 13,theft f/auto,391027.85,property|theft f/auto,"38.9386416935,-77.1034887572",-77.1034887572,3D,5135 - 5199 block of rockwood parkway nw,3,2,others,property,205,"3/9/2026, 2:30:00 PM",141199.94,000904,2D2,38.9386416935,26031978,"3/11/2026, 2:26:56 PM",7
000704 1,evening,assault w/dangerous weapon,,precinct 28,,2026,,cluster 14,assault w/dangerous weapon,393685.84,violent|assault w/dangerous weapon,"38.9307918346,-77.0728222959",-77.0728222959,3A,3021 - 3199 block of wisconsin avenue nw,3,2,others,violent,204,"5/5/2026, 1:38:00 PM",140325.97,000704,2D2,38.9307918346,26060262,"5/5/2026, 5:09:27 PM",3
001100 4,day,theft f/auto,,precinct 32,"5/7/2024, 10:30:00 AM",2024,,cluster 11,theft f/auto,393038.96,property|theft f/auto,"38.9527100513,-77.0803075624",-77.0803075624,3E,4800 - 4899 block of 41st street nw,3,2,others,property,202,"5/7/2024, 10:30:00 AM",142759.63,001100,2D1,38.9527100513,24068496,"5/7/2024, 2:20:41 PM",7
000704 1,evening,theft f/auto,,precinct 28,"5/5/2026, 1:15:00 PM",2026,,cluster 14,theft f/auto,393474.06,property|theft f/auto,"38.9321148682,-77.0752661882",-77.0752661882,3A,3800 - 3899 block of woodley road nw,3,2,others,property,204,"5/3/2026, 6:15:00 PM",140473.01,000704,2D2,38.9321148682,26421690,"5/6/2026, 8:31:57 PM",7
000600 4,day,burglary,,precinct 27,"9/10/2025, 9:45:00 AM",2025,,cluster 15,burglary,393697.56,property|burglary,"38.9350777081,-77.0726914964",-77.0726914964,3A,3400 - 3421 block of wisconsin avenue nw,3,2,others,property,203,"9/10/2025, 9:01:00 AM",140801.73,000600,2D1,38.9350777081,25138323,"9/10/2025, 10:50:25 AM",5
001002 4,evening,theft/other,,precinct 29,"2/10/2025, 6:40:00 PM",2025,,cluster 14,theft/other,393645.65,property|theft/other,"38.934751414,-77.0732898841",-77.0732898841,3A,3700 - 3749 block of newark street nw,3,2,others,property,204,"2/10/2025, 6:04:00 PM",140765.55,001002,2D2,38.934751414,25020130,"2/10/2025, 7:49:51 PM",6
001002 2,evening,theft/other,,precinct 29,"2/3/2026, 6:05:00 PM",2026,,cluster 14,theft/other,393254.53,property|theft/other,"38.9400305108,-77.0778067509",-77.0778067509,3A,10 - 99 block of ridge square nw,3,2,others,property,204,"2/3/2026, 4:25:00 PM",141351.9,001002,2D2,38.9400305108,26017853,"2/9/2026, 6:08:08 PM",6
001002 1,evening,robbery,,precinct 10,"11/28/2023, 9:15:00 PM",2023,,cluster 14,robbery,392734.78,violent|robbery,"38.940372645,-77.083802298",-77.083802298,3A,3700 - 4123 block of nebraska avenue nw,3,2,gun,violent,204,"11/28/2023, 9:10:00 PM",141390.34,001002,2D2,38.940372645,23194351,"11/28/2023, 10:48:43 PM",4
001002 2,day,theft f/auto,,precinct 29,"4/17/2023, 9:10:00 AM",2023,,cluster 14,theft f/auto,393431,property|theft f/auto,"38.9408795279,-77.0757721301",-77.0757721301,3A,3900 - 4099 block of wisconsin avenue nw,3,2,others,property,204,"4/17/2023, 9:00:00 AM",141446,001002,2D2,38.9408795279,23059666,"4/17/2023, 1:33:50 PM",7
001003 3,midnight,theft/other,,precinct 30,"7/28/2026, 6:51:00 PM",2026,,cluster 11,theft/other,391696.79,property|theft/other,"38.945126307,-77.0957816153",-77.0957816153,3E,4800 - 4899 block of massachusetts avenue nw,3,2,others,property,202,"7/28/2026, 6:17:00 PM",141919.06,001003,2D1,38.945126307,26105467,"7/28/2026, 11:50:33 PM",6
000903 2,day,theft f/auto,,precinct 9,"9/26/2024, 8:40:00 AM",2024,,cluster 13,theft f/auto,391696.79,property|theft f/auto,"38.945126307,-77.0957816153",-77.0957816153,3D,4800 - 4899 block of massachusetts avenue nw,3,2,others,property,205,"9/26/2024, 8:00:00 AM",141919.06,000903,2D2,38.945126307,24424614,"11/14/2024, 9:21:20 AM",7
000703 2,day,theft f/auto,,precinct 28,"3/7/2024, 6:45:00 AM",2024,,cluster 14,theft f/auto,392960.84,property|theft f/auto,"38.9302858242,-77.0811832718",-77.0811832718,3B,4000 - 4299 block of cathedral avenue nw,3,2,others,property,204,"3/6/2024, 2:00:00 PM",140270.41,000703,2D2,38.9302858242,24034920,"3/7/2024, 8:19:25 AM",7
000803 2,day,theft f/auto,,precinct 10,"11/27/2024, 3:45:00 AM",2024,,cluster 14,theft f/auto,392614.38,property|theft f/auto,"38.9323475032,-77.0851814906",-77.0851814906,3B,3101 - 3199 block of new mexico avenue nw,3,2,others,property,205,"11/27/2024, 3:30:00 AM",140499.59,000803,2D2,38.9323475032,24184292,"11/27/2024, 8:58:59 AM",7
001004 2,evening,theft/other,,precinct 31,"4/29/2023, 2:25:00 PM",2023,,cluster 11,theft/other,393070,property|theft/other,"38.9483536271,-77.0799445766",-77.0799445766,3E,4500 - 4537 block of wisconsin avenue nw,3,2,others,property,202,"4/29/2023, 1:57:00 PM",142276,001004,2D1,38.9483536271,23066556,"4/29/2023, 3:05:14 PM",6
001004 2,day,theft/other,,precinct 31,"11/20/2022, 2:10:00 AM",2022,,cluster 11,theft/other,392422,property|theft/other,"38.9510327408,-77.0874232015",-77.0874232015,3E,4400 - 4499 block of chesapeake street nw,3,2,others,property,202,"11/20/2022, 2:07:00 AM",142574,001004,2D1,38.9510327408,22169192,"11/20/2022, 11:24:40 AM",6
001100 4,day,theft/other,,precinct 32,"4/29/2024, 9:32:00 AM",2024,,cluster 11,theft/other,393039.43,property|theft/other,"38.9492466458,-77.0802982386",-77.0802982386,3E,4530 - 4599 block of wisconsin avenue nw,3,2,others,property,202,"4/29/2024, 8:49:00 AM",142375.16,001100,2D1,38.9492466458,24063898,"4/29/2024, 1:16:21 PM",6
001003 3,evening,theft/other,,precinct 30,"11/17/2024, 4:54:00 PM",2024,,cluster 11,theft/other,391696.79,property|theft/other,"38.945126307,-77.0957816153",-77.0957816153,3E,4800 - 4899 block of massachusetts avenue nw,3,2,others,property,202,"11/17/2024, 4:11:00 PM",141919.06,001003,2D1,38.945126307,24178844,"11/17/2024, 5:21:28 PM",6
001002 2,midnight,sex abuse,,precinct 30,,2024,,cluster 11,sex abuse,393264.52,violent|sex abuse,"38.9443651038,-77.0776962434",-77.0776962434,3A,4227 - 4299 block of wisconsin avenue nw,3,2,others,violent,202,"2/26/2024, 12:05:00 AM",141833.07,001002,2D1,38.9443651038,24029517,"2/26/2024, 3:35:43 AM",2
001004 2,evening,theft/other,,precinct 31,"1/2/2025, 3:40:00 PM",2025,,cluster 11,theft/other,393070.63,property|theft/other,"38.9483570552,-77.0799373128",-77.0799373128,3E,4500 - 4537 block of wisconsin avenue nw,3,2,others,property,202,"1/2/2025, 3:14:00 PM",142276.38,001004,2D1,38.9483570552,25000828,"1/2/2025, 3:44:26 PM",6
001100 4,day,theft/other,,precinct 32,"6/11/2023, 11:10:00 AM",2023,,cluster 11,theft/other,393039,property|theft/other,"38.949245201,-77.0803031975",-77.0803031975,3E,4530 - 4599 block of wisconsin avenue nw,3,2,others,property,202,"6/11/2023, 11:00:00 AM",142375,001100,2D1,38.949245201,23093517,"6/11/2023, 12:25:37 PM",6
001002 2,day,theft/other,,precinct 29,"7/29/2025, 11:35:00 AM",2025,,cluster 14,theft/other,393391.9,property|theft/other,"38.9417022317,-77.0762240207",-77.0762240207,3A,4000 - 4099 block of wisconsin avenue nw,3,2,others,property,204,"7/29/2025, 11:33:00 AM",141537.36,001002,2D2,38.9417022317,25114719,"7/29/2025, 12:20:17 PM",6
001002 4,evening,theft/other,,precinct 29,"11/15/2024, 4:30:00 PM",2024,,cluster 14,theft/other,393653.61,property|theft/other,"38.933483103,-77.0731967728",-77.0731967728,3A,3700 - 3799 block of macomb street nw,3,2,others,property,204,"11/15/2024, 10:30:00 AM",140624.75,001002,2D2,38.933483103,24177809,"11/15/2024, 6:43:06 PM",6
001002 2,evening,theft/other,,precinct 29,"8/20/2024, 6:40:00 PM",2024,,cluster 14,theft/other,393254.53,property|theft/other,"38.9400305108,-77.0778067509",-77.0778067509,3A,10 - 99 block of ridge square nw,3,2,others,property,204,"8/20/2024, 6:22:00 PM",141351.9,001002,2D2,38.9400305108,24128162,"8/20/2024, 6:44:13 PM",6
001003 1,evening,theft/other,,precinct 31,"8/28/2024, 12:00:00 AM",2024,,cluster 11,theft/other,391897.21,property|theft/other,"38.9496945627,-77.0934756611",-77.0934756611,3E,4700 - 4799 block of brandywine street nw,3,2,others,property,202,"8/25/2024, 3:00:00 PM",142425.97,001003,2D1,38.9496945627,24132744,"8/28/2024, 7:30:37 PM",6
001002 4,evening,theft/other,,precinct 29,"5/5/2025, 2:56:00 PM",2025,,cluster 14,theft/other,393645.65,property|theft/other,"38.934751414,-77.0732898841",-77.0732898841,3A,3700 - 3749 block of newark street nw,3,2,others,property,204,"5/5/2025, 1:00:00 PM",140765.55,001002,2D2,38.934751414,25066046,"5/5/2025, 7:35:01 PM",6
001002 4,day,theft/other,,precinct 29,"10/12/2025, 7:10:00 AM",2025,,cluster 14,theft/other,393720.86,property|theft/other,"38.9340623694,-77.0724217259",-77.0724217259,3A,3300 - 3399 block of wisconsin avenue nw,3,2,others,property,204,"10/12/2025, 6:45:00 AM",140689,001002,2D2,38.9340623694,25155666,"10/12/2025, 7:27:54 AM",6
001100 4,midnight,theft/other,,precinct 32,"10/17/2024, 12:30:00 AM",2024,,cluster 11,theft/other,393039.43,property|theft/other,"38.9492466458,-77.0802982386",-77.0802982386,3E,4530 - 4599 block of wisconsin avenue nw,3,2,others,property,202,"10/17/2024, 12:11:00 AM",142375.16,001100,2D1,38.9492466458,24160813,"10/17/2024, 12:44:21 AM",6
001100 4,evening,robbery,,precinct 32,"3/4/2025, 2:05:00 PM",2025,,cluster 11,robbery,393070.63,violent|robbery,"38.9483570552,-77.0799373128",-77.0799373128,3E,4500 - 4537 block of wisconsin avenue nw,3,2,others,violent,202,"3/4/2025, 1:55:00 PM",142276.38,001100,2D1,38.9483570552,25031306,"3/4/2025, 3:20:10 PM",4
001002 4,evening,theft/other,,precinct 29,"10/16/2025, 5:30:00 PM",2025,,cluster 14,theft/other,393720.86,property|theft/other,"38.9340623694,-77.0724217259",-77.0724217259,3A,3300 - 3399 block of wisconsin avenue nw,3,2,others,property,204,"10/16/2025, 4:37:00 PM",140689,001002,2D2,38.9340623694,25157846,"10/16/2025, 5:52:42 PM",6
001002 4,evening,theft/other,,precinct 29,"11/15/2024, 8:20:00 PM",2024,,cluster 14,theft/other,393645.65,property|theft/other,"38.934751414,-77.0732898841",-77.0732898841,3A,3700 - 3749 block of newark street nw,3,2,others,property,204,"11/15/2024, 8:16:00 PM",140765.55,001002,2D2,38.934751414,24177874,"11/15/2024, 8:42:55 PM",6
001100 4,evening,theft/other,,precinct 32,"6/23/2026, 6:30:00 PM",2026,,cluster 11,theft/other,393173.95,property|theft/other,"38.9487916125,-77.0787458915",-77.0787458915,3E,4500 - 4599 block of 40th street nw,3,2,others,property,202,"6/23/2026, 6:05:00 PM",142324.53,001100,2D1,38.9487916125,26086749,"6/23/2026, 6:58:24 PM",6
001004 2,evening,theft/other,,precinct 31,"11/19/2023, 3:51:00 PM",2023,,cluster 11,theft/other,393070.63,property|theft/other,"38.9483570552,-77.0799373128",-77.0799373128,3E,4500 - 4537 block of wisconsin avenue nw,3,2,others,property,202,"11/19/2023, 2:41:00 PM",142276.38,001004,2D1,38.9483570552,23189652,"11/19/2023, 6:21:05 PM",6
000703 1,day,theft f/auto,,precinct 28,"8/19/2025, 11:30:00 AM",2025,,cluster 14,theft f/auto,393203.59,property|theft f/auto,"38.9324226132,-77.0783859624",-77.0783859624,3A,3900 - 4099 block of massachusetts avenue nw,3,2,others,property,205,"8/19/2025, 11:00:00 AM",140507.4,000703,2D2,38.9324226132,25126956,"8/20/2025, 2:54:22 PM",7
001100 4,evening,theft/other,,precinct 32,"8/4/2025, 6:45:00 PM",2025,,cluster 11,theft/other,393039.43,property|theft/other,"38.9492466458,-77.0802982386",-77.0802982386,3E,4530 - 4599 block of wisconsin avenue nw,3,2,others,property,202,"8/4/2025, 6:23:00 PM",142375.16,001100,2D1,38.9492466458,25118423,"8/4/2025, 6:57:17 PM",6
001200 4,day,theft f/auto,,precinct 33,,2025,,cluster 11,theft f/auto,393449.88,property|theft f/auto,"38.9422190208,-77.0755557725",-77.0755557725,3A,3800 - 3899 block of upton street nw,3,2,others,property,202,"7/7/2025, 10:12:00 AM",141594.68,001200,2D1,38.9422190208,25102088,"7/7/2025, 11:07:25 AM",7
000904 1,day,theft/other,,precinct 8,"7/1/2023, 2:04:00 PM",2023,,cluster 13,theft/other,391227,property|theft/other,"38.9337077007,-77.1011846693",-77.1011846693,3D,5000 - 5099 block of millwood lane nw,3,2,others,property,205,"4/11/2023, 11:00:00 AM",140652,000904,2D2,38.9337077007,23105974,"7/1/2023, 2:11:27 PM",6
001002 3,evening,theft/other,,precinct 29,"6/30/2023, 1:27:00 PM",2023,,cluster 14,theft/other,393322,property|theft/other,"38.9376537384,-77.0770259389",-77.0770259389,3A,3847 - 3899 block of porter street nw,3,2,others,property,204,"6/30/2023, 11:01:00 AM",141088,001002,2D2,38.9376537384,23105296,"6/30/2023, 3:51:29 PM",6
000903 2,evening,theft f/auto,,precinct 9,"2/15/2025, 4:30:00 PM",2025,,cluster 13,theft f/auto,391746.2,property|theft f/auto,"38.9441922538,-77.095210399",-77.095210399,3D,4250 - 4299 block of fordham road nw,3,2,others,property,205,"2/15/2025, 2:30:00 PM",141815.32,000903,2D2,38.9441922538,25022565,"2/15/2025, 5:19:49 PM",7
001200 4,midnight,theft/other,,precinct 33,"2/8/2024, 11:15:00 PM",2024,,cluster 11,theft/other,393227.28,property|theft/other,"38.9451386287,-77.0781266684",-77.0781266684,3E,4300 - 4326 block of wisconsin avenue nw,3,2,others,property,202,"2/8/2024, 11:10:00 PM",141918.97,001200,2D1,38.9451386287,24020437,"2/9/2024, 12:41:47 AM",6
001004 2,day,theft/other,,precinct 31,"8/22/2024, 3:40:00 PM",2024,,cluster 11,theft/other,392853.33,property|theft/other,"38.9521073489,-77.082448427",-77.082448427,3E,4200 - 4299 block of davenport street nw,3,2,others,property,202,"8/22/2024, 3:20:00 PM",142692.89,001004,2D1,38.9521073489,24423121,"9/12/2024, 12:42:06 PM",6
001002 4,day,theft/other,,precinct 29,"12/11/2024, 1:02:00 PM",2024,,cluster 14,theft/other,393645.65,property|theft/other,"38.934751414,-77.0732898841",-77.0732898841,3A,3700 - 3749 block of newark street nw,3,2,others,property,204,"12/11/2024, 12:58:00 PM",140765.55,001002,2D2,38.934751414,24191910,"12/11/2024, 2:39:56 PM",6
001004 2,day,theft/other,,precinct 31,,2025,,cluster 11,theft/other,393070.63,property|theft/other,"38.9483570552,-77.0799373128",-77.0799373128,3E,4500 - 4537 block of wisconsin avenue nw,3,2,others,property,202,"8/24/2025, 9:19:00 AM",142276.38,001004,2D1,38.9483570552,25129013,"8/24/2025, 11:18:10 AM",6
001004 2,evening,theft/other,,precinct 31,,2024,,cluster 11,theft/other,393070.63,property|theft/other,"38.9483570552,-77.0799373128",-77.0799373128,3E,4500 - 4537 block of wisconsin avenue nw,3,2,others,property,202,"10/28/2024, 2:10:00 PM",142276.38,001004,2D1,38.9483570552,24167570,"10/28/2024, 3:23:01 PM",6
001002 4,day,theft/other,,precinct 29,"11/11/2025, 8:03:00 AM",2025,,cluster 14,theft/other,393645.65,property|theft/other,"38.934751414,-77.0732898841",-77.0732898841,3A,3700 - 3749 block of newark street nw,3,2,others,property,204,"11/11/2025, 8:02:00 AM",140765.55,001002,2D2,38.934751414,25171549,"11/11/2025, 8:21:53 AM",6
001100 4,evening,theft/other,,precinct 32,"9/26/2025, 12:53:00 PM",2025,,cluster 11,theft/other,393039.43,property|theft/other,"38.9492466458,-77.0802982386",-77.0802982386,3E,4530 - 4599 block of wisconsin avenue nw,3,2,others,property,202,"9/26/2025, 12:50:00 PM",142375.16,001100,2D1,38.9492466458,25147240,"9/26/2025, 9:24:47 PM",6
000902 1,midnight,assault w/dangerous weapon,,precinct 8,"8/22/2025, 4:00:00 AM",2025,,cluster 13,assault w/dangerous weapon,391723.36,violent|assault w/dangerous weapon,"38.9274848967,-77.0954514965",-77.0954514965,3D,2600 - 3199 block of chain bridge road nw,3,2,gun,violent,205,"8/22/2025, 3:04:00 AM",139960.68,000902,2D2,38.9274848967,25127805,"8/22/2025, 5:25:57 AM",3
000600 4,day,theft f/auto,,precinct 27,"3/24/2024, 11:00:00 PM",2024,,cluster 15,theft f/auto,393951.8,property|theft f/auto,"38.9373312986,-77.0697613308",-77.0697613308,3A,3500 - 3599 block of porter street nw,3,2,others,property,203,"3/24/2024, 6:00:00 PM",141051.7,000600,2D1,38.9373312986,24421665,"5/10/2024, 10:02:30 AM",7
000803 2,evening,theft/other,,precinct 10,"10/5/2025, 5:57:00 PM",2025,,cluster 14,theft/other,392994.72,property|theft/other,"38.9341858788,-77.0807969499",-77.0807969499,3B,4100 - 4199 block of massachusetts avenue nw,3,2,others,property,205,"10/5/2025, 5:01:00 PM",140703.32,000803,2D2,38.9341858788,25152146,"10/5/2025, 6:27:13 PM",6
001002 3,midnight,theft f/auto,,precinct 29,"12/20/2023, 11:30:00 AM",2023,,cluster 14,theft f/auto,393322.85,property|theft f/auto,"38.9376599606,-77.0770161415",-77.0770161415,3A,3847 - 3899 block of porter street nw,3,2,others,property,204,"12/20/2023, 11:00:00 AM",141088.69,001002,2D2,38.9376599606,23206173,"12/22/2023, 6:06:11 AM",7
001003 3,day,theft f/auto,,precinct 30,"9/1/2026, 2:30:00 PM",2026,,cluster 11,theft f/auto,392231.02,property|theft f/auto,"38.9479076347,-77.0896225038",-77.0896225038,3E,4500 - 4599 block of albemarle street nw,3,2,others,property,202,"9/1/2026, 12:01:00 PM",142227.27,001003,2D1,38.9479076347,26123940,"9/1/2026, 2:31:03 PM",7
001003 3,day,theft/other,,precinct 30,"11/9/2025, 11:14:00 AM",2025,,cluster 11,theft/other,391696.79,property|theft/other,"38.945126307,-77.0957816153",-77.0957816153,3E,4800 - 4899 block of massachusetts avenue nw,3,2,others,property,202,"11/9/2025, 10:22:00 AM",141919.06,001003,2D1,38.945126307,25170597,"11/9/2025, 12:05:08 PM",6
001004 2,day,theft/other,,precinct 31,,2026,,cluster 11,theft/other,393070.63,property|theft/other,"38.9483570552,-77.0799373128",-77.0799373128,3E,4500 - 4537 block of wisconsin avenue nw,3,2,others,property,202,"3/15/2026, 8:45:00 AM",142276.38,001004,2D1,38.9483570552,26033898,"3/15/2026, 9:49:47 AM",6
001100 4,evening,theft/other,,precinct 32,"4/6/2025, 3:10:00 PM",2025,,cluster 11,theft/other,393039.43,property|theft/other,"38.9492466458,-77.0802982386",-77.0802982386,3E,4530 - 4599 block of wisconsin avenue nw,3,2,others,property,202,"4/6/2025, 2:55:00 PM",142375.16,001100,2D1,38.9492466458,25049987,"4/6/2025, 3:20:39 PM",6
001002 2,day,theft/other,,precinct 29,"12/26/2025, 12:20:00 PM",2025,,cluster 14,theft/other,393254.53,property|theft/other,"38.9400305108,-77.0778067509",-77.0778067509,3A,10 - 99 block of ridge square nw,3,2,others,property,204,"12/26/2025, 11:47:00 AM",141351.9,001002,2D2,38.9400305108,25193377,"12/26/2025, 1:00:22 PM",6
001002 4,day,theft/other,,precinct 29,"6/11/2025, 12:38:00 PM",2025,,cluster 14,theft/other,393697.56,property|theft/other,"38.9350777081,-77.0726914964",-77.0726914964,3A,3400 - 3421 block of wisconsin avenue nw,3,2,others,property,204,"6/11/2025, 12:28:00 PM",140801.73,001002,2D2,38.9350777081,25087341,"6/11/2025, 1:29:38 PM",6
001002 4,day,theft/other,,precinct 29,"6/6/2025, 1:37:00 PM",2025,,cluster 14,theft/other,393645.65,property|theft/other,"38.934751414,-77.0732898841",-77.0732898841,3A,3700 - 3749 block of newark street nw,3,2,others,property,204,"6/6/2025, 12:13:00 PM",140765.55,001002,2D2,38.934751414,25084467,"6/7/2025, 11:09:16 AM",6
000703 1,midnight,sex abuse,,precinct 28,"6/9/2024, 3:11:00 AM",2024,,cluster 14,sex abuse,393203.59,violent|sex abuse,"38.9324226132,-77.0783859624",-77.0783859624,3A,3900 - 4099 block of massachusetts avenue nw,3,2,others,violent,205,"6/9/2024, 1:00:00 AM",140507.4,000703,2D2,38.9324226132,24087440,"6/9/2024, 5:33:45 AM",2
001002 2,midnight,robbery,,precinct 30,"7/11/2024, 11:45:00 PM",2024,,cluster 11,robbery,393264.52,violent|robbery,"38.9443651038,-77.0776962434",-77.0776962434,3A,4227 - 4299 block of wisconsin avenue nw,3,2,others,violent,202,"7/11/2024, 9:14:00 PM",141833.07,001002,2D1,38.9443651038,24106465,"7/11/2024, 11:44:55 PM",4
001004 3,evening,theft/other,,precinct 30,"5/16/2025, 3:00:00 PM",2025,,cluster 11,theft/other,392631.89,property|theft/other,"38.9462866262,-77.0849961566",-77.0849961566,3E,4300 - 4399 block of yuma street nw,3,2,others,property,202,"5/16/2025, 12:43:00 PM",142046.94,001004,2D1,38.9462866262,25072561,"5/16/2025, 4:07:36 PM",6
000600 4,day,theft/other,,precinct 27,"2/24/2024, 2:00:00 PM",2024,,cluster 15,theft/other,393784,property|theft/other,"38.9346379082,-77.0716940666",-77.0716940666,3A,3600 - 3699 block of newark street nw,3,2,others,property,203,"2/21/2024, 12:00:00 PM",140752.84,000600,2D1,38.9346379082,24420781,"2/29/2024, 8:22:46 AM",6
001004 2,evening,burglary,,precinct 31,"7/26/2024, 10:04:00 PM",2024,,cluster 11,burglary,392422.07,property|burglary,"38.949693482,-77.0874207514",-77.0874207514,3E,4400 - 4499 block of brandywine street nw,3,2,others,property,202,"7/26/2024, 3:00:00 PM",142425.33,001004,2D1,38.949693482,24114743,"7/26/2024, 10:54:31 PM",5
000704 1,midnight,robbery,,precinct 28,,2023,,cluster 14,robbery,393681.01,violent|robbery,"38.9304475926,-77.0728776493",-77.0728776493,3A,3000 - 3199 block of wisconsin avenue nw,3,2,others,violent,204,"11/18/2023, 10:52:00 PM",140287.76,000704,2D2,38.9304475926,23189377,"11/18/2023, 11:42:36 PM",4
001002 2,evening,theft/other,,precinct 29,"9/11/2023, 9:10:00 PM",2023,,cluster 14,theft/other,393254.53,property|theft/other,"38.9400305108,-77.0778067509",-77.0778067509,3A,10 - 99 block of ridge square nw,3,2,others,property,204,"9/11/2023, 9:07:00 PM",141351.9,001002,2D2,38.9400305108,23150319,"9/11/2023, 10:42:32 PM",6
001004 3,evening,robbery,,precinct 30,"11/7/2023, 5:05:00 PM",2023,,cluster 11,robbery,392734.78,violent|robbery,"38.940372645,-77.083802298",-77.083802298,3E,3700 - 4123 block of nebraska avenue nw,3,2,others,violent,202,"11/7/2023, 5:02:00 PM",141390.34,001004,2D1,38.940372645,23183209,"11/7/2023, 6:01:30 PM",4
001004 2,midnight,robbery,,precinct 31,"10/13/2022, 9:44:00 PM",2022,,cluster 11,robbery,393016,violent|robbery,"38.9503710524,-77.0805698017",-77.0805698017,3E,4600 - 4699 block of wisconsin avenue nw,3,2,gun,violent,202,"10/13/2022, 9:43:00 PM",142500,001004,2D1,38.9503710524,22148883,"10/13/2022, 11:44:42 PM",4
001100 4,evening,theft/other,,precinct 32,"11/8/2024, 5:00:00 PM",2024,,cluster 11,theft/other,393348.63,property|theft/other,"38.9507275689,-77.0767328516",-77.0767328516,3E,3814 - 3989 block of chesapeake street nw,3,2,others,property,202,"11/8/2024, 12:00:00 PM",142539.29,001100,2D1,38.9507275689,24424482,"11/8/2024, 8:41:05 PM",6
001002 4,evening,theft/other,,precinct 29,"2/15/2023, 10:40:00 AM",2023,,cluster 14,theft/other,393550,property|theft/other,"38.9360879986,-77.0743944881",-77.0743944881,3A,3400 - 3499 block of 38th street nw,3,2,others,property,204,"1/1/2023, 12:00:00 PM",140914,001002,2D2,38.9360879986,23025263,"2/15/2023, 7:49:11 PM",6
001002 1,midnight,motor vehicle theft,,precinct 10,"11/26/2025, 1:46:00 AM",2025,,cluster 14,motor vehicle theft,392798.58,property|motor vehicle theft,"38.9358388469,-77.0830611003",-77.0830611003,3A,4200 - 4349 block of massachusetts avenue nw,3,2,others,property,204,"11/25/2025, 10:12:00 PM",140886.99,001002,2D2,38.9358388469,25179340,"11/26/2025, 2:51:04 AM",8
000803 2,evening,motor vehicle theft,,precinct 10,"3/23/2026, 6:00:00 PM",2026,,cluster 14,motor vehicle theft,392994.72,property|motor vehicle theft,"38.9341858788,-77.0807969499",-77.0807969499,3B,4100 - 4199 block of massachusetts avenue nw,3,2,others,property,205,"2/18/2026, 12:38:00 PM",140703.32,000803,2D2,38.9341858788,26021984,"2/18/2026, 4:25:27 PM",8
000704 1,day,theft f/auto,,precinct 28,"6/13/2024, 6:55:00 AM",2024,,cluster 14,theft f/auto,393681.01,property|theft f/auto,"38.9304475926,-77.0728776493",-77.0728776493,3A,3000 - 3199 block of wisconsin avenue nw,3,2,others,property,204,"6/12/2024, 9:15:00 PM",140287.76,000704,2D2,38.9304475926,24089776,"6/13/2024, 9:57:02 AM",7
001002 4,evening,theft/other,,precinct 29,"1/16/2025, 5:30:00 PM",2025,,cluster 14,theft/other,393645.65,property|theft/other,"38.934751414,-77.0732898841",-77.0732898841,3A,3700 - 3749 block of newark street nw,3,2,others,property,204,"1/16/2025, 5:08:00 PM",140765.55,001002,2D2,38.934751414,25007492,"1/16/2025, 5:48:44 PM",6
000703 2,day,theft f/auto,,precinct 28,"8/28/2023, 1:00:00 PM",2023,,cluster 14,theft f/auto,392960.84,property|theft f/auto,"38.9302858242,-77.0811832718",-77.0811832718,3B,4000 - 4299 block of cathedral avenue nw,3,2,others,property,204,"8/28/2023, 11:45:00 AM",140270.41,000703,2D2,38.9302858242,23143951,"9/1/2023, 8:49:15 AM",7
000903 2,day,theft f/auto,,precinct 9,"5/21/2025, 11:30:00 AM",2025,,cluster 13,theft f/auto,391696.79,property|theft f/auto,"38.945126307,-77.0957816153",-77.0957816153,3D,4800 - 4899 block of massachusetts avenue nw,3,2,others,property,205,"5/21/2025, 10:45:00 AM",141919.06,000903,2D2,38.945126307,25079866,"5/29/2025, 8:46:20 AM",7
001004 2,day,theft/other,,precinct 31,"8/13/2024, 12:00:00 AM",2024,,cluster 11,theft/other,392978.18,property|theft/other,"38.9496874735,-77.0810053294",-77.0810053294,3E,4100 - 4151 block of brandywine street nw,3,2,others,property,202,"8/12/2024, 6:00:00 PM",142424.15,001004,2D1,38.9496874735,24123892,"8/13/2024, 1:57:20 PM",6
000703 2,day,theft/other,,precinct 28,"8/22/2024, 12:00:00 AM",2024,,cluster 14,theft/other,392884.2,property|theft/other,"38.9268926783,-77.082063263",-77.082063263,3B,2800 - 2899 block of new mexico avenue nw,3,2,others,property,204,"8/1/2024, 12:00:00 AM",139893.81,000703,2D2,38.9268926783,24129065,"8/22/2024, 12:29:59 PM",6
000904 2,day,theft f/auto,,precinct 9,"3/23/2025, 8:30:00 AM",2025,,cluster 13,theft f/auto,391528.76,property|theft f/auto,"38.9369211281,-77.0977086788",-77.0977086788,3D,4900 - 4999 block of hillbrook lane nw,3,2,others,property,205,"3/22/2025, 11:00:00 PM",141008.39,000904,2D2,38.9369211281,25041728,"3/23/2025, 12:20:15 PM",7
001004 2,evening,theft/other,,precinct 31,"8/13/2025, 7:56:00 PM",2025,,cluster 11,theft/other,393070.63,property|theft/other,"38.9483570552,-77.0799373128",-77.0799373128,3E,4500 - 4537 block of wisconsin avenue nw,3,2,others,property,202,"8/13/2025, 7:50:00 PM",142276.38,001004,2D1,38.9483570552,25123494,"8/13/2025, 9:38:34 PM",6
001003 3,day,theft f/auto,,precinct 30,"7/16/2025, 1:13:00 PM",2025,,cluster 11,theft f/auto,391696.79,property|theft f/auto,"38.945126307,-77.0957816153",-77.0957816153,3E,4800 - 4899 block of massachusetts avenue nw,3,2,others,property,202,"7/16/2025, 12:59:00 PM",141919.06,001003,2D1,38.945126307,25107372,"7/16/2025, 1:13:27 PM",7
001002 4,day,theft/other,,precinct 29,"9/22/2025, 10:30:00 AM",2025,,cluster 14,theft/other,393645.65,property|theft/other,"38.934751414,-77.0732898841",-77.0732898841,3A,3700 - 3749 block of newark street nw,3,2,others,property,204,"9/22/2025, 9:36:00 AM",140765.55,001002,2D2,38.934751414,25144897,"9/22/2025, 11:10:22 AM",6
000903 2,midnight,burglary,,precinct 9,"1/18/2023, 5:00:00 AM",2023,,cluster 13,burglary,391896,property|burglary,"38.9422089439,-77.0934798036",-77.0934798036,3D,4700 - 4799 block of upton street nw,3,2,others,property,205,"1/18/2023, 4:31:00 AM",141595,000903,2D2,38.9422089439,23009217,"1/18/2023, 5:01:51 AM",5
000903 1,day,theft/other,,precinct 9,"9/13/2025, 9:50:00 AM",2025,,cluster 13,theft/other,392375.89,property|theft/other,"38.9394013931,-77.0879407978",-77.0879407978,3E,4400 - 4500 block of massachusetts avenue nw,3,2,others,property,205,"9/13/2025, 9:27:00 AM",141282.86,000903,2D2,38.9394013931,25140130,"9/13/2025, 11:12:29 AM",6
001002 4,midnight,burglary,,precinct 29,"6/12/2026, 4:20:00 AM",2026,,cluster 14,burglary,393697.56,property|burglary,"38.9350777081,-77.0726914964",-77.0726914964,3A,3400 - 3421 block of wisconsin avenue nw,3,2,others,property,204,"6/12/2026, 2:38:00 AM",140801.73,001002,2D2,38.9350777081,26080534,"6/12/2026, 4:16:53 AM",5
001004 2,day,theft/other,,precinct 31,"7/8/2023, 3:49:00 PM",2023,,cluster 11,theft/other,393070.63,property|theft/other,"38.9483570552,-77.0799373128",-77.0799373128,3E,4500 - 4537 block of wisconsin avenue nw,3,2,others,property,202,"7/8/2023, 3:46:00 PM",142276.38,001004,2D1,38.9483570552,23110779,"7/9/2023, 1:08:34 PM",6
001100 4,midnight,homicide,,precinct 32,,2026,,cluster 11,homicide,393039.43,violent|homicide,"38.9492466458,-77.0802982386",-77.0802982386,3E,4530 - 4599 block of wisconsin avenue nw,3,2,gun,violent,202,"5/7/2026, 4:25:00 PM",142375.16,001100,2D1,38.9492466458,26061428,"5/8/2026, 12:00:00 AM",1
001003 3,day,theft/other,,precinct 30,"10/24/2025, 8:25:00 AM",2025,,cluster 11,theft/other,391696.79,property|theft/other,"38.945126307,-77.0957816153",-77.0957816153,3E,4800 - 4899 block of massachusetts avenue nw,3,2,others,property,202,"10/24/2025, 8:20:00 AM",141919.06,001003,2D1,38.945126307,25170606,"11/9/2025, 1:24:00 PM",6
001100 4,midnight,theft/other,,precinct 32,"12/29/2024, 10:12:00 PM",2024,,cluster 11,theft/other,393039.43,property|theft/other,"38.9492466458,-77.0802982386",-77.0802982386,3E,4530 - 4599 block of wisconsin avenue nw,3,2,others,property,202,"12/29/2024, 10:10:00 PM",142375.16,001100,2D1,38.9492466458,24201220,"12/30/2024, 12:09:50 AM",6
001004 2,day,theft f/auto,,precinct 31,"4/29/2023, 9:30:00 PM",2023,,cluster 11,theft f/auto,392422,property|theft f/auto,"38.9510327408,-77.0874232015",-77.0874232015,3E,4400 - 4499 block of chesapeake street nw,3,2,others,property,202,"4/26/2023, 10:00:00 PM",142574,001004,2D1,38.9510327408,23072678,"5/9/2023, 10:38:20 AM",7
000600 4,evening,theft/other,,precinct 29,"4/19/2025, 5:30:00 PM",2025,,cluster 15,theft/other,393391.9,property|theft/other,"38.9417022317,-77.0762240207",-77.0762240207,3A,4000 - 4099 block of wisconsin avenue nw,3,2,others,property,203,"4/15/2025, 9:00:00 AM",141537.36,000600,2D1,38.9417022317,25056976,"4/19/2025, 6:20:44 PM",6
001004 2,evening,theft/other,,precinct 31,"2/7/2026, 5:47:00 PM",2026,,cluster 11,theft/other,393070.63,property|theft/other,"38.9483570552,-77.0799373128",-77.0799373128,3E,4500 - 4537 block of wisconsin avenue nw,3,2,others,property,202,"2/7/2026, 2:45:00 PM",142276.38,001004,2D1,38.9483570552,26017025,"2/7/2026, 10:09:28 PM",6
001002 2,midnight,theft f/auto,,precinct 29,"3/20/2023, 12:15:00 PM",2023,,cluster 14,theft f/auto,393320,property|theft f/auto,"38.9345909028,-77.0770456977",-77.0770456977,3A,3300 - 3499 block of 39th street nw,3,2,others,property,204,"3/20/2023, 12:10:00 PM",140748,001002,2D2,38.9345909028,23044780,"3/23/2023, 1:46:54 AM",7
001004 2,evening,theft/other,,precinct 31,"4/13/2025, 3:03:00 PM",2025,,cluster 11,theft/other,393070.63,property|theft/other,"38.9483570552,-77.0799373128",-77.0799373128,3E,4500 - 4537 block of wisconsin avenue nw,3,2,others,property,202,"4/13/2025, 2:46:00 PM",142276.38,001004,2D1,38.9483570552,25053666,"4/13/2025, 3:17:46 PM",6
001100 4,day,theft/other,,precinct 32,"2/28/2025, 11:50:00 AM",2025,,cluster 11,theft/other,393039.43,property|theft/other,"38.9492466458,-77.0802982386",-77.0802982386,3E,4530 - 4599 block of wisconsin avenue nw,3,2,others,property,202,"2/28/2025, 11:47:00 AM",142375.16,001100,2D1,38.9492466458,25029109,"2/28/2025, 12:28:04 PM",6
001200 2,day,theft f/auto,,precinct 33,"12/19/2024, 9:00:00 PM",2024,,cluster 11,theft f/auto,393425.73,property|theft f/auto,"38.9486783171,-77.0758412148",-77.0758412148,3E,4500 - 4599 block of grant road nw,3,2,others,property,202,"12/19/2024, 8:00:00 AM",142311.74,001200,2D1,38.9486783171,24197352,"12/21/2024, 2:36:55 PM",7
001004 2,evening,theft/other,,precinct 31,"7/2/2025, 5:00:00 PM",2025,,cluster 11,theft/other,393070.63,property|theft/other,"38.9483570552,-77.0799373128",-77.0799373128,3E,4500 - 4537 block of wisconsin avenue nw,3,2,others,property,202,"7/2/2025, 4:54:00 PM",142276.38,001004,2D1,38.9483570552,25099403,"7/2/2025, 6:31:41 PM",6
001200 4,day,theft f/auto,,precinct 33,"11/16/2022, 12:50:00 PM",2022,,cluster 11,theft f/auto,393427,property|theft f/auto,"38.945527772,-77.0758232129",-77.0758232129,3E,3800 - 3899 block of windom place nw,3,2,others,property,202,"11/16/2022, 12:30:00 PM",141962,001200,2D1,38.945527772,22167076,"11/16/2022, 1:42:59 PM",7
001002 4,evening,theft/other,,precinct 29,"10/2/2025, 6:40:00 PM",2025,,cluster 14,theft/other,393645.65,property|theft/other,"38.934751414,-77.0732898841",-77.0732898841,3A,3700 - 3749 block of newark street nw,3,2,others,property,204,"10/2/2025, 6:09:00 PM",140765.55,001002,2D2,38.934751414,25150622,"10/2/2025, 6:44:33 PM",6
001003 3,evening,robbery,,precinct 30,"7/17/2023, 4:15:00 PM",2023,,cluster 11,robbery,391696.79,violent|robbery,"38.945126307,-77.0957816153",-77.0957816153,3E,4800 - 4899 block of massachusetts avenue nw,3,2,others,violent,202,"7/17/2023, 4:00:00 PM",141919.06,001003,2D1,38.945126307,23115882,"7/17/2023, 6:29:34 PM",4
001003 3,evening,theft/other,,precinct 30,"4/27/2023, 8:23:00 PM",2023,,cluster 11,theft/other,391696,property|theft/other,"38.9451257591,-77.0957907276",-77.0957907276,3E,4800 - 4899 block of massachusetts avenue nw,3,2,others,property,202,"4/27/2023, 8:20:00 PM",141919,001003,2D1,38.9451257591,23065681,"4/27/2023, 10:26:15 PM",6
001003 3,evening,theft/other,,precinct 30,"3/5/2024, 10:10:00 PM",2024,,cluster 11,theft/other,391696.79,property|theft/other,"38.945126307,-77.0957816153",-77.0957816153,3E,4800 - 4899 block of massachusetts avenue nw,3,2,others,property,202,"3/5/2024, 10:09:00 PM",141919.06,001003,2D1,38.945126307,24034269,"3/5/2024, 10:45:45 PM",6
001004 2,day,theft/other,,precinct 31,,2022,,cluster 11,theft/other,393070,property|theft/other,"38.9483536271,-77.0799445766",-77.0799445766,3E,4500 - 4537 block of wisconsin avenue nw,3,2,others,property,202,"10/17/2022, 1:48:00 PM",142276,001004,2D1,38.9483536271,22150755,"10/17/2022, 2:27:04 PM",6
000703 1,day,theft/other,,precinct 28,"10/27/2023, 12:00:00 AM",2023,,cluster 14,theft/other,393203.59,property|theft/other,"38.9324226132,-77.0783859624",-77.0783859624,3A,3900 - 4099 block of massachusetts avenue nw,3,2,others,property,205,"2/1/2023, 9:56:00 AM",140507.4,000703,2D2,38.9324226132,23176823,"10/27/2023, 11:20:33 AM",6
000804 3,evening,theft/other,,precinct 10,,2022,,cluster 13,theft/other,392810,property|theft/other,"38.9283711486,-77.0829206971",-77.0829206971,3D,2900 - 3033 block of new mexico avenue nw,3,2,others,property,205,"12/28/2022, 12:00:00 AM",140058,000804,2D2,38.9283711486,22188754,"12/29/2022, 4:13:48 PM",6
001003 3,day,theft/other,,precinct 30,"11/16/2025, 8:14:00 AM",2025,,cluster 11,theft/other,391971.45,property|theft/other,"38.9443733357,-77.0926122977",-77.0926122977,3E,4224 - 4299 block of 47th street nw,3,2,others,property,202,"11/16/2025, 8:11:00 AM",141835.19,001003,2D1,38.9443733357,25174225,"11/16/2025, 9:31:29 AM",6
001002 2,evening,theft/other,,precinct 29,"8/25/2026, 10:20:00 AM",2026,,cluster 14,theft/other,393391.9,property|theft/other,"38.9417022317,-77.0762240207",-77.0762240207,3A,4000 - 4099 block of wisconsin avenue nw,3,2,others,property,204,"8/25/2026, 10:15:00 AM",141537.36,001002,2D2,38.9417022317,26120696,"8/26/2026, 4:02:05 PM",6
000600 4,midnight,homicide,,precinct 29,"6/16/2026, 7:07:00 AM",2026,,cluster 15,homicide,393630.96,violent|homicide,"38.9366839474,-77.0734613069",-77.0734613069,3A,3500 - 3599 block of wisconsin avenue nw,3,2,gun,violent,203,"6/16/2026, 7:07:00 AM",140980.09,000600,2D1,38.9366839474,26082723,"6/16/2026, 12:00:00 AM",1
000904 2,evening,theft f/auto,,precinct 9,"7/3/2025, 12:30:00 PM",2025,,cluster 13,theft f/auto,391507.52,property|theft f/auto,"38.9435866043,-77.097962823",-77.097962823,3D,4200 - 4246 block of fordham road nw,3,2,others,property,205,"7/3/2025, 10:30:00 AM",141748.34,000904,2D2,38.9435866043,25099849,"7/3/2025, 3:17:54 PM",7
001100 4,evening,theft/other,,precinct 32,"5/8/2026, 8:00:00 PM",2026,,cluster 11,theft/other,393194.51,property|theft/other,"38.9487768183,-77.0785086932",-77.0785086932,3E,4500 - 4599 block of fort drive nw,3,2,others,property,202,"5/8/2026, 6:45:00 PM",142322.87,001100,2D1,38.9487768183,26062090,"5/8/2026, 8:35:27 PM",6
000703 1,day,theft f/auto,,precinct 28,"8/18/2026, 5:00:00 AM",2026,,cluster 14,theft f/auto,393203.59,property|theft f/auto,"38.9324226132,-77.0783859624",-77.0783859624,3A,3900 - 4099 block of massachusetts avenue nw,3,2,others,property,205,"7/16/2026, 8:00:00 PM",140507.4,000703,2D2,38.9324226132,26423025,"8/6/2026, 12:46:51 PM",7
001100 4,day,theft/other,,precinct 32,"11/22/2025, 9:58:00 AM",2025,,cluster 11,theft/other,393039.43,property|theft/other,"38.9492466458,-77.0802982386",-77.0802982386,3E,4530 - 4599 block of wisconsin avenue nw,3,2,others,property,202,"11/22/2025, 9:46:00 AM",142375.16,001100,2D1,38.9492466458,25177425,"11/22/2025, 11:45:30 AM",6
001200 2,evening,theft f/auto,,precinct 33,"8/25/2023, 1:30:00 AM",2023,,cluster 11,theft f/auto,393620.68,property|theft f/auto,"38.9478959445,-77.0735914505",-77.0735914505,3E,3700 - 3799 block of albemarle street nw,3,2,others,property,202,"8/25/2023, 1:00:00 AM",142224.73,001200,2D1,38.9478959445,23425196,"11/30/2023, 3:41:43 PM",7
001002 4,day,theft/other,,precinct 29,"1/10/2025, 4:45:00 PM",2025,,cluster 14,theft/other,393645.65,property|theft/other,"38.934751414,-77.0732898841",-77.0732898841,3A,3700 - 3749 block of newark street nw,3,2,others,property,204,"1/10/2025, 1:28:00 PM",140765.55,001002,2D2,38.934751414,25004349,"1/10/2025, 2:10:29 PM",6
001100 4,evening,theft/other,,precinct 32,"1/29/2025, 6:35:00 PM",2025,,cluster 11,theft/other,393173.95,property|theft/other,"38.9487916125,-77.0787458915",-77.0787458915,3E,4500 - 4599 block of 40th street nw,3,2,others,property,202,"1/29/2025, 6:31:00 PM",142324.53,001100,2D1,38.9487916125,25014027,"1/29/2025, 7:05:50 PM",6
001004 3,evening,theft/other,,precinct 30,"9/4/2024, 1:00:00 PM",2024,,cluster 11,theft/other,393113.91,property|theft/other,"38.9474950334,-77.0794370733",-77.0794370733,3E,4404 - 4499 block of wisconsin avenue nw,3,2,others,property,202,"9/4/2024, 9:30:00 AM",142180.65,001004,2D1,38.9474950334,24423215,"9/20/2024, 7:01:42 PM",6
001100 4,evening,theft/other,,precinct 32,"1/31/2023, 7:15:00 PM",2023,,cluster 11,theft/other,393070,property|theft/other,"38.9483536271,-77.0799445766",-77.0799445766,3E,4500 - 4537 block of wisconsin avenue nw,3,2,others,property,202,"1/31/2023, 6:05:00 PM",142276,001100,2D1,38.9483536271,23016975,"1/31/2023, 8:27:43 PM",6
001004 2,evening,theft/other,,precinct 31,"8/3/2026, 4:59:00 PM",2026,,cluster 11,theft/other,393070.63,property|theft/other,"38.9483570552,-77.0799373128",-77.0799373128,3E,4500 - 4537 block of wisconsin avenue nw,3,2,others,property,202,"8/3/2026, 4:48:00 PM",142276.38,001004,2D1,38.9483570552,26108578,"8/3/2026, 6:00:29 PM",6
001002 4,day,theft/other,,precinct 29,"7/7/2024, 8:40:00 AM",2024,,cluster 14,theft/other,393645.65,property|theft/other,"38.934751414,-77.0732898841",-77.0732898841,3A,3700 - 3749 block of newark street nw,3,2,others,property,204,"7/7/2024, 7:47:00 AM",140765.55,001002,2D2,38.934751414,24103865,"7/20/2024, 8:50:42 AM",6
001003 3,day,motor vehicle theft,,precinct 30,"3/2/2026, 7:00:00 AM",2026,,cluster 11,motor vehicle theft,392231.02,property|motor vehicle theft,"38.9479076347,-77.0896225038",-77.0896225038,3E,4500 - 4599 block of albemarle street nw,3,2,others,property,202,"3/1/2026, 11:00:00 PM",142227.27,001003,2D1,38.9479076347,26027540,"3/2/2026, 10:38:19 AM",8
001002 4,day,theft/other,,precinct 29,"4/22/2025, 8:45:00 AM",2025,,cluster 14,theft/other,393645.65,property|theft/other,"38.934751414,-77.0732898841",-77.0732898841,3A,3700 - 3749 block of newark street nw,3,2,others,property,204,"4/22/2025, 8:17:00 AM",140765.55,001002,2D2,38.934751414,25058267,"4/22/2025, 9:06:46 AM",6
001003 3,day,motor vehicle theft,,precinct 30,"11/1/2023, 6:10:00 AM",2023,,cluster 11,motor vehicle theft,392231.02,property|motor vehicle theft,"38.9479076347,-77.0896225038",-77.0896225038,3E,4500 - 4599 block of albemarle street nw,3,2,others,property,202,"10/31/2023, 6:30:00 PM",142227.27,001003,2D1,38.9479076347,23179583,"11/1/2023, 8:07:09 AM",8
001004 2,evening,theft f/auto,,precinct 31,"1/19/2023, 7:43:00 PM",2023,,cluster 11,theft f/auto,392579,property|theft f/auto,"38.9496828407,-77.0856103574",-77.0856103574,3E,4310 - 4399 block of brandywine street nw,3,2,others,property,202,"1/19/2023, 7:33:00 PM",142424,001004,2D1,38.9496828407,23010222,"1/19/2023, 7:42:54 PM",7
001100 4,evening,theft/other,,precinct 32,"2/7/2026, 9:20:00 PM",2026,,cluster 11,theft/other,393038.35,property|theft/other,"38.9502034057,-77.0803117756",-77.0803117756,3E,4600 - 4699 block of 41st street nw,3,2,others,property,202,"2/7/2026, 8:55:00 PM",142481.37,001100,2D1,38.9502034057,26017113,"2/7/2026, 9:22:03 PM",6
001200 4,day,motor vehicle theft,,precinct 33,"3/2/2026, 8:45:00 AM",2026,,cluster 11,motor vehicle theft,393722.89,property|motor vehicle theft,"38.9459034194,-77.0724103379",-77.0724103379,3F,4312 - 4399 block of 37th street nw,3,2,others,property,202,"2/27/2026, 9:15:00 AM",142003.46,001200,2D1,38.9459034194,26027545,"3/2/2026, 10:30:27 AM",8
001100 4,midnight,assault w/dangerous weapon,,precinct 32,"6/7/2026, 1:32:00 AM",2026,,cluster 11,assault w/dangerous weapon,393039.43,violent|assault w/dangerous weapon,"38.9492466458,-77.0802982386",-77.0802982386,3E,4530 - 4599 block of wisconsin avenue nw,3,2,others,violent,202,"6/7/2026, 1:25:00 AM",142375.16,001100,2D1,38.9492466458,26077799,"6/7/2026, 2:45:12 AM",3
000903 2,day,theft f/auto,,precinct 9,"10/10/2024, 8:35:00 AM",2024,,cluster 13,theft f/auto,391696.79,property|theft f/auto,"38.945126307,-77.0957816153",-77.0957816153,3D,4800 - 4899 block of massachusetts avenue nw,3,2,others,property,205,"10/10/2024, 8:19:00 AM",141919.06,000903,2D2,38.945126307,24157056,"10/10/2024, 10:42:22 AM",7
001002 2,evening,theft/other,,precinct 29,"9/11/2023, 1:00:00 PM",2023,,cluster 14,theft/other,393340.54,property|theft/other,"38.9390328683,-77.0768135791",-77.0768135791,3A,3810 - 3899 block of rodman street nw,3,2,others,property,204,"9/7/2023, 6:00:00 PM",141241.08,001002,2D2,38.9390328683,23150216,"9/11/2023, 8:35:16 PM",6
001100 4,evening,theft/other,,precinct 32,"2/14/2024, 8:03:00 PM",2024,,cluster 11,theft/other,393173.95,property|theft/other,"38.9487916125,-77.0787458915",-77.0787458915,3E,4500 - 4599 block of 40th street nw,3,2,others,property,202,"2/14/2024, 7:50:00 PM",142324.53,001100,2D1,38.9487916125,24023549,"2/14/2024, 8:34:24 PM",6
000803 2,evening,theft/other,,precinct 10,"10/11/2024, 1:00:00 PM",2024,,cluster 14,theft/other,392994.72,property|theft/other,"38.9341858788,-77.0807969499",-77.0807969499,3B,4100 - 4199 block of massachusetts avenue nw,3,2,others,property,205,"10/11/2024, 10:00:00 AM",140703.32,000803,2D2,38.9341858788,24157875,"10/11/2024, 6:12:38 PM",6
000904 2,evening,theft f/auto,,precinct 9,"7/12/2023, 2:42:00 PM",2023,,cluster 13,theft f/auto,391342.26,property|theft f/auto,"38.9410448358,-77.0998655775",-77.0998655775,3D,5000 - 5099 block of tilden street nw,3,2,others,property,205,"7/12/2023, 12:28:00 PM",141466.36,000904,2D2,38.9410448358,23122664,"7/12/2023, 5:05:28 PM",7
001002 2,day,theft/other,,precinct 29,"6/21/2026, 1:15:00 PM",2026,,cluster 14,theft/other,393254.53,property|theft/other,"38.9400305108,-77.0778067509",-77.0778067509,3A,10 - 99 block of ridge square nw,3,2,others,property,204,"6/21/2026, 1:10:00 PM",141351.9,001002,2D2,38.9400305108,26085537,"6/23/2026, 12:54:22 PM",6
000704 1,midnight,theft/other,,precinct 28,"3/21/2023, 9:29:00 PM",2023,,cluster 14,theft/other,393681,property|theft/other,"38.9304407462,-77.0728777576",-77.0728777576,3A,3000 - 3199 block of wisconsin avenue nw,3,2,others,property,204,"3/21/2023, 9:00:00 PM",140287,000704,2D2,38.9304407462,23044124,"3/21/2023, 11:11:12 PM",6
001002 2,evening,theft/other,,precinct 29,"2/2/2025, 3:39:00 PM",2025,,cluster 14,theft/other,393391.9,property|theft/other,"38.9417022317,-77.0762240207",-77.0762240207,3A,4000 - 4099 block of wisconsin avenue nw,3,2,others,property,204,"2/2/2025, 3:38:00 PM",141537.36,001002,2D2,38.9417022317,25015969,"2/2/2025, 3:42:33 PM",6
001100 4,day,burglary,,precinct 32,"12/17/2023, 11:00:00 AM",2023,,cluster 11,burglary,393113.91,property|burglary,"38.9474950334,-77.0794370733",-77.0794370733,3E,4404 - 4499 block of wisconsin avenue nw,3,2,others,property,202,"12/16/2023, 8:00:00 PM",142180.65,001100,2D1,38.9474950334,23204683,"12/17/2023, 2:09:54 PM",5
001200 4,day,theft f/auto,,precinct 33,"3/28/2025, 8:00:00 AM",2025,,cluster 11,theft f/auto,393627.4,property|theft f/auto,"38.9422160925,-77.0735080721",-77.0735080721,3A,3700 - 3799 block of upton street nw,3,2,others,property,202,"3/27/2025, 8:00:00 PM",141594.21,001200,2D1,38.9422160925,25421254,"4/14/2025, 7:01:32 AM",7
001004 2,evening,theft/other,,precinct 31,"12/28/2024, 2:59:00 PM",2024,,cluster 11,theft/other,393070.63,property|theft/other,"38.9483570552,-77.0799373128",-77.0799373128,3E,4500 - 4537 block of wisconsin avenue nw,3,2,others,property,202,"12/28/2024, 1:57:00 PM",142276.38,001004,2D1,38.9483570552,24200509,"12/28/2024, 3:30:56 PM",6
001002 2,day,theft/other,,precinct 29,"8/16/2025, 4:15:00 PM",2025,,cluster 14,theft/other,393254.53,property|theft/other,"38.9400305108,-77.0778067509",-77.0778067509,3A,10 - 99 block of ridge square nw,3,2,others,property,204,"8/16/2025, 3:55:00 PM",141351.9,001002,2D2,38.9400305108,25129925,"8/19/2025, 7:08:46 AM",6
001200 4,evening,theft f/auto,,precinct 33,"7/30/2024, 3:00:00 PM",2024,,cluster 12,theft f/auto,393813.66,property|theft f/auto,"38.9459208187,-77.0713632672",-77.0713632672,3F,4326 - 4399 block of reno road nw,3,2,others,property,203,"7/30/2024, 10:00:00 AM",142005.32,001200,2D1,38.9459208187,24116767,"7/30/2024, 3:59:29 PM",7
000600 4,day,theft f/auto,,precinct 27,"2/7/2026, 12:00:00 PM",2026,,cluster 15,theft f/auto,393928.45,property|theft f/auto,"38.9381498112,-77.0700314591",-77.0700314591,3A,3500 - 3599 block of quebec street nw,3,2,others,property,203,"2/6/2026, 5:30:00 PM",141142.58,000600,2D1,38.9381498112,26018206,"2/10/2026, 2:43:13 PM",7
001100 4,day,theft f/auto,,precinct 32,"11/30/2022, 1:00:00 PM",2022,,cluster 11,theft f/auto,393173,property|theft f/auto,"38.9487868308,-77.0787568455",-77.0787568455,3E,4500 - 4599 block of 40th street nw,3,2,others,property,202,"11/29/2022, 1:00:00 PM",142324,001100,2D1,38.9487868308,22174166,"11/30/2022, 11:59:43 AM",7
001003 1,day,theft f/auto,,precinct 31,"6/9/2023, 3:40:00 PM",2023,,cluster 11,theft f/auto,392146.01,property|theft f/auto,"38.9507025957,-77.0906067271",-77.0906067271,3E,4614 - 4699 block of 46th street nw,3,2,others,property,202,"6/9/2023, 3:25:00 PM",142537.62,001003,2D1,38.9507025957,23096043,"6/15/2023, 9:39:23 AM",7
001002 4,day,theft/other,,precinct 29,"7/27/2025, 9:05:00 AM",2025,,cluster 14,theft/other,393645.65,property|theft/other,"38.934751414,-77.0732898841",-77.0732898841,3A,3700 - 3749 block of newark street nw,3,2,others,property,204,"7/27/2025, 8:18:00 AM",140765.55,001002,2D2,38.934751414,25113541,"7/27/2025, 9:06:17 AM",6
001200 4,day,theft f/auto,,precinct 33,"3/23/2023, 11:45:00 AM",2023,,cluster 11,theft f/auto,393283,property|theft f/auto,"38.9447789956,-77.0774835196",-77.0774835196,3E,3900 - 3949 block of warren street nw,3,2,others,property,202,"3/23/2023, 11:30:00 AM",141879,001200,2D1,38.9447789956,23045626,"3/24/2023, 2:36:37 PM",7
001004 2,evening,theft/other,,precinct 31,"2/8/2024, 8:40:00 AM",2024,,cluster 11,theft/other,393070.63,property|theft/other,"38.9483570552,-77.0799373128",-77.0799373128,3E,4500 - 4537 block of wisconsin avenue nw,3,2,others,property,202,"2/8/2024, 8:23:00 AM",142276.38,001004,2D1,38.9483570552,24027236,"2/21/2024, 8:47:03 PM",6
001100 4,day,robbery,,precinct 32,"7/31/2025, 12:00:00 PM",2025,,cluster 11,robbery,393173.95,violent|robbery,"38.9487916125,-77.0787458915",-77.0787458915,3E,4500 - 4599 block of 40th street nw,3,2,others,violent,202,"7/31/2025, 11:57:00 AM",142324.53,001100,2D1,38.9487916125,25115936,"7/31/2025, 12:57:18 PM",4
000903 2,evening,theft f/auto,,precinct 9,"6/3/2025, 3:07:00 PM",2025,,cluster 13,theft f/auto,391657.18,property|theft f/auto,"38.9443073495,-77.0962374308",-77.0962374308,3D,4300 - 4399 block of fordham road nw,3,2,others,property,205,"6/3/2025, 10:00:00 AM",141828.19,000903,2D2,38.9443073495,25085823,"6/8/2025, 9:40:32 PM",7
001100 4,day,theft/other,,precinct 32,,2025,,cluster 11,theft/other,393173.95,property|theft/other,"38.9487916125,-77.0787458915",-77.0787458915,3E,4500 - 4599 block of 40th street nw,3,2,others,property,202,"6/17/2025, 6:50:00 AM",142324.53,001100,2D1,38.9487916125,25090467,"6/17/2025, 7:27:28 AM",6
001100 4,day,theft/other,,precinct 32,"1/28/2025, 5:30:00 PM",2025,,cluster 11,theft/other,393194.51,property|theft/other,"38.9487768183,-77.0785086932",-77.0785086932,3E,4500 - 4599 block of fort drive nw,3,2,others,property,202,"1/28/2025, 5:00:00 PM",142322.87,001100,2D1,38.9487768183,25013872,"1/29/2025, 2:46:21 PM",6
001002 4,evening,theft/other,,precinct 29,"6/15/2025, 8:50:00 PM",2025,,cluster 14,theft/other,393645.65,property|theft/other,"38.934751414,-77.0732898841",-77.0732898841,3A,3700 - 3749 block of newark street nw,3,2,others,property,204,"6/15/2025, 7:52:00 PM",140765.55,001002,2D2,38.934751414,25089755,"6/15/2025, 9:39:32 PM",6
001004 2,evening,theft/other,,precinct 31,"1/26/2025, 6:40:00 PM",2025,,cluster 11,theft/other,393070.63,property|theft/other,"38.9483570552,-77.0799373128",-77.0799373128,3E,4500 - 4537 block of wisconsin avenue nw,3,2,others,property,202,"1/26/2025, 5:20:00 PM",142276.38,001004,2D1,38.9483570552,25012370,"1/26/2025, 7:04:56 PM",6
001004 2,evening,theft/other,,precinct 31,,2024,,cluster 11,theft/other,393070.63,property|theft/other,"38.9483570552,-77.0799373128",-77.0799373128,3E,4500 - 4537 block of wisconsin avenue nw,3,2,others,property,202,"11/25/2024, 5:08:00 PM",142276.38,001004,2D1,38.9483570552,24183433,"11/25/2024, 5:44:24 PM",6
001003 2,day,theft f/auto,,precinct 31,"9/27/2022, 11:00:00 AM",2022,,cluster 11,theft f/auto,391972,property|theft f/auto,"38.9527132893,-77.0926167882",-77.0926167882,3E,4800 - 4899 block of 47th street nw,3,2,others,property,202,"9/27/2022, 10:00:00 AM",142761,001003,2D1,38.9527132893,22144808,"10/6/2022, 10:33:57 AM",7
001004 2,evening,theft/other,,precinct 31,"3/20/2023, 5:36:00 PM",2023,,cluster 11,theft/other,393070,property|theft/other,"38.9483536271,-77.0799445766",-77.0799445766,3E,4500 - 4537 block of wisconsin avenue nw,3,2,others,property,202,"3/20/2023, 5:06:00 PM",142276,001004,2D1,38.9483536271,23043378,"3/20/2023, 7:29:29 PM",6
000600 4,day,theft/other,,precinct 29,"10/17/2022, 9:11:00 AM",2022,,cluster 15,theft/other,393875,property|theft/other,"38.9422069536,-77.0706519914",-77.0706519914,3A,3600 - 3699 block of upton street nw,3,2,others,property,203,"10/17/2022, 7:00:00 AM",141593,000600,2D1,38.9422069536,22150606,"10/17/2022, 10:22:52 AM",6
000803 3,midnight,motor vehicle theft,,precinct 10,"10/30/2022, 11:00:00 PM",2022,,cluster 14,motor vehicle theft,392960,property|motor vehicle theft,"38.9302821241,-77.0811929554",-77.0811929554,3B,4000 - 4299 block of cathedral avenue nw,3,2,others,property,205,"10/29/2022, 9:00:00 PM",140270,000803,2D2,38.9302821241,22157988,"10/30/2022, 11:35:55 PM",8
000600 4,day,theft f/auto,,precinct 27,"11/2/2022, 8:15:00 AM",2022,,cluster 15,theft f/auto,393784,property|theft f/auto,"38.9346303412,-77.071694059",-77.071694059,3A,3600 - 3699 block of newark street nw,3,2,others,property,203,"11/1/2022, 4:45:00 PM",140752,000600,2D1,38.9346303412,22423795,"11/4/2022, 9:52:48 AM",7
000803 2,evening,theft/other,,precinct 10,"1/31/2023, 1:15:00 PM",2023,,cluster 14,theft/other,392544,property|theft/other,"38.9337558969,-77.0859949118",-77.0859949118,3B,3300 - 3399 block of new mexico avenue nw,3,2,others,property,205,"1/31/2023, 1:00:00 PM",140656,000803,2D2,38.9337558969,23016785,"1/31/2023, 3:26:46 PM",6
001004 2,day,theft/other,,precinct 31,,2023,,cluster 11,theft/other,393070,property|theft/other,"38.9483536271,-77.0799445766",-77.0799445766,3E,4500 - 4537 block of wisconsin avenue nw,3,2,others,property,202,"1/27/2023, 8:19:00 AM",142276,001004,2D1,38.9483536271,23014265,"1/27/2023, 9:05:29 AM",6
001100 4,evening,theft/other,,precinct 32,,2022,,cluster 11,theft/other,393194,property|theft/other,"38.9487689772,-77.078514568",-77.078514568,3E,4500 - 4599 block of fort drive nw,3,2,others,property,202,"11/18/2022, 8:40:00 PM",142322,001100,2D1,38.9487689772,22168452,"11/18/2022, 9:54:07 PM",6
001003 1,day,theft f/auto,,precinct 31,"11/20/2023, 11:30:00 AM",2023,,cluster 11,theft f/auto,391896.93,property|theft f/auto,"38.9479092108,-77.0934765501",-77.0934765501,3E,4700 - 4799 block of albemarle street nw,3,2,others,property,202,"11/20/2023, 9:40:00 AM",142227.78,001003,2D1,38.9479092108,23190102,"11/20/2023, 12:52:59 PM",7
000704 1,midnight,theft/other,,precinct 28,"6/15/2023, 4:54:00 AM",2023,,cluster 14,theft/other,393563,property|theft/other,"38.9293859179,-77.0742375673",-77.0742375673,3A,3701 - 3799 block of massachusetts avenue nw,3,2,others,property,204,"6/15/2023, 4:35:00 AM",140170,000704,2D2,38.9293859179,23095964,"6/15/2023, 5:16:52 AM",6
001100 4,evening,theft/other,,precinct 32,"5/31/2023, 8:39:00 PM",2023,,cluster 11,theft/other,393039,property|theft/other,"38.949245201,-77.0803031975",-77.0803031975,3E,4530 - 4599 block of wisconsin avenue nw,3,2,others,property,202,"5/31/2023, 8:25:00 PM",142375,001100,2D1,38.949245201,23086409,"5/31/2023, 9:38:33 PM",6
001002 2,midnight,theft f/auto,,precinct 29,"6/12/2023, 1:30:00 PM",2023,,cluster 14,theft f/auto,393340,property|theft f/auto,"38.9390321436,-77.076819807",-77.076819807,3A,3810 - 3899 block of rodman street nw,3,2,others,property,204,"6/12/2023, 1:00:00 PM",141241,001002,2D2,38.9390321436,23094242,"6/13/2023, 6:20:41 AM",7
000904 1,evening,theft f/auto,,precinct 8,"8/2/2023, 2:30:00 PM",2023,,cluster 13,theft f/auto,391082.28,property|theft f/auto,"38.9345449162,-77.1028550269",-77.1028550269,3D,5021 - 5042 block of macomb street nw,3,2,others,property,205,"8/2/2023, 9:00:00 AM",140745.1,000904,2D2,38.9345449162,23127160,"8/4/2023, 4:28:37 PM",7
001002 4,day,theft/other,,precinct 29,"7/23/2023, 11:35:00 AM",2023,,cluster 14,theft/other,393720.86,property|theft/other,"38.9340623694,-77.0724217259",-77.0724217259,3A,3300 - 3399 block of wisconsin avenue nw,3,2,others,property,204,"7/23/2023, 11:11:00 AM",140689,001002,2D2,38.9340623694,23119354,"7/23/2023, 12:41:55 PM",6
001100 4,evening,motor vehicle theft,,precinct 32,"11/26/2023, 6:45:00 PM",2023,,cluster 11,motor vehicle theft,393070.63,property|motor vehicle theft,"38.9483570552,-77.0799373128",-77.0799373128,3E,4500 - 4537 block of wisconsin avenue nw,3,2,others,property,202,"11/26/2023, 6:40:00 PM",142276.38,001100,2D1,38.9483570552,23193168,"11/26/2023, 8:09:14 PM",8
000703 1,day,theft f/auto,,precinct 28,"4/5/2023, 6:00:00 AM",2023,,cluster 14,theft f/auto,393203,property|theft f/auto,"38.9324190053,-77.0783927631",-77.0783927631,3A,3900 - 4099 block of massachusetts avenue nw,3,2,others,property,205,"3/31/2023, 4:00:00 PM",140507,000703,2D2,38.9324190053,23053143,"4/6/2023, 2:04:59 PM",7
001003 2,day,theft f/auto,,precinct 31,,2023,,cluster 11,theft f/auto,391770,property|theft f/auto,"38.9521078662,-77.0949464001",-77.0949464001,3E,4800 - 4823 block of davenport street nw,3,2,others,property,202,"5/1/2023, 12:42:00 PM",142694,001003,2D1,38.9521078662,23067734,"5/1/2023, 2:48:34 PM",7
001003 3,evening,motor vehicle theft,,precinct 30,"2/10/2024, 10:00:00 AM",2024,,cluster 11,motor vehicle theft,392230.49,property|motor vehicle theft,"38.9447841003,-77.0896246908",-77.0896246908,3E,4500 - 4599 block of warren street nw,3,2,others,property,202,"2/9/2024, 9:00:00 PM",141880.53,001003,2D1,38.9447841003,24021377,"2/11/2024, 3:23:22 PM",8
000803 2,evening,theft/other,,precinct 10,"9/25/2023, 5:00:00 PM",2023,,cluster 14,theft/other,392544.93,property|theft/other,"38.9337607693,-77.0859841914",-77.0859841914,3B,3300 - 3399 block of new mexico avenue nw,3,2,others,property,205,"9/25/2023, 8:00:00 AM",140656.54,000803,2D2,38.9337607693,23158456,"9/25/2023, 6:54:33 PM",6
000703 1,midnight,assault w/dangerous weapon,,precinct 28,,2024,,cluster 14,assault w/dangerous weapon,393203.59,violent|assault w/dangerous weapon,"38.9324226132,-77.0783859624",-77.0783859624,3A,3900 - 4099 block of massachusetts avenue nw,3,2,knife,violent,205,"8/4/2024, 2:41:00 AM",140507.4,000703,2D2,38.9324226132,24119240,"8/4/2024, 3:57:02 AM",3
000804 3,day,theft f/auto,,precinct 10,"8/9/2024, 12:30:00 PM",2024,,cluster 13,theft f/auto,392419.61,property|theft f/auto,"38.9334840431,-77.0874292499",-77.0874292499,3D,4400 - 4499 block of macomb street nw,3,2,others,property,205,"8/9/2024, 11:00:00 AM",140625.94,000804,2D2,38.9334840431,24122029,"8/9/2024, 2:45:47 PM",7
001002 2,day,theft f/auto,,precinct 29,,2024,,cluster 14,theft f/auto,393228.75,property|theft f/auto,"38.9392695625,-77.0781032811",-77.0781032811,3A,3800 - 3899 block of 39th street nw,3,2,others,property,204,"10/23/2024, 8:46:00 AM",141267.45,001002,2D2,38.9392695625,24164543,"10/23/2024, 10:17:01 AM",7
001002 2,evening,theft/other,,precinct 29,"6/11/2025, 4:45:00 PM",2025,,cluster 14,theft/other,393391.9,property|theft/other,"38.9417022317,-77.0762240207",-77.0762240207,3A,4000 - 4099 block of wisconsin avenue nw,3,2,others,property,204,"6/11/2025, 3:45:00 PM",141537.36,001002,2D2,38.9417022317,25087509,"6/11/2025, 10:00:53 PM",6
001100 4,day,theft/other,,precinct 32,"11/28/2024, 11:00:00 AM",2024,,cluster 11,theft/other,393173.95,property|theft/other,"38.9487916125,-77.0787458915",-77.0787458915,3E,4500 - 4599 block of 40th street nw,3,2,others,property,202,"11/28/2024, 10:50:00 AM",142324.53,001100,2D1,38.9487916125,24184843,"11/28/2024, 11:41:13 AM",6
000904 2,evening,theft f/auto,,precinct 9,"10/26/2024, 8:20:00 PM",2024,,cluster 13,theft f/auto,391587.02,property|theft f/auto,"38.9460519441,-77.0970491269",-77.0970491269,3D,4900 - 4908 block of massachusetts avenue nw,3,2,others,property,205,"10/26/2024, 6:20:00 PM",142021.93,000904,2D2,38.9460519441,24167507,"10/28/2024, 4:37:09 PM",7
001100 4,evening,theft/other,,precinct 32,"7/21/2024, 3:15:00 PM",2024,,cluster 11,theft/other,393039.43,property|theft/other,"38.9492466458,-77.0802982386",-77.0802982386,3E,4530 - 4599 block of wisconsin avenue nw,3,2,others,property,202,"7/21/2024, 3:10:00 PM",142375.16,001100,2D1,38.9492466458,24111827,"7/21/2024, 3:40:41 PM",6
000804 3,evening,theft f/auto,,precinct 10,"5/7/2024, 12:20:00 PM",2024,,cluster 14,theft f/auto,392960.84,property|theft f/auto,"38.9302858242,-77.0811832718",-77.0811832718,3B,4000 - 4299 block of cathedral avenue nw,3,2,others,property,204,"5/7/2024, 12:10:00 PM",140270.41,000804,2D2,38.9302858242,24068482,"5/7/2024, 3:18:52 PM",7
001003 1,midnight,theft f/auto,,precinct 31,"12/11/2023, 12:36:00 PM",2023,,cluster 11,theft f/auto,392231.45,property|theft f/auto,"38.9510406251,-77.0896214822",-77.0896214822,3E,4500 - 4599 block of chesapeake street nw,3,2,others,property,202,"12/11/2023, 12:35:00 PM",142575.06,001003,2D1,38.9510406251,23201355,"12/13/2023, 5:51:59 AM",7
001100 4,evening,theft/other,,precinct 32,"8/27/2024, 7:25:00 PM",2024,,cluster 11,theft/other,393173.95,property|theft/other,"38.9487916125,-77.0787458915",-77.0787458915,3E,4500 - 4599 block of 40th street nw,3,2,others,property,202,"8/27/2024, 7:15:00 PM",142324.53,001100,2D1,38.9487916125,24132254,"8/27/2024, 8:35:10 PM",6
000400 1,day,theft/other,,precinct 12,"3/13/2024, 10:15:00 AM",2024,,cluster 15,theft/other,393681.01,property|theft/other,"38.9304475926,-77.0728776493",-77.0728776493,3C,3000 - 3199 block of wisconsin avenue nw,3,2,others,property,204,"3/13/2024, 9:45:00 AM",140287.76,000400,2D2,38.9304475926,24038744,"3/14/2024, 12:59:44 PM",6
000600 4,midnight,theft f/auto,,precinct 29,"11/25/2024, 1:00:00 PM",2024,,cluster 15,theft f/auto,393582.02,property|theft f/auto,"38.9377115277,-77.0740268541",-77.0740268541,3A,3600 - 3699 block of wisconsin avenue nw,3,2,others,property,203,"11/25/2024, 11:00:00 AM",141094.2,000600,2D1,38.9377115277,24184973,"11/29/2024, 12:28:00 AM",7
000704 1,day,theft f/auto,,precinct 28,"6/2/2025, 8:30:00 AM",2025,,cluster 14,theft f/auto,393563.34,property|theft f/auto,"38.9293890733,-77.0742336494",-77.0742336494,3A,3701 - 3799 block of massachusetts avenue nw,3,2,others,property,204,"6/1/2025, 8:00:00 PM",140170.35,000704,2D2,38.9293890733,25082069,"6/2/2025, 9:09:19 AM",7
001002 4,evening,theft/other,,precinct 29,"11/15/2025, 6:10:00 PM",2025,,cluster 14,theft/other,393645.65,property|theft/other,"38.934751414,-77.0732898841",-77.0732898841,3A,3700 - 3749 block of newark street nw,3,2,others,property,204,"11/15/2025, 5:55:00 PM",140765.55,001002,2D2,38.934751414,25173992,"11/15/2025, 7:08:32 PM",6
000703 1,evening,theft/other,,precinct 28,"6/5/2025, 3:06:00 PM",2025,,cluster 14,theft/other,393203.59,property|theft/other,"38.9324226132,-77.0783859624",-77.0783859624,3A,3900 - 4099 block of massachusetts avenue nw,3,2,others,property,205,"6/5/2025, 1:42:00 PM",140507.4,000703,2D2,38.9324226132,25083978,"6/5/2025, 3:12:59 PM",6
000803 2,day,theft/other,,precinct 10,"10/3/2025, 1:01:00 PM",2025,,cluster 14,theft/other,392994.72,property|theft/other,"38.9341858788,-77.0807969499",-77.0807969499,3B,4100 - 4199 block of massachusetts avenue nw,3,2,others,property,205,"10/3/2025, 11:37:00 AM",140703.32,000803,2D2,38.9341858788,25150960,"10/3/2025, 1:01:39 PM",6
001100 4,evening,theft/other,,precinct 32,,2024,,cluster 11,theft/other,393173.95,property|theft/other,"38.9487916125,-77.0787458915",-77.0787458915,3E,4500 - 4599 block of 40th street nw,3,2,others,property,202,"11/19/2024, 5:21:00 PM",142324.53,001100,2D1,38.9487916125,24180068,"11/19/2024, 6:34:31 PM",6
001002 4,day,theft/other,,precinct 29,"9/11/2025, 8:11:00 AM",2025,,cluster 14,theft/other,393645.65,property|theft/other,"38.934751414,-77.0732898841",-77.0732898841,3A,3700 - 3749 block of newark street nw,3,2,others,property,204,"9/11/2025, 8:00:00 AM",140765.55,001002,2D2,38.934751414,25138849,"9/11/2025, 9:06:31 AM",6
000903 2,day,theft f/auto,,precinct 9,"1/31/2025, 1:40:00 PM",2025,,cluster 13,theft f/auto,391696.79,property|theft f/auto,"38.945126307,-77.0957816153",-77.0957816153,3D,4800 - 4899 block of massachusetts avenue nw,3,2,others,property,205,"1/31/2025, 12:00:00 PM",141919.06,000903,2D2,38.945126307,25014944,"1/31/2025, 2:55:19 PM",7
001002 4,evening,theft/other,,precinct 29,"2/13/2025, 8:10:00 PM",2025,,cluster 14,theft/other,393645.65,property|theft/other,"38.934751414,-77.0732898841",-77.0732898841,3A,3700 - 3749 block of newark street nw,3,2,others,property,204,"2/13/2025, 7:13:00 PM",140765.55,001002,2D2,38.934751414,25021652,"2/13/2025, 9:30:02 PM",6
001100 4,evening,theft/other,,precinct 32,"11/10/2024, 4:12:00 PM",2024,,cluster 11,theft/other,393039.43,property|theft/other,"38.9492466458,-77.0802982386",-77.0802982386,3E,4530 - 4599 block of wisconsin avenue nw,3,2,others,property,202,"11/10/2024, 3:45:00 PM",142375.16,001100,2D1,38.9492466458,24175015,"11/10/2024, 9:07:08 PM",6
000804 3,day,theft/other,,precinct 10,"9/20/2022, 10:00:00 AM",2022,,cluster 13,theft/other,392524,property|theft/other,"38.9295668666,-77.0862205193",-77.0862205193,3D,3000 - 3035 block of 44th street nw,3,2,others,property,205,"9/20/2022, 10:00:00 AM",140191,000804,2D2,38.9295668666,22423659,"10/26/2022, 1:32:30 PM",6
001002 4,day,theft/other,,precinct 29,"10/25/2024, 11:35:00 AM",2024,,cluster 14,theft/other,393645.65,property|theft/other,"38.934751414,-77.0732898841",-77.0732898841,3A,3700 - 3749 block of newark street nw,3,2,others,property,204,"10/25/2024, 11:25:00 AM",140765.55,001002,2D2,38.934751414,24165810,"10/25/2024, 12:37:31 PM",6
000904 2,day,theft f/auto,,precinct 9,"12/10/2025, 12:08:00 PM",2025,,cluster 13,theft f/auto,391236.69,property|theft f/auto,"38.9448047465,-77.1010886415",-77.1010886415,3D,5100 - 5115 block of 52nd street nw,3,2,others,property,205,"12/10/2025, 11:30:00 AM",141883.86,000904,2D2,38.9448047465,25185907,"12/10/2025, 1:20:37 PM",7
001003 3,day,theft f/auto,,precinct 30,"10/17/2025, 8:50:00 PM",2025,,cluster 11,theft f/auto,391696.79,property|theft f/auto,"38.945126307,-77.0957816153",-77.0957816153,3E,4800 - 4899 block of massachusetts avenue nw,3,2,others,property,202,"10/17/2025, 8:40:00 PM",141919.06,001003,2D1,38.945126307,25160861,"10/22/2025, 2:21:41 PM",7
001004 2,evening,theft/other,,precinct 31,,2025,,cluster 11,theft/other,393070.63,property|theft/other,"38.9483570552,-77.0799373128",-77.0799373128,3E,4500 - 4537 block of wisconsin avenue nw,3,2,others,property,202,"5/21/2025, 4:57:00 PM",142276.38,001004,2D1,38.9483570552,25075616,"5/21/2025, 5:25:13 PM",6
001100 4,day,theft f/auto,,precinct 32,"4/17/2023, 12:00:00 PM",2023,,cluster 11,theft f/auto,393173,property|theft f/auto,"38.9487868308,-77.0787568455",-77.0787568455,3E,4500 - 4599 block of 40th street nw,3,2,others,property,202,"4/17/2023, 11:15:00 AM",142324,001100,2D1,38.9487868308,23059680,"4/17/2023, 1:02:44 PM",7
001100 4,evening,theft/other,,precinct 32,"10/13/2024, 5:42:00 PM",2024,,cluster 11,theft/other,393039.43,property|theft/other,"38.9492466458,-77.0802982386",-77.0802982386,3E,4530 - 4599 block of wisconsin avenue nw,3,2,others,property,202,"10/13/2024, 4:59:00 PM",142375.16,001100,2D1,38.9492466458,24158965,"10/13/2024, 6:27:36 PM",6
001002 4,evening,theft/other,,precinct 29,"3/8/2026, 6:30:00 PM",2026,,cluster 14,theft/other,393645.65,property|theft/other,"38.934751414,-77.0732898841",-77.0732898841,3A,3700 - 3749 block of newark street nw,3,2,others,property,204,"3/8/2026, 6:02:00 PM",140765.55,001002,2D2,38.934751414,26030595,"3/8/2026, 6:50:18 PM",6
000703 1,evening,theft/other,,precinct 28,"3/16/2026, 7:45:00 PM",2026,,cluster 14,theft/other,393250.96,property|theft/other,"38.9303971911,-77.0778374123",-77.0778374123,3A,3000 - 3099 block of idaho avenue nw,3,2,others,property,204,"3/16/2026, 6:24:00 PM",140282.52,000703,2D2,38.9303971911,26034648,"3/16/2026, 10:06:41 PM",6
000903 2,day,theft f/auto,,precinct 9,"6/17/2026, 8:15:00 AM",2026,,cluster 13,theft f/auto,391716.57,property|theft f/auto,"38.9422161886,-77.0955495427",-77.0955495427,3D,4800 - 4899 block of upton street nw,3,2,others,property,205,"6/16/2026, 6:00:00 PM",141595.99,000903,2D2,38.9422161886,26083369,"6/17/2026, 1:49:02 PM",7
001004 2,day,theft/other,,precinct 31,"7/19/2026, 9:03:00 AM",2026,,cluster 11,theft/other,393070.63,property|theft/other,"38.9483570552,-77.0799373128",-77.0799373128,3E,4500 - 4537 block of wisconsin avenue nw,3,2,others,property,202,"7/19/2026, 8:44:00 AM",142276.38,001004,2D1,38.9483570552,26100498,"7/19/2026, 9:53:56 AM",6
001002 4,evening,theft/other,,precinct 29,"1/6/2025, 10:13:00 PM",2025,,cluster 14,theft/other,393528.66,property|theft/other,"38.9342897856,-77.0746387419",-77.0746387419,3A,3300 - 3399 block of idaho avenue nw,3,2,others,property,204,"1/6/2025, 7:30:00 PM",140714.4,001002,2D2,38.9342897856,25002836,"1/6/2025, 10:24:28 PM",6
000600 3,day,theft f/auto,,precinct 27,"8/27/2026, 7:40:00 AM",2026,,cluster 15,theft f/auto,393720.86,property|theft f/auto,"38.9340623694,-77.0724217259",-77.0724217259,3A,3300 - 3399 block of wisconsin avenue nw,3,2,others,property,203,"8/27/2026, 12:30:00 AM",140689,000600,2D1,38.9340623694,26121023,"8/27/2026, 9:21:00 AM",7
001004 2,evening,theft/other,,precinct 31,"9/1/2026, 2:55:00 PM",2026,,cluster 11,theft/other,393070.63,property|theft/other,"38.9483570552,-77.0799373128",-77.0799373128,3E,4500 - 4537 block of wisconsin avenue nw,3,2,others,property,202,"9/1/2026, 2:50:00 PM",142276.38,001004,2D1,38.9483570552,26123964,"9/1/2026, 3:38:54 PM",6
001002 1,day,theft f/auto,,precinct 10,"2/8/2025, 12:30:00 PM",2025,,cluster 14,theft f/auto,392917.82,property|theft f/auto,"38.9428386263,-77.0816938075",-77.0816938075,3A,4101 - 4199 block of nebraska avenue nw,3,2,others,property,204,"2/8/2025, 9:30:00 AM",141663.92,001002,2D2,38.9428386263,25420917,"3/7/2025, 8:01:24 AM",7
001004 2,evening,theft/other,,precinct 31,"2/10/2026, 7:13:00 PM",2026,,cluster 11,theft/other,393070.63,property|theft/other,"38.9483570552,-77.0799373128",-77.0799373128,3E,4500 - 4537 block of wisconsin avenue nw,3,2,others,property,202,"2/10/2026, 6:45:00 PM",142276.38,001004,2D1,38.9483570552,26018394,"2/10/2026, 8:05:22 PM",6
001002 4,day,theft/other,,precinct 29,"7/12/2026, 11:36:00 AM",2026,,cluster 14,theft/other,393645.65,property|theft/other,"38.934751414,-77.0732898841",-77.0732898841,3A,3700 - 3749 block of newark street nw,3,2,others,property,204,"7/12/2026, 10:46:00 AM",140765.55,001002,2D2,38.934751414,26096860,"7/12/2026, 12:25:41 PM",6
000903 2,day,robbery,,precinct 9,"9/30/2025, 4:00:00 PM",2025,,cluster 13,robbery,391696.79,violent|robbery,"38.945126307,-77.0957816153",-77.0957816153,3D,4800 - 4899 block of massachusetts avenue nw,3,2,others,violent,205,"9/30/2025, 3:00:00 PM",141919.06,000903,2D2,38.945126307,25149891,"10/1/2025, 1:50:39 PM",4
000903 2,day,theft f/auto,,precinct 9,"9/23/2025, 5:50:00 AM",2025,,cluster 13,theft f/auto,391716.09,property|theft f/auto,"38.9403196699,-77.0955525376",-77.0955525376,3D,4800 - 4899 block of sedgwick street nw,3,2,others,property,205,"9/23/2025, 1:00:00 AM",141385.46,000903,2D2,38.9403196699,25424112,"9/24/2025, 8:01:22 AM",7
001004 2,evening,theft/other,,precinct 31,"10/4/2025, 2:30:00 PM",2025,,cluster 11,theft/other,393070.63,property|theft/other,"38.9483570552,-77.0799373128",-77.0799373128,3E,4500 - 4537 block of wisconsin avenue nw,3,2,others,property,202,"10/4/2025, 1:50:00 PM",142276.38,001004,2D1,38.9483570552,25151581,"10/4/2025, 4:43:47 PM",6
001004 2,evening,theft/other,,precinct 31,"7/27/2026, 12:47:00 PM",2026,,cluster 11,theft/other,393016.93,property|theft/other,"38.9503734019,-77.0805590756",-77.0805590756,3E,4600 - 4699 block of wisconsin avenue nw,3,2,others,property,202,"7/27/2026, 12:39:00 PM",142500.26,001004,2D1,38.9503734019,26104796,"7/27/2026, 5:38:36 PM",6
001002 4,day,theft/other,,precinct 29,"6/7/2026, 3:00:00 PM",2026,,cluster 14,theft/other,393528.66,property|theft/other,"38.9342897856,-77.0746387419",-77.0746387419,3A,3300 - 3399 block of idaho avenue nw,3,2,others,property,204,"6/7/2026, 2:35:00 PM",140714.4,001002,2D2,38.9342897856,26422193,"6/11/2026, 11:46:43 AM",6
000903 2,day,motor vehicle theft,,precinct 9,,2025,,cluster 13,motor vehicle theft,391821.64,property|motor vehicle theft,"38.9426899277,-77.0943381845",-77.0943381845,3D,4100 - 4199 block of 48th street nw,3,2,others,property,205,"12/5/2025, 3:24:00 AM",141648.47,000903,2D2,38.9426899277,25183424,"12/5/2025, 8:25:14 AM",8
001100 4,day,theft/other,,precinct 32,,2025,,cluster 11,theft/other,393173.95,property|theft/other,"38.9487916125,-77.0787458915",-77.0787458915,3E,4500 - 4599 block of 40th street nw,3,2,others,property,202,"7/4/2025, 9:54:00 AM",142324.53,001100,2D1,38.9487916125,25100358,"7/4/2025, 10:30:18 AM",6
000904 2,evening,theft f/auto,,precinct 9,"1/16/2026, 2:00:00 PM",2026,,cluster 13,theft f/auto,391158.73,property|theft f/auto,"38.9417883534,-77.1019836297",-77.1019836297,3D,4000 - 4099 block of 52nd street nw,3,2,others,property,205,"1/16/2026, 9:00:00 AM",141549.1,000904,2D2,38.9417883534,26007348,"1/16/2026, 3:56:49 PM",7
001002 4,evening,theft/other,,precinct 29,"3/20/2026, 7:23:00 PM",2026,,cluster 14,theft/other,393720.86,property|theft/other,"38.9340623694,-77.0724217259",-77.0724217259,3A,3300 - 3399 block of wisconsin avenue nw,3,2,others,property,204,"3/19/2026, 8:30:00 PM",140689,001002,2D2,38.9340623694,26036579,"3/20/2026, 7:29:25 PM",6
001003 3,day,theft/other,,precinct 30,"11/1/2025, 9:23:00 AM",2025,,cluster 11,theft/other,391696.79,property|theft/other,"38.945126307,-77.0957816153",-77.0957816153,3E,4800 - 4899 block of massachusetts avenue nw,3,2,others,property,202,"11/1/2025, 9:19:00 AM",141919.06,001003,2D1,38.945126307,25178957,"11/25/2025, 11:06:16 AM",6
001002 4,evening,theft/other,,precinct 29,"7/21/2025, 3:19:00 PM",2025,,cluster 14,theft/other,393645.65,property|theft/other,"38.934751414,-77.0732898841",-77.0732898841,3A,3700 - 3749 block of newark street nw,3,2,others,property,204,"7/21/2025, 1:56:00 PM",140765.55,001002,2D2,38.934751414,25110188,"7/21/2025, 4:04:05 PM",6
001100 4,evening,robbery,,precinct 32,"1/1/2026, 5:00:00 PM",2026,,cluster 11,robbery,393173.95,violent|robbery,"38.9487916125,-77.0787458915",-77.0787458915,3E,4500 - 4599 block of 40th street nw,3,2,gun,violent,202,"1/1/2026, 3:45:00 PM",142324.53,001100,2D1,38.9487916125,26000327,"1/1/2026, 6:03:07 PM",4
001002 4,evening,theft f/auto,,precinct 29,"5/27/2026, 1:00:00 PM",2026,,cluster 14,theft f/auto,393528.66,property|theft f/auto,"38.9342897856,-77.0746387419",-77.0746387419,3A,3300 - 3399 block of idaho avenue nw,3,2,others,property,204,"5/26/2026, 12:30:00 AM",140714.4,001002,2D2,38.9342897856,26072092,"5/27/2026, 7:07:12 PM",7
001002 2,midnight,theft/other,,precinct 29,"1/14/2023, 2:49:00 AM",2023,,cluster 11,theft/other,393344,property|theft/other,"38.9426805302,-77.0767775979",-77.0767775979,3A,4100 - 4199 block of wisconsin avenue nw,3,2,others,property,202,"1/14/2023, 2:02:00 AM",141646,001002,2D1,38.9426805302,23007226,"1/14/2023, 3:03:36 AM",6
001100 4,day,theft/other,,precinct 32,"5/23/2024, 8:53:00 AM",2024,,cluster 11,theft/other,393039.43,property|theft/other,"38.9492466458,-77.0802982386",-77.0802982386,3E,4530 - 4599 block of wisconsin avenue nw,3,2,others,property,202,"5/23/2024, 8:38:00 AM",142375.16,001100,2D1,38.9492466458,24077405,"5/23/2024, 9:12:15 AM",6
000804 3,evening,theft f/auto,,precinct 8,"9/19/2023, 3:45:00 PM",2023,,cluster 13,theft f/auto,392360.06,property|theft f/auto,"38.925889436,-77.0881066918",-77.0881066918,3D,4400 - 4599 block of edmunds street nw,3,2,others,property,205,"9/19/2023, 3:30:00 PM",139782.93,000804,2D2,38.925889436,23154898,"9/19/2023, 6:17:12 PM",7
001004 2,evening,theft/other,,precinct 31,"12/13/2022, 6:05:00 PM",2022,,cluster 11,theft/other,393070,property|theft/other,"38.9483536271,-77.0799445766",-77.0799445766,3E,4500 - 4537 block of wisconsin avenue nw,3,2,others,property,202,"12/13/2022, 5:33:00 PM",142276,001004,2D1,38.9483536271,22181377,"12/13/2022, 6:38:08 PM",6
001004 2,evening,theft/other,,precinct 31,"8/17/2026, 5:06:00 PM",2026,,cluster 11,theft/other,393070.63,property|theft/other,"38.9483570552,-77.0799373128",-77.0799373128,3E,4500 - 4537 block of wisconsin avenue nw,3,2,others,property,202,"8/17/2026, 4:50:00 PM",142276.38,001004,2D1,38.9483570552,26115878,"8/17/2026, 5:50:45 PM",6
001100 4,evening,motor vehicle theft,,precinct 32,"5/31/2024, 7:25:00 PM",2024,,cluster 11,motor vehicle theft,393173.95,property|motor vehicle theft,"38.9487916125,-77.0787458915",-77.0787458915,3E,4500 - 4599 block of 40th street nw,3,2,others,property,202,"5/31/2024, 6:00:00 PM",142324.53,001100,2D1,38.9487916125,24082573,"5/31/2024, 10:24:16 PM",8
001200 4,midnight,theft f/auto,,precinct 33,"2/27/2026, 3:30:00 PM",2026,,cluster 11,theft f/auto,393875.78,property|theft f/auto,"38.9422128145,-77.0706429999",-77.0706429999,3F,3600 - 3699 block of upton street nw,3,2,others,property,202,"2/27/2026, 2:35:00 PM",141593.65,001200,2D1,38.9422128145,26026968,"3/1/2026, 12:58:43 AM",7
001004 2,evening,theft/other,,precinct 31,"4/27/2024, 1:01:00 PM",2024,,cluster 11,theft/other,393070.63,property|theft/other,"38.9483570552,-77.0799373128",-77.0799373128,3E,4500 - 4537 block of wisconsin avenue nw,3,2,others,property,202,"4/27/2024, 1:00:00 PM",142276.38,001004,2D1,38.9483570552,24062986,"4/27/2024, 3:49:22 PM",6
000703 2,evening,theft f/auto,,precinct 28,"8/11/2026, 11:00:00 AM",2026,,cluster 14,theft f/auto,392884.2,property|theft f/auto,"38.9268926783,-77.082063263",-77.082063263,3B,2800 - 2899 block of new mexico avenue nw,3,2,others,property,204,"8/11/2026, 9:00:00 AM",139893.81,000703,2D2,38.9268926783,26112616,"8/11/2026, 3:03:57 PM",7
000600 4,day,theft f/auto,,precinct 29,"5/20/2023, 11:00:00 AM",2023,,cluster 15,theft f/auto,393431,property|theft f/auto,"38.9408795279,-77.0757721301",-77.0757721301,3A,3900 - 4099 block of wisconsin avenue nw,3,2,others,property,203,"5/20/2023, 7:30:00 AM",141446,000600,2D1,38.9408795279,23079516,"5/20/2023, 11:45:08 AM",7
000703 1,day,theft f/auto,,precinct 28,"2/1/2023, 1:00:00 PM",2023,,cluster 14,theft f/auto,392960,property|theft f/auto,"38.9302821241,-77.0811929554",-77.0811929554,3A,4000 - 4299 block of cathedral avenue nw,3,2,others,property,205,"2/1/2023, 9:00:00 AM",140270,000703,2D2,38.9302821241,23017329,"2/1/2023, 1:41:05 PM",7
001003 3,midnight,theft/other,,precinct 30,"4/10/2023, 1:07:00 PM",2023,,cluster 11,theft/other,391696,property|theft/other,"38.9451257591,-77.0957907276",-77.0957907276,3E,4800 - 4899 block of massachusetts avenue nw,3,2,others,property,202,"4/10/2023, 1:00:00 PM",141919,001003,2D1,38.9451257591,23056453,"4/12/2023, 1:59:53 AM",6
001002 4,evening,theft/other,,precinct 29,"7/3/2025, 9:12:00 PM",2025,,cluster 14,theft/other,393645.65,property|theft/other,"38.934751414,-77.0732898841",-77.0732898841,3A,3700 - 3749 block of newark street nw,3,2,others,property,204,"7/3/2025, 8:57:00 PM",140765.55,001002,2D2,38.934751414,25100108,"7/3/2025, 9:12:38 PM",6
001004 2,day,theft/other,,precinct 31,"5/22/2024, 10:00:00 AM",2024,,cluster 11,theft/other,392685.54,property|theft/other,"38.9533162283,-77.0843855883",-77.0843855883,3E,4300 - 4321 block of ellicott street nw,3,2,others,property,202,"10/1/2023, 7:00:00 AM",142827.24,001004,2D1,38.9533162283,24076824,"5/22/2024, 11:07:17 AM",6
001003 2,evening,theft/other,,precinct 31,"10/5/2022, 7:30:00 AM",2022,,cluster 11,theft/other,392146,property|theft/other,"38.952705854,-77.0906093888",-77.0906093888,3E,4800 - 4899 block of 46th street nw,3,2,others,property,202,"10/4/2022, 7:30:00 PM",142760,001003,2D1,38.952705854,22145021,"10/6/2022, 5:09:49 PM",6
001004 2,midnight,theft f/auto,,precinct 31,"7/8/2023, 12:50:00 AM",2023,,cluster 11,theft f/auto,392888.33,property|theft f/auto,"38.9492482281,-77.0820413544",-77.0820413544,3E,4540 - 4599 block of 42nd street nw,3,2,others,property,202,"7/8/2023, 12:17:00 AM",142375.47,001004,2D1,38.9492482281,23109976,"7/8/2023, 1:12:50 AM",7
000704 1,evening,theft f/auto,,precinct 28,"6/11/2023, 6:48:00 PM",2023,,cluster 14,theft f/auto,393653,property|theft f/auto,"38.9334763424,-77.0732038014",-77.0732038014,3A,3700 - 3799 block of macomb street nw,3,2,others,property,204,"6/11/2023, 5:30:00 PM",140624,000704,2D2,38.9334763424,23093733,"6/11/2023, 6:50:22 PM",7
001004 3,day,theft f/auto,,precinct 30,"12/27/2022, 7:00:00 AM",2022,,cluster 11,theft f/auto,392428,property|theft f/auto,"38.9404480663,-77.0873410136",-77.0873410136,3E,4400 - 4499 block of sedgwick street nw,3,2,others,property,202,"12/23/2022, 3:00:00 PM",141399,001004,2D1,38.9404480663,22187975,"12/27/2022, 12:47:20 PM",7
001003 1,evening,theft f/auto,,precinct 31,"5/31/2023, 8:00:00 AM",2023,,cluster 11,theft f/auto,391611,property|theft f/auto,"38.9483499139,-77.0967756217",-77.0967756217,3E,4500 - 4521 block of 49th street nw,3,2,others,property,202,"5/30/2023, 9:30:00 PM",142277,001003,2D1,38.9483499139,23086442,"5/31/2023, 10:00:37 PM",7
001004 2,day,theft f/auto,,precinct 31,"8/14/2023, 10:30:00 AM",2023,,cluster 11,theft f/auto,392423.34,property|theft f/auto,"38.948791765,-77.0874049948",-77.0874049948,3E,4400 - 4499 block of butterworth place nw,3,2,others,property,202,"8/14/2023, 7:45:00 AM",142325.23,001004,2D1,38.948791765,23133245,"8/14/2023, 11:21:36 AM",7
000703 1,day,theft/other,,precinct 28,"7/2/2023, 9:35:00 AM",2023,,cluster 14,theft/other,393245.04,property|theft/other,"38.9290989586,-77.0779042699",-77.0779042699,3A,3900 - 3999 block of cathedral avenue nw,3,2,others,property,204,"7/2/2023, 9:30:00 AM",140138.41,000703,2D2,38.9290989586,23108989,"7/6/2023, 1:39:31 PM",6
001004 3,evening,theft f/auto,,precinct 30,"3/10/2023, 11:15:00 AM",2023,,cluster 11,theft f/auto,392810,property|theft f/auto,"38.9472705446,-77.0829426809",-77.0829426809,3E,4200 - 4299 block of alton place nw,3,2,others,property,202,"3/10/2023, 10:35:00 AM",142156,001004,2D1,38.9472705446,23038400,"3/11/2023, 4:41:57 PM",7
001003 3,evening,theft f/auto,,precinct 30,"11/5/2024, 6:23:00 PM",2024,,cluster 11,theft f/auto,391696.79,property|theft f/auto,"38.945126307,-77.0957816153",-77.0957816153,3E,4800 - 4899 block of massachusetts avenue nw,3,,others,property,202,"11/5/2024, 6:13:00 PM",141919.06,001003,2D1,38.945126307,24172301,"11/5/2024, 9:18:46 PM",7
001100 4,day,motor vehicle theft,,precinct 32,"12/20/2024, 6:43:00 AM",2024,,cluster 11,motor vehicle theft,393194.51,property|motor vehicle theft,"38.9487768183,-77.0785086932",-77.0785086932,3E,4500 - 4599 block of fort drive nw,3,2,others,property,202,"12/16/2024, 6:43:00 AM",142322.87,001100,2D1,38.9487768183,24196583,"12/20/2024, 8:04:51 AM",8
001004 2,evening,theft/other,,precinct 31,"5/26/2026, 6:12:00 PM",2026,,cluster 11,theft/other,393070.63,property|theft/other,"38.9483570552,-77.0799373128",-77.0799373128,3E,4500 - 4537 block of wisconsin avenue nw,3,2,others,property,202,"5/26/2026, 5:13:00 PM",142276.38,001004,2D1,38.9483570552,26071582,"5/26/2026, 7:37:07 PM",6
000704 1,evening,theft/other,,precinct 28,"5/18/2024, 1:30:00 PM",2024,,cluster 14,theft/other,393421.66,property|theft/other,"38.930583246,-77.0758689081",-77.0758689081,3A,3800 - 3899 block of massachusetts avenue nw,3,2,others,property,204,"5/18/2024, 12:30:00 PM",140303.03,000704,2D2,38.930583246,24083071,"6/1/2024, 8:57:20 PM",6
000903 2,day,motor vehicle theft,,precinct 9,"11/3/2023, 9:23:00 AM",2023,,cluster 13,motor vehicle theft,391970.6,property|motor vehicle theft,"38.9417428196,-77.0926186852",-77.0926186852,3D,4000 - 4099 block of 47th street nw,3,2,others,property,205,"10/10/2023, 4:22:00 PM",141543.18,000903,2D2,38.9417428196,23180706,"11/3/2023, 9:48:31 AM",8
001100 4,evening,theft/other,,precinct 32,,2024,,cluster 11,theft/other,393173.95,property|theft/other,"38.9487916125,-77.0787458915",-77.0787458915,3E,4500 - 4599 block of 40th street nw,3,2,others,property,202,"11/11/2024, 7:24:00 PM",142324.53,001100,2D1,38.9487916125,24175574,"11/11/2024, 7:51:51 PM",6
001100 4,day,theft/other,,precinct 32,"11/12/2022, 3:04:00 PM",2022,,cluster 11,theft/other,393102,property|theft/other,"38.9496780951,-77.0795769026",-77.0795769026,3E,4000 - 4099 block of brandywine street nw,3,2,others,property,202,"11/12/2022, 3:04:00 PM",142423,001100,2D1,38.9496780951,22423990,"11/18/2022, 9:42:47 AM",6
000904 2,evening,theft f/auto,,precinct 9,"7/12/2023, 4:13:00 PM",2023,,cluster 13,theft f/auto,391294.36,property|theft f/auto,"38.9390766825,-77.100415324",-77.100415324,3D,5000 - 5099 block of sedgwick street nw,3,2,others,property,205,"7/12/2023, 3:47:00 PM",141247.93,000904,2D2,38.9390766825,23112686,"7/12/2023, 8:10:32 PM",7
001003 1,midnight,theft f/auto,,precinct 31,"8/29/2023, 11:00:00 AM",2023,,cluster 11,theft f/auto,391450.16,property|theft f/auto,"38.9488012991,-77.0986316994",-77.0986316994,3E,4900 - 4999 block of butterworth place nw,3,2,others,property,202,"8/29/2023, 8:30:00 AM",142327.28,001003,2D1,38.9488012991,23142624,"8/30/2023, 1:56:42 AM",7
000804 3,evening,theft f/auto,,precinct 10,"6/8/2023, 3:00:00 PM",2023,,cluster 13,theft f/auto,392419,property|theft f/auto,"38.9313406028,-77.087433657",-77.087433657,3D,4400 - 4499 block of klingle street nw,3,2,others,property,205,"6/8/2023, 2:12:00 PM",140388,000804,2D2,38.9313406028,23091648,"6/8/2023, 3:04:57 PM",7
000803 2,evening,motor vehicle theft,,precinct 10,"10/7/2023, 6:00:00 PM",2023,,cluster 14,motor vehicle theft,392614.38,property|motor vehicle theft,"38.9323475032,-77.0851814906",-77.0851814906,3B,3101 - 3199 block of new mexico avenue nw,3,2,others,property,205,"9/22/2023, 3:30:00 PM",140499.59,000803,2D2,38.9323475032,23165732,"10/7/2023, 7:44:52 PM",8
001004 2,day,theft/other,,precinct 31,"3/5/2024, 2:06:00 PM",2024,,cluster 11,theft/other,393070.63,property|theft/other,"38.9483570552,-77.0799373128",-77.0799373128,3E,4500 - 4537 block of wisconsin avenue nw,3,2,others,property,202,"2/26/2024, 2:05:00 PM",142276.38,001004,2D1,38.9483570552,24033947,"3/5/2024, 12:40:47 PM",6
001002 4,day,theft/other,,precinct 29,"4/21/2023, 11:15:00 AM",2023,,cluster 14,theft/other,393645,property|theft/other,"38.9347464547,-77.073297376",-77.073297376,3A,3700 - 3749 block of newark street nw,3,2,others,property,204,"4/21/2023, 10:30:00 AM",140765,001002,2D2,38.9347464547,23061998,"4/21/2023, 11:55:48 AM",6
001200 4,midnight,theft/other,,precinct 33,"5/7/2024, 4:44:00 AM",2024,,cluster 11,theft/other,393227.28,property|theft/other,"38.9451386287,-77.0781266684",-77.0781266684,3E,4300 - 4326 block of wisconsin avenue nw,3,2,others,property,202,"5/7/2024, 4:36:00 AM",141918.97,001200,2D1,38.9451386287,24068306,"5/7/2024, 4:44:00 AM",6
000903 2,evening,theft f/auto,,precinct 9,"8/16/2023, 4:00:00 PM",2023,,cluster 13,theft f/auto,391604.25,property|theft f/auto,"38.9345736607,-77.0968347761",-77.0968347761,3D,4800 - 4999 block of indian lane nw,3,2,others,property,205,"8/16/2023, 3:00:00 PM",140747.72,000903,2D2,38.9345736607,23134973,"8/16/2023, 9:00:51 PM",7
000804 1,evening,theft f/auto,,precinct 10,"6/28/2023, 1:30:00 PM",2023,,cluster 13,theft f/auto,391996,property|theft f/auto,"38.9266795572,-77.0923061943",-77.0923061943,3D,4600 - 4799 block of fulton street nw,3,2,others,property,205,"6/28/2023, 12:30:00 PM",139871,000804,2D2,38.9266795572,23104288,"6/28/2023, 6:49:33 PM",7
001004 2,day,theft/other,,precinct 31,"3/14/2023, 9:30:00 AM",2023,,cluster 11,theft/other,393016,property|theft/other,"38.9503710524,-77.0805698017",-77.0805698017,3E,4600 - 4699 block of wisconsin avenue nw,3,2,others,property,202,"3/13/2023, 3:30:00 PM",142500,001004,2D1,38.9503710524,23039831,"3/14/2023, 10:48:47 AM",6
001200 4,evening,motor vehicle theft,,precinct 33,"10/16/2025, 3:05:00 AM",2025,,cluster 11,motor vehicle theft,393427.05,property|motor vehicle theft,"38.944779905,-77.0758218407",-77.0758218407,3E,3800 - 3899 block of warren street nw,3,2,others,property,202,"10/16/2025, 3:00:00 AM",141878.98,001200,2D1,38.944779905,25157818,"10/16/2025, 7:46:33 PM",8
001004 2,evening,theft/other,,precinct 31,,2023,,cluster 11,theft/other,393070,property|theft/other,"38.9483536271,-77.0799445766",-77.0799445766,3E,4500 - 4537 block of wisconsin avenue nw,3,2,others,property,202,"5/7/2023, 4:36:00 PM",142276,001004,2D1,38.9483536271,23071709,"5/7/2023, 5:23:28 PM",6
001002 4,day,theft/other,,precinct 29,"7/19/2024, 1:10:00 PM",2024,,cluster 14,theft/other,393645.65,property|theft/other,"38.934751414,-77.0732898841",-77.0732898841,3A,3700 - 3749 block of newark street nw,3,2,others,property,204,"7/19/2024, 11:51:00 AM",140765.55,001002,2D2,38.934751414,24110592,"7/19/2024, 1:26:29 PM",6
001004 2,evening,theft/other,,precinct 31,"8/23/2025, 1:15:00 AM",2025,,cluster 11,theft/other,392632.12,property|theft/other,"38.9490567626,-77.0849968062",-77.0849968062,3E,4510 - 4599 block of 43rd place nw,3,2,others,property,202,"8/22/2025, 9:00:00 PM",142354.45,001004,2D1,38.9490567626,25423644,"8/26/2025, 7:03:03 PM",6
000904 2,evening,theft f/auto,,precinct 9,"4/4/2025, 3:10:00 PM",2025,,cluster 13,theft f/auto,391193.73,property|theft f/auto,"38.9389534371,-77.101575867",-77.101575867,3D,5132 - 5172 block of tilden street nw,3,2,others,property,205,"4/4/2025, 1:35:00 PM",141234.36,000904,2D2,38.9389534371,25048915,"4/4/2025, 6:54:06 PM",7
001003 2,evening,theft/other,,precinct 31,"1/19/2026, 5:00:00 PM",2026,,cluster 11,theft/other,392058.98,property|theft/other,"38.9510398035,-77.0916111732",-77.0916111732,3E,4600 - 4699 block of chesapeake street nw,3,2,others,property,202,"1/19/2026, 1:08:00 PM",142575.14,001003,2D1,38.9510398035,26420506,"2/4/2026, 10:16:22 PM",6
001002 2,evening,theft/other,,precinct 30,"4/27/2024, 5:35:00 PM",2024,,cluster 11,theft/other,393135.7,property|theft/other,"38.9431623118,-77.079180894",-77.079180894,3A,3920 - 4099 block of van ness street nw,3,2,others,property,202,"4/27/2024, 4:36:00 PM",141699.66,001002,2D1,38.9431623118,24063059,"4/27/2024, 5:36:37 PM",6
001100 4,day,theft/other,,precinct 32,"5/23/2025, 11:35:00 AM",2025,,cluster 11,theft/other,393039.43,property|theft/other,"38.9492466458,-77.0802982386",-77.0802982386,3E,4530 - 4599 block of wisconsin avenue nw,3,2,others,property,202,"5/23/2025, 11:30:00 AM",142375.16,001100,2D1,38.9492466458,25076575,"5/23/2025, 12:32:08 PM",6
001004 2,day,theft/other,,precinct 31,"4/16/2023, 8:45:00 AM",2023,,cluster 11,theft/other,393070,property|theft/other,"38.9483536271,-77.0799445766",-77.0799445766,3E,4500 - 4537 block of wisconsin avenue nw,3,2,others,property,202,"4/16/2023, 8:18:00 AM",142276,001004,2D1,38.9483536271,23059048,"4/16/2023, 9:23:04 AM",6
001200 4,midnight,theft f/auto,,precinct 33,"8/21/2023, 1:50:00 AM",2023,,cluster 11,theft f/auto,393532.5,property|theft f/auto,"38.9459058218,-77.0746066071",-77.0746066071,3E,4300 - 4399 block of 38th street nw,3,2,others,property,202,"8/21/2023, 1:15:00 AM",142003.88,001200,2D1,38.9459058218,23137364,"8/21/2023, 2:56:46 AM",7
001002 2,midnight,theft/other,,precinct 29,"10/23/2024, 10:26:00 PM",2024,,cluster 14,theft/other,393254.53,property|theft/other,"38.9400305108,-77.0778067509",-77.0778067509,3A,10 - 99 block of ridge square nw,3,2,others,property,204,"10/23/2024, 10:10:00 PM",141351.9,001002,2D2,38.9400305108,24165417,"10/25/2024, 5:22:25 AM",6
000902 1,day,theft f/auto,,precinct 8,"4/2/2026, 2:30:00 PM",2026,,cluster 13,theft f/auto,391553.58,property|theft f/auto,"38.9301946009,-77.0974132103",-77.0974132103,3D,2900 - 3099 block of university terrace nw,3,2,others,property,205,"3/2/2026, 2:00:00 PM",140261.66,000902,2D2,38.9301946009,26043006,"4/2/2026, 9:47:53 AM",7
000704 1,evening,theft/other,,precinct 28,"2/9/2024, 4:51:00 PM",2024,,cluster 14,theft/other,393705.62,property|theft/other,"38.932208262,-77.0725956118",-77.0725956118,3A,3200 - 3218 block of wisconsin avenue nw,3,2,others,property,204,"2/9/2024, 1:56:00 PM",140483.19,000704,2D2,38.932208262,24020770,"2/9/2024, 6:18:49 PM",6
001004 2,day,theft/other,,precinct 31,"11/24/2023, 11:18:00 AM",2023,,cluster 11,theft/other,393070.63,property|theft/other,"38.9483570552,-77.0799373128",-77.0799373128,3E,4500 - 4537 block of wisconsin avenue nw,3,2,others,property,202,"11/24/2023, 10:30:00 AM",142276.38,001004,2D1,38.9483570552,23192007,"11/24/2023, 12:07:24 PM",6
001003 3,evening,theft/other,,precinct 30,,2023,,cluster 11,theft/other,391696,property|theft/other,"38.9451257591,-77.0957907276",-77.0957907276,3E,4800 - 4899 block of massachusetts avenue nw,3,2,others,property,202,"3/24/2023, 5:35:00 PM",141919,001003,2D1,38.9451257591,23045778,"3/24/2023, 6:08:09 PM",6
001002 4,evening,theft/other,,precinct 29,"3/29/2024, 4:53:00 PM",2024,,cluster 14,theft/other,393645.65,property|theft/other,"38.934751414,-77.0732898841",-77.0732898841,3A,3700 - 3749 block of newark street nw,3,2,others,property,204,"3/29/2024, 3:18:00 PM",140765.55,001002,2D2,38.934751414,24047176,"3/29/2024, 8:59:25 PM",6
001100 4,day,theft/other,,precinct 32,"11/30/2023, 9:45:00 AM",2023,,cluster 11,theft/other,393070.63,property|theft/other,"38.9483570552,-77.0799373128",-77.0799373128,3E,4500 - 4537 block of wisconsin avenue nw,3,2,others,property,202,"11/30/2023, 9:33:00 AM",142276.38,001100,2D1,38.9483570552,23195105,"11/30/2023, 10:50:22 AM",6
000704 1,day,theft/other,,precinct 28,"7/10/2023, 12:00:00 PM",2023,,cluster 14,theft/other,393681.01,property|theft/other,"38.9304475926,-77.0728776493",-77.0728776493,3A,3000 - 3199 block of wisconsin avenue nw,3,2,others,property,204,"2/10/2023, 12:00:00 PM",140287.76,000704,2D2,38.9304475926,23423010,"7/15/2023, 8:22:41 AM",6
001004 2,evening,theft/other,,precinct 31,"5/1/2023, 4:55:00 PM",2023,,cluster 11,theft/other,393070,property|theft/other,"38.9483536271,-77.0799445766",-77.0799445766,3E,4500 - 4537 block of wisconsin avenue nw,3,2,others,property,202,"5/1/2023, 4:52:00 PM",142276,001004,2D1,38.9483536271,23067895,"5/1/2023, 5:37:45 PM",6
001002 4,day,theft f/auto,,precinct 29,"2/20/2024, 1:00:00 PM",2024,,cluster 14,theft f/auto,393418.59,property|theft f/auto,"38.9356902987,-77.0759097518",-77.0759097518,3A,3800 - 3899 block of newark street nw,3,2,others,property,204,"2/20/2024, 8:00:00 AM",140869.96,001002,2D2,38.9356902987,24026526,"2/20/2024, 1:41:52 PM",7
001004 2,evening,theft/other,,precinct 31,,2024,,cluster 11,theft/other,393070.63,property|theft/other,"38.9483570552,-77.0799373128",-77.0799373128,3E,4500 - 4537 block of wisconsin avenue nw,3,2,others,property,202,"12/16/2024, 6:24:00 PM",142276.38,001004,2D1,38.9483570552,24194722,"12/16/2024, 7:57:38 PM",6
001002 2,day,theft f/auto,,precinct 29,"9/30/2025, 12:00:00 PM",2025,,cluster 14,theft f/auto,393320.76,property|theft f/auto,"38.9345996466,-77.0770369414",-77.0770369414,3A,3300 - 3499 block of 39th street nw,3,2,others,property,204,"9/30/2025, 11:41:00 AM",140748.97,001002,2D2,38.9345996466,25149322,"9/30/2025, 12:23:09 PM",7
001100 4,day,theft/other,,precinct 32,"10/14/2025, 11:41:00 AM",2025,,cluster 11,theft/other,393039.43,property|theft/other,"38.9492466458,-77.0802982386",-77.0802982386,3E,4530 - 4599 block of wisconsin avenue nw,3,2,others,property,202,"10/14/2025, 10:33:00 AM",142375.16,001100,2D1,38.9492466458,25156678,"10/14/2025, 12:46:35 PM",6
000704 1,day,theft f/auto,,precinct 28,"9/2/2023, 9:15:00 AM",2023,,cluster 14,theft f/auto,393319.51,property|theft f/auto,"38.9324480949,-77.0770490336",-77.0770490336,3A,3150 - 3299 block of 39th street nw,3,2,others,property,204,"8/27/2023, 12:00:00 PM",140510.13,000704,2D2,38.9324480949,23144669,"9/2/2023, 9:33:48 AM",7
000703 1,evening,theft f/auto,,precinct 28,"7/17/2023, 9:00:00 AM",2023,,cluster 14,theft f/auto,393250.96,property|theft f/auto,"38.9303971911,-77.0778374123",-77.0778374123,3A,3000 - 3099 block of idaho avenue nw,3,2,others,property,204,"7/13/2023, 9:00:00 AM",140282.52,000703,2D2,38.9303971911,23115976,"7/17/2023, 7:50:15 PM",7
001100 4,evening,robbery,,precinct 32,"9/19/2025, 8:22:00 PM",2025,,cluster 11,robbery,393173.95,violent|robbery,"38.9487916125,-77.0787458915",-77.0787458915,3E,4500 - 4599 block of 40th street nw,3,2,others,violent,202,"9/19/2025, 8:09:00 PM",142324.53,001100,2D1,38.9487916125,25143621,"9/19/2025, 9:34:55 PM",4
000903 2,evening,theft f/auto,,precinct 9,"2/18/2025, 1:15:00 PM",2025,,cluster 13,theft f/auto,391611.18,property|theft f/auto,"38.9388977973,-77.0967607152",-77.0967607152,3D,3700 - 3799 block of 49th street nw,3,2,others,property,205,"2/18/2025, 9:15:00 AM",141227.73,000903,2D2,38.9388977973,25024150,"2/18/2025, 7:48:32 PM",7
001100 4,day,theft/other,,precinct 32,"2/13/2025, 11:50:00 AM",2025,,cluster 11,theft/other,393039.43,property|theft/other,"38.9492466458,-77.0802982386",-77.0802982386,3E,4530 - 4599 block of wisconsin avenue nw,3,2,others,property,202,"2/13/2025, 10:00:00 AM",142375.16,001100,2D1,38.9492466458,25021333,"2/13/2025, 1:06:42 PM",6
001100 4,evening,robbery,,precinct 32,"10/24/2023, 5:40:00 PM",2023,,cluster 11,robbery,393070.63,violent|robbery,"38.9483570552,-77.0799373128",-77.0799373128,3E,4500 - 4537 block of wisconsin avenue nw,3,2,others,violent,202,"10/24/2023, 3:51:00 PM",142276.38,001100,2D1,38.9483570552,23175250,"10/24/2023, 7:17:22 PM",4
001002 4,midnight,motor vehicle theft,,precinct 29,"10/24/2023, 1:30:00 AM",2023,,cluster 14,motor vehicle theft,393720.86,property|motor vehicle theft,"38.9340623694,-77.0724217259",-77.0724217259,3A,3300 - 3399 block of wisconsin avenue nw,3,2,others,property,204,"10/20/2023, 8:00:00 PM",140689,001002,2D2,38.9340623694,23174940,"10/24/2023, 2:27:41 AM",8
001003 1,day,theft f/auto,,precinct 31,,2023,,cluster 11,theft f/auto,391769,property|theft f/auto,"38.9496846327,-77.0949547087",-77.0949547087,3E,4800 - 4823 block of brandywine street nw,3,2,others,property,202,"2/28/2023, 11:36:00 AM",142425,001003,2D1,38.9496846327,23032077,"2/28/2023, 12:57:50 PM",7
001100 4,day,theft/other,,precinct 32,"12/3/2024, 8:30:00 AM",2024,,cluster 11,theft/other,393173.95,property|theft/other,"38.9487916125,-77.0787458915",-77.0787458915,3E,4500 - 4599 block of 40th street nw,3,2,others,property,202,"12/3/2024, 7:54:00 AM",142324.53,001100,2D1,38.9487916125,24187115,"12/3/2024, 8:38:48 AM",6
001003 1,evening,theft f/auto,,precinct 31,"7/23/2025, 4:55:00 PM",2025,,cluster 11,theft f/auto,391822.4,property|theft f/auto,"38.9492474196,-77.0943380952",-77.0943380952,3E,4520 - 4599 block of 48th street nw,3,2,others,property,202,"7/23/2025, 4:53:00 PM",142376.41,001003,2D1,38.9492474196,25111471,"7/23/2025, 10:13:37 PM",7
000704 1,evening,robbery,,precinct 28,,2024,,cluster 14,robbery,393421.66,violent|robbery,"38.930583246,-77.0758689081",-77.0758689081,3A,3800 - 3899 block of massachusetts avenue nw,3,2,others,violent,204,"10/2/2024, 8:44:00 PM",140303.03,000704,2D2,38.930583246,24152852,"10/2/2024, 10:31:10 PM",4
001004 2,evening,motor vehicle theft,,precinct 31,"4/8/2023, 4:30:00 PM",2023,,cluster 11,motor vehicle theft,392422,property|motor vehicle theft,"38.9496905086,-77.0874215553",-77.0874215553,3E,4400 - 4499 block of brandywine street nw,3,2,others,property,202,"4/8/2023, 3:00:00 PM",142425,001004,2D1,38.9496905086,23054662,"4/8/2023, 6:21:05 PM",8
000903 2,midnight,theft f/auto,,precinct 9,"7/11/2024, 9:30:00 PM",2024,,cluster 13,theft f/auto,391696.79,property|theft f/auto,"38.945126307,-77.0957816153",-77.0957816153,3D,4800 - 4899 block of massachusetts avenue nw,3,2,others,property,205,"7/11/2024, 9:25:00 PM",141919.06,000903,2D2,38.945126307,24106495,"7/12/2024, 12:24:42 AM",7
001004 2,day,theft/other,,precinct 31,"8/17/2026, 3:00:00 PM",2026,,cluster 11,theft/other,393070.63,property|theft/other,"38.9483570552,-77.0799373128",-77.0799373128,3E,4500 - 4537 block of wisconsin avenue nw,3,2,others,property,202,"8/16/2026, 7:43:00 PM",142276.38,001004,2D1,38.9483570552,26115790,"8/17/2026, 2:59:36 PM",6
001004 2,day,theft/other,,precinct 31,"2/28/2026, 1:40:00 PM",2026,,cluster 11,theft/other,393070.63,property|theft/other,"38.9483570552,-77.0799373128",-77.0799373128,3E,4500 - 4537 block of wisconsin avenue nw,3,2,others,property,202,"2/28/2026, 1:24:00 PM",142276.38,001004,2D1,38.9483570552,26026700,"2/28/2026, 2:35:00 PM",6
000600 4,evening,theft/other,,precinct 27,"8/31/2026, 4:35:00 PM",2026,,cluster 15,theft/other,393697.56,property|theft/other,"38.9350777081,-77.0726914964",-77.0726914964,3A,3400 - 3421 block of wisconsin avenue nw,3,2,others,property,203,"8/28/2026, 9:30:00 AM",140801.73,000600,2D1,38.9350777081,26123546,"8/31/2026, 7:52:21 PM",6
001003 3,day,theft f/auto,,precinct 30,"2/4/2025, 12:32:00 PM",2025,,cluster 11,theft f/auto,391696.79,property|theft f/auto,"38.945126307,-77.0957816153",-77.0957816153,3E,4800 - 4899 block of massachusetts avenue nw,3,2,others,property,202,"2/3/2025, 2:30:00 PM",141919.06,001003,2D1,38.945126307,25016912,"2/4/2025, 12:42:00 PM",7
000804 3,day,motor vehicle theft,,precinct 10,"2/19/2023, 8:00:00 AM",2023,,cluster 13,motor vehicle theft,392524,property|motor vehicle theft,"38.9295668666,-77.0862205193",-77.0862205193,3D,3000 - 3035 block of 44th street nw,3,2,others,property,205,"2/18/2023, 8:00:00 PM",140191,000804,2D2,38.9295668666,23027178,"2/19/2023, 9:22:05 AM",8
001003 1,day,theft/other,,precinct 31,"11/23/2024, 5:30:00 PM",2024,,cluster 11,theft/other,391477.65,property|theft/other,"38.9496942858,-77.0983158039",-77.0983158039,3E,4900 - 4999 block of brandywine street nw,3,2,others,property,202,"11/23/2024, 2:17:00 PM",142426.38,001003,2D1,38.9496942858,24425060,"12/3/2024, 12:42:19 PM",6
001002 4,evening,theft/other,,precinct 29,"5/1/2025, 6:20:00 PM",2025,,cluster 14,theft/other,393645.65,property|theft/other,"38.934751414,-77.0732898841",-77.0732898841,3A,3700 - 3749 block of newark street nw,3,2,others,property,204,"5/1/2025, 5:51:00 PM",140765.55,001002,2D2,38.934751414,25063819,"5/1/2025, 6:27:41 PM",6
001002 1,day,theft f/auto,,precinct 10,"6/11/2024, 1:00:00 AM",2024,,cluster 14,theft f/auto,392798.58,property|theft f/auto,"38.9358388469,-77.0830611003",-77.0830611003,3A,4200 - 4349 block of massachusetts avenue nw,3,2,others,property,204,"6/11/2024, 12:51:00 AM",140886.99,001002,2D2,38.9358388469,24088617,"6/11/2024, 9:25:30 AM",7
000904 2,day,theft f/auto,,precinct 9,"9/2/2025, 2:00:00 PM",2025,,cluster 13,theft f/auto,391507.52,property|theft f/auto,"38.9435866043,-77.097962823",-77.097962823,3D,4200 - 4246 block of fordham road nw,3,2,others,property,205,"9/2/2025, 12:45:00 PM",141748.34,000904,2D2,38.9435866043,25134528,"9/3/2025, 11:16:20 AM",7
001100 4,day,theft/other,,precinct 32,"9/3/2025, 1:47:00 PM",2025,,cluster 11,theft/other,393173.95,property|theft/other,"38.9487916125,-77.0787458915",-77.0787458915,3E,4500 - 4599 block of 40th street nw,3,2,others,property,202,"9/3/2025, 12:56:00 PM",142324.53,001100,2D1,38.9487916125,25134613,"9/8/2025, 8:10:43 AM",6
000803 2,day,theft f/auto,,precinct 10,"1/18/2025, 4:50:00 PM",2025,,cluster 14,theft f/auto,392994.72,property|theft f/auto,"38.9341858788,-77.0807969499",-77.0807969499,3B,4100 - 4199 block of massachusetts avenue nw,3,2,others,property,205,"1/18/2025, 4:45:00 PM",140703.32,000803,2D2,38.9341858788,25420319,"1/23/2025, 12:01:48 PM",7
001100 4,day,theft/other,,precinct 32,"12/17/2024, 9:09:00 AM",2024,,cluster 11,theft/other,393173.95,property|theft/other,"38.9487916125,-77.0787458915",-77.0787458915,3E,4500 - 4599 block of 40th street nw,3,2,others,property,202,"12/17/2024, 9:07:00 AM",142324.53,001100,2D1,38.9487916125,24194932,"12/17/2024, 10:22:10 AM",6
000600 4,day,theft/other,,precinct 29,"12/12/2024, 3:15:00 PM",2024,,cluster 15,theft/other,393582.02,property|theft/other,"38.9377115277,-77.0740268541",-77.0740268541,3A,3600 - 3699 block of wisconsin avenue nw,3,2,others,property,203,"12/12/2024, 3:00:00 PM",141094.2,000600,2D1,38.9377115277,24425342,"12/16/2024, 7:01:35 AM",6
001002 2,day,theft/other,,precinct 29,"11/23/2024, 1:15:00 PM",2024,,cluster 14,theft/other,393391.9,property|theft/other,"38.9417022317,-77.0762240207",-77.0762240207,3A,4000 - 4099 block of wisconsin avenue nw,3,2,others,property,204,"11/23/2024, 1:00:00 PM",141537.36,001002,2D2,38.9417022317,24183703,"11/26/2024, 9:07:48 AM",6
000600 4,evening,theft/other,,precinct 29,"12/30/2024, 3:16:00 PM",2024,,cluster 15,theft/other,393582.02,property|theft/other,"38.9377115277,-77.0740268541",-77.0740268541,3A,3600 - 3699 block of wisconsin avenue nw,3,2,others,property,203,"12/30/2024, 3:10:00 PM",141094.2,000600,2D1,38.9377115277,24201533,"12/30/2024, 3:28:21 PM",6
000703 2,day,theft f/auto,,precinct 28,"4/23/2026, 1:57:00 PM",2026,,cluster 14,theft f/auto,393225.16,property|theft f/auto,"38.9269863572,-77.0781312291",-77.0781312291,3B,3900 - 3979 block of watson place nw,3,2,others,property,204,"4/23/2026, 1:05:00 PM",139903.91,000703,2D2,38.9269863572,26053917,"4/23/2026, 2:32:51 PM",7
000903 2,midnight,theft f/auto,,precinct 9,"5/16/2024, 10:20:00 PM",2024,,cluster 13,theft f/auto,391696.79,property|theft f/auto,"38.945126307,-77.0957816153",-77.0957816153,3D,4800 - 4899 block of massachusetts avenue nw,3,2,others,property,205,"5/16/2024, 8:52:00 PM",141919.06,000903,2D2,38.945126307,24073754,"5/17/2024, 12:33:25 AM",7
001100 4,evening,theft/other,,precinct 32,"1/31/2023, 3:58:00 PM",2023,,cluster 11,theft/other,393173,property|theft/other,"38.9487868308,-77.0787568455",-77.0787568455,3E,4500 - 4599 block of 40th street nw,3,2,others,property,202,"1/31/2023, 3:57:00 PM",142324,001100,2D1,38.9487868308,23016837,"1/31/2023, 5:20:42 PM",6
001004 2,day,theft f/auto,,precinct 31,"9/11/2025, 12:00:00 PM",2025,,cluster 11,theft f/auto,392422.07,property|theft f/auto,"38.949693482,-77.0874207514",-77.0874207514,3E,4400 - 4499 block of brandywine street nw,3,2,others,property,202,"6/5/2025, 11:00:00 AM",142425.33,001004,2D1,38.949693482,25138942,"9/11/2025, 12:17:55 PM",7
000804 3,day,theft f/auto,,precinct 10,"11/18/2022, 1:00:00 PM",2022,,cluster 13,theft f/auto,392419,property|theft f/auto,"38.9334755701,-77.0874362751",-77.0874362751,3D,4400 - 4499 block of macomb street nw,3,2,others,property,205,"11/18/2022, 12:57:00 PM",140625,000804,2D2,38.9334755701,22168180,"11/18/2022, 1:42:04 PM",7
001004 2,evening,theft/other,,precinct 31,"1/2/2025, 6:20:00 PM",2025,,cluster 11,theft/other,393070.63,property|theft/other,"38.9483570552,-77.0799373128",-77.0799373128,3E,4500 - 4537 block of wisconsin avenue nw,3,2,others,property,202,"1/2/2025, 5:50:00 PM",142276.38,001004,2D1,38.9483570552,25000904,"1/2/2025, 10:09:23 PM",6
001100 4,evening,theft/other,,precinct 32,"7/3/2026, 8:10:00 PM",2026,,cluster 11,theft/other,393173.95,property|theft/other,"38.9487916125,-77.0787458915",-77.0787458915,3E,4500 - 4599 block of 40th street nw,3,2,others,property,202,"7/3/2026, 2:00:00 PM",142324.53,001100,2D1,38.9487916125,26092123,"7/3/2026, 8:41:01 PM",6
001004 2,evening,theft f/auto,,precinct 31,"1/17/2025, 2:05:00 PM",2025,,cluster 11,theft f/auto,393016.93,property|theft f/auto,"38.9503734019,-77.0805590756",-77.0805590756,3E,4600 - 4699 block of wisconsin avenue nw,3,2,others,property,202,"1/17/2025, 2:00:00 PM",142500.26,001004,2D1,38.9503734019,25008432,"1/18/2025, 3:38:32 PM",7
001002 2,midnight,theft f/auto,,precinct 29,"9/18/2025, 12:30:00 PM",2025,,cluster 11,theft f/auto,393344.88,property|theft f/auto,"38.9426890947,-77.0767674562",-77.0767674562,3A,4100 - 4199 block of wisconsin avenue nw,3,2,others,property,202,"9/18/2025, 12:15:00 PM",141646.95,001002,2D1,38.9426890947,25143073,"9/18/2025, 11:37:20 PM",7
001004 2,evening,theft/other,,precinct 31,"4/7/2025, 2:35:00 PM",2025,,cluster 11,theft/other,393070.63,property|theft/other,"38.9483570552,-77.0799373128",-77.0799373128,3E,4500 - 4537 block of wisconsin avenue nw,3,2,others,property,202,"4/7/2025, 2:28:00 PM",142276.38,001004,2D1,38.9483570552,25050511,"4/7/2025, 3:31:02 PM",6
001100 4,midnight,theft/other,,precinct 32,,2025,,cluster 11,theft/other,393173.95,property|theft/other,"38.9487916125,-77.0787458915",-77.0787458915,3E,4500 - 4599 block of 40th street nw,3,2,others,property,202,"5/14/2025, 6:27:00 AM",142324.53,001100,2D1,38.9487916125,25071136,"5/14/2025, 6:59:39 AM",6
001100 4,midnight,theft/other,,precinct 32,"7/19/2025, 4:27:00 AM",2025,,cluster 11,theft/other,393173.95,property|theft/other,"38.9487916125,-77.0787458915",-77.0787458915,3E,4500 - 4599 block of 40th street nw,3,2,others,property,202,"7/19/2025, 4:25:00 AM",142324.53,001100,2D1,38.9487916125,25108921,"7/19/2025, 4:46:07 AM",6
001100 4,midnight,theft/other,,precinct 32,"8/22/2024, 11:07:00 PM",2024,,cluster 11,theft/other,393039.43,property|theft/other,"38.9492466458,-77.0802982386",-77.0802982386,3E,4530 - 4599 block of wisconsin avenue nw,3,2,others,property,202,"8/22/2024, 10:19:00 PM",142375.16,001100,2D1,38.9492466458,24129408,"8/22/2024, 11:49:19 PM",6
001003 3,evening,theft/other,,precinct 30,"4/15/2024, 5:35:00 PM",2024,,cluster 11,theft/other,391696.79,property|theft/other,"38.945126307,-77.0957816153",-77.0957816153,3E,4800 - 4899 block of massachusetts avenue nw,3,2,others,property,202,"4/15/2024, 3:53:00 PM",141919.06,001003,2D1,38.945126307,24056563,"4/15/2024, 9:32:11 PM",6
001002 2,midnight,theft/other,,precinct 29,"11/11/2025, 7:22:00 PM",2025,,cluster 14,theft/other,393254.53,property|theft/other,"38.9400305108,-77.0778067509",-77.0778067509,3A,10 - 99 block of ridge square nw,3,2,others,property,204,"11/11/2025, 7:15:00 PM",141351.9,001002,2D2,38.9400305108,25173081,"11/14/2025, 6:16:25 AM",6
001200 2,day,theft f/auto,,precinct 33,"8/8/2024, 1:27:00 PM",2024,,cluster 11,theft f/auto,393501.18,property|theft f/auto,"38.9496861836,-77.0749718784",-77.0749718784,3E,3800 - 3813 block of brandywine street nw,3,2,others,property,202,"8/8/2024, 12:41:00 PM",142423.56,001200,2D1,38.9496861836,24121533,"8/8/2024, 2:45:47 PM",7
000804 3,evening,motor vehicle theft,,precinct 10,"12/31/2025, 10:00:00 AM",2025,,cluster 14,motor vehicle theft,392785.34997526,property|motor vehicle theft,"38.9288947792,-77.0832055916",-77.0832055916,3D,hawthorne street nw and new mexico avenue nw,3,2,others,property,204,"12/28/2025, 8:00:00 PM",140116.14995146,000804,2D2,38.9288947792,25195571,"12/31/2025, 3:42:15 PM",8
000703 2,evening,theft/other,,precinct 28,"4/17/2024, 7:30:00 AM",2024,,cluster 14,theft/other,392884.2,property|theft/other,"38.9268926783,-77.082063263",-77.082063263,3B,2800 - 2899 block of new mexico avenue nw,3,2,others,property,204,"4/16/2024, 4:00:00 PM",139893.81,000703,2D2,38.9268926783,24057722,"4/17/2024, 8:13:20 PM",6
001004 2,day,theft/other,,precinct 31,"3/23/2026, 9:50:00 PM",2026,,cluster 11,theft/other,392990.76,property|theft/other,"38.9479135748,-77.0808581915",-77.0808581915,3E,4100 - 4199 block of albemarle street nw,3,2,others,property,202,"3/20/2026, 9:50:00 PM",142227.22,001004,2D1,38.9479135748,26421510,"4/23/2026, 11:31:09 AM",6
001003 3,day,theft/other,,precinct 30,"5/28/2026, 11:23:00 AM",2026,,cluster 11,theft/other,391696.79,property|theft/other,"38.945126307,-77.0957816153",-77.0957816153,3E,4800 - 4899 block of massachusetts avenue nw,3,2,others,property,202,"5/28/2026, 10:58:00 AM",141919.06,001003,2D1,38.945126307,26072395,"5/28/2026, 11:27:45 AM",6
001002 4,evening,theft/other,,precinct 29,"4/18/2026, 6:52:00 PM",2026,,cluster 14,theft/other,393653.61,property|theft/other,"38.933483103,-77.0731967728",-77.0731967728,3A,3700 - 3799 block of macomb street nw,3,2,others,property,204,"4/18/2026, 5:52:00 PM",140624.75,001002,2D2,38.933483103,26051572,"4/18/2026, 10:01:28 PM",6
001002 4,day,theft/other,,precinct 29,"7/20/2024, 12:00:00 PM",2024,,cluster 14,theft/other,393645.65,property|theft/other,"38.934751414,-77.0732898841",-77.0732898841,3A,3700 - 3749 block of newark street nw,3,2,others,property,204,"7/20/2024, 11:06:00 AM",140765.55,001002,2D2,38.934751414,24111158,"7/20/2024, 12:11:19 PM",6
001004 3,day,theft f/auto,,precinct 30,"8/12/2026, 5:00:00 AM",2026,,cluster 11,theft f/auto,393015.6,property|theft f/auto,"38.9462831846,-77.0805697958",-77.0805697958,3E,4000 - 4199 block of yuma street nw,3,2,others,property,202,"8/12/2026, 4:00:00 AM",142046.21,001004,2D1,38.9462831846,26112977,"8/12/2026, 7:01:00 AM",7
001003 1,evening,theft f/auto,,precinct 31,"10/13/2024, 11:00:00 AM",2024,,cluster 11,theft f/auto,392146.01,property|theft f/auto,"38.9507025957,-77.0906067271",-77.0906067271,3E,4614 - 4699 block of 46th street nw,3,,others,property,,"10/12/2024, 7:00:00 PM",142537.62,001003,,38.9507025957,24160182,"10/15/2024, 9:12:29 PM",7
001100 4,day,theft/other,,precinct 32,"10/25/2023, 11:10:00 AM",2023,,cluster 11,theft/other,393039.43,property|theft/other,"38.9492466458,-77.0802982386",-77.0802982386,3E,4530 - 4599 block of wisconsin avenue nw,3,2,others,property,202,"10/25/2023, 10:45:00 AM",142375.16,001100,2D1,38.9492466458,23175664,"10/25/2023, 12:46:21 PM",6
001004 2,evening,theft/other,,precinct 31,"6/24/2026, 3:05:00 PM",2026,,cluster 11,theft/other,393070.63,property|theft/other,"38.9483570552,-77.0799373128",-77.0799373128,3E,4500 - 4537 block of wisconsin avenue nw,3,2,others,property,202,"6/24/2026, 3:00:00 PM",142276.38,001004,2D1,38.9483570552,26087200,"6/24/2026, 4:14:00 PM",6
001100 4,midnight,theft/other,,precinct 32,"10/19/2024, 5:31:00 AM",2024,,cluster 11,theft/other,393039.43,property|theft/other,"38.9492466458,-77.0802982386",-77.0802982386,3E,4530 - 4599 block of wisconsin avenue nw,3,2,others,property,202,"10/19/2024, 5:30:00 AM",142375.16,001100,2D1,38.9492466458,24162123,"10/19/2024, 6:44:01 AM",6
001100 4,day,theft/other,,precinct 32,"8/15/2026, 2:57:00 PM",2026,,cluster 11,theft/other,393194.51,property|theft/other,"38.9487768183,-77.0785086932",-77.0785086932,3E,4500 - 4599 block of fort drive nw,3,2,others,property,202,"8/15/2026, 2:30:00 PM",142322.87,001100,2D1,38.9487768183,26114775,"8/15/2026, 2:57:02 PM",6
000804 3,day,theft f/auto,,precinct 10,"7/8/2026, 1:00:00 PM",2026,,cluster 13,theft f/auto,392314.16,property|theft f/auto,"38.9282002076,-77.0886389006",-77.0886389006,3D,2900 - 2999 block of 45th street nw,3,2,others,property,205,"7/8/2026, 11:00:00 AM",140039.49,000804,2D2,38.9282002076,26422608,"7/9/2026, 2:04:11 PM",7
000903 1,day,theft/other,,precinct 9,"3/25/2026, 2:10:00 PM",2026,,cluster 13,theft/other,392375.89,property|theft/other,"38.9394013931,-77.0879407978",-77.0879407978,3E,4400 - 4500 block of massachusetts avenue nw,3,2,others,property,205,"3/25/2026, 11:50:00 AM",141282.86,000903,2D2,38.9394013931,26421164,"3/26/2026, 8:31:12 AM",6
000600 4,day,theft/other,,precinct 27,"5/7/2026, 3:10:00 PM",2026,,cluster 15,theft/other,393951.8,property|theft/other,"38.9373312986,-77.0697613308",-77.0697613308,3A,3500 - 3599 block of porter street nw,3,2,others,property,203,"5/7/2026, 3:10:00 PM",141051.7,000600,2D1,38.9373312986,26421742,"5/13/2026, 11:16:29 AM",6
001002 1,evening,assault w/dangerous weapon,,precinct 10,"2/25/2025, 8:00:00 PM",2025,,cluster 14,assault w/dangerous weapon,392798.58,violent|assault w/dangerous weapon,"38.9358388469,-77.0830611003",-77.0830611003,3A,4200 - 4349 block of massachusetts avenue nw,3,2,knife,violent,204,"2/25/2025, 7:10:00 PM",140886.99,001002,2D2,38.9358388469,25027737,"2/25/2025, 8:33:24 PM",3
000903 2,day,theft f/auto,,precinct 9,"12/23/2022, 2:00:00 PM",2022,,cluster 13,theft f/auto,391896,property|theft f/auto,"38.9422089439,-77.0934798036",-77.0934798036,3D,4700 - 4799 block of upton street nw,3,2,others,property,205,"12/23/2022, 7:00:00 AM",141595,000903,2D2,38.9422089439,22187201,"12/25/2022, 12:38:57 PM",7
001004 2,day,theft f/auto,,precinct 31,"6/2/2023, 10:27:00 AM",2023,,cluster 11,theft f/auto,392422,property|theft f/auto,"38.9496905086,-77.0874215553",-77.0874215553,3E,4400 - 4499 block of brandywine street nw,3,2,others,property,202,"6/2/2023, 10:25:00 AM",142425,001004,2D1,38.9496905086,23087502,"6/2/2023, 11:16:44 AM",7
000600 4,day,theft/other,,precinct 27,"12/5/2025, 7:40:00 PM",2025,,cluster 15,theft/other,393854.5,property|theft/other,"38.9368097639,-77.0708830931",-77.0708830931,3C,3500 - 3599 block of 36th street nw,3,2,others,property,203,"12/5/2025, 10:00:00 AM",140993.88,000600,2D1,38.9368097639,25425269,"12/6/2025, 11:02:35 AM",6
001100 4,day,theft/other,,precinct 32,"1/12/2026, 7:10:00 PM",2026,,cluster 11,theft/other,393348.63,property|theft/other,"38.9507275689,-77.0767328516",-77.0767328516,3E,3814 - 3989 block of chesapeake street nw,3,2,others,property,202,"1/12/2026, 6:10:00 PM",142539.29,001100,2D1,38.9507275689,26420215,"1/14/2026, 1:32:15 PM",6
001004 2,evening,theft f/auto,,precinct 31,"11/7/2023, 3:17:00 PM",2023,,cluster 11,theft f/auto,392579.58,property|theft f/auto,"38.9479029912,-77.085601529",-77.085601529,3E,4319 - 4399 block of albemarle street nw,3,2,others,property,202,"11/7/2023, 3:15:00 PM",142226.42,001004,2D1,38.9479029912,23183140,"11/7/2023, 4:27:28 PM",7
000704 1,day,theft/other,,precinct 28,"12/14/2024, 11:00:00 AM",2024,,cluster 14,theft/other,393685.84,property|theft/other,"38.9307918346,-77.0728222959",-77.0728222959,3A,3021 - 3199 block of wisconsin avenue nw,3,2,others,property,204,"12/14/2024, 10:00:00 AM",140325.97,000704,2D2,38.9307918346,24193887,"12/15/2024, 11:33:08 AM",6
001100 4,evening,theft/other,,precinct 32,"8/10/2024, 5:58:00 PM",2024,,cluster 11,theft/other,393102.54,property|theft/other,"38.9496787299,-77.0795706737",-77.0795706737,3E,4000 - 4099 block of brandywine street nw,3,2,others,property,202,"8/10/2024, 3:46:00 PM",142423.07,001100,2D1,38.9496787299,24122662,"8/10/2024, 4:58:12 PM",6
001100 4,day,theft/other,,precinct 32,"1/29/2025, 1:15:00 PM",2025,,cluster 11,theft/other,393039.43,property|theft/other,"38.9492466458,-77.0802982386",-77.0802982386,3E,4530 - 4599 block of wisconsin avenue nw,3,2,others,property,202,"1/29/2025, 12:50:00 PM",142375.16,001100,2D1,38.9492466458,25013838,"1/29/2025, 2:10:11 PM",6
001002 4,day,theft/other,,precinct 29,"1/3/2025, 2:05:00 PM",2025,,cluster 14,theft/other,393645.65,property|theft/other,"38.934751414,-77.0732898841",-77.0732898841,3A,3700 - 3749 block of newark street nw,3,2,others,property,204,"1/3/2025, 2:00:00 PM",140765.55,001002,2D2,38.934751414,25001302,"1/3/2025, 2:27:04 PM",6
001004 2,day,theft/other,,precinct 31,"1/2/2025, 12:30:00 PM",2025,,cluster 11,theft/other,393070.63,property|theft/other,"38.9483570552,-77.0799373128",-77.0799373128,3E,4500 - 4537 block of wisconsin avenue nw,3,2,others,property,202,"1/2/2025, 12:23:00 PM",142276.38,001004,2D1,38.9483570552,25000746,"1/2/2025, 1:00:19 PM",6
001100 4,evening,theft/other,,precinct 32,"9/24/2024, 8:15:00 PM",2024,,cluster 11,theft/other,393039.43,property|theft/other,"38.9492466458,-77.0802982386",-77.0802982386,3E,4530 - 4599 block of wisconsin avenue nw,3,2,others,property,202,"9/24/2024, 8:14:00 PM",142375.16,001100,2D1,38.9492466458,24148109,"9/24/2024, 8:35:43 PM",6
001100 4,midnight,theft/other,,precinct 32,"11/20/2024, 12:02:00 AM",2024,,cluster 11,theft/other,393173.95,property|theft/other,"38.9487916125,-77.0787458915",-77.0787458915,3E,4500 - 4599 block of 40th street nw,3,2,others,property,202,"11/19/2024, 11:55:00 PM",142324.53,001100,2D1,38.9487916125,24180227,"11/20/2024, 1:00:52 AM",6
001003 3,evening,theft/other,,precinct 30,"9/28/2024, 3:32:00 PM",2024,,cluster 11,theft/other,391696.79,property|theft/other,"38.945126307,-77.0957816153",-77.0957816153,3E,4800 - 4899 block of massachusetts avenue nw,3,2,others,property,202,"9/28/2024, 2:50:00 PM",141919.06,001003,2D1,38.945126307,24150385,"9/28/2024, 4:23:50 PM",6
001002 2,day,theft/other,,precinct 29,,2025,,cluster 14,theft/other,393391.9,property|theft/other,"38.9417022317,-77.0762240207",-77.0762240207,3A,4000 - 4099 block of wisconsin avenue nw,3,2,others,property,204,"10/17/2025, 7:30:00 AM",141537.36,001002,2D2,38.9417022317,25163471,"10/31/2025, 12:31:09 PM",6
000703 2,day,theft f/auto,,precinct 28,"7/30/2023, 8:12:00 AM",2023,,cluster 14,theft f/auto,392960.84,property|theft f/auto,"38.9302858242,-77.0811832718",-77.0811832718,3B,4000 - 4299 block of cathedral avenue nw,3,2,others,property,204,"7/29/2023, 9:15:00 PM",140270.41,000703,2D2,38.9302858242,23125045,"8/1/2023, 2:55:03 PM",7
001100 4,evening,theft/other,,precinct 32,"7/3/2025, 8:15:00 PM",2025,,cluster 11,theft/other,393173.95,property|theft/other,"38.9487916125,-77.0787458915",-77.0787458915,3E,4500 - 4599 block of 40th street nw,3,2,others,property,202,"7/3/2025, 7:37:00 PM",142324.53,001100,2D1,38.9487916125,25100086,"7/3/2025, 8:53:00 PM",6
001003 3,evening,theft/other,,precinct 30,"10/24/2024, 8:33:00 PM",2024,,cluster 11,theft/other,391696.79,property|theft/other,"38.945126307,-77.0957816153",-77.0957816153,3E,4800 - 4899 block of massachusetts avenue nw,3,2,others,property,202,"10/24/2024, 7:50:00 PM",141919.06,001003,2D1,38.945126307,24165508,"10/24/2024, 8:58:55 PM",6
000703 2,day,theft f/auto,,precinct 28,"4/22/2024, 1:17:00 PM",2024,,cluster 14,theft f/auto,392884.2,property|theft f/auto,"38.9268926783,-77.082063263",-77.082063263,3B,2800 - 2899 block of new mexico avenue nw,3,2,others,property,204,"4/22/2024, 12:45:00 PM",139893.81,000703,2D2,38.9268926783,24060149,"4/22/2024, 2:35:56 PM",7
001004 2,midnight,theft/other,,precinct 31,"11/1/2024, 11:30:00 PM",2024,,cluster 11,theft/other,393070.63,property|theft/other,"38.9483570552,-77.0799373128",-77.0799373128,3E,4500 - 4537 block of wisconsin avenue nw,3,2,others,property,202,"10/31/2024, 4:00:00 PM",142276.38,001004,2D1,38.9483570552,24169547,"11/1/2024, 1:34:19 AM",6
001002 2,day,theft/other,,precinct 29,"4/8/2025, 10:25:00 AM",2025,,cluster 14,theft/other,393254.53,property|theft/other,"38.9400305108,-77.0778067509",-77.0778067509,3A,10 - 99 block of ridge square nw,3,2,others,property,204,"4/8/2025, 9:30:00 AM",141351.9,001002,2D2,38.9400305108,25051088,"4/9/2025, 7:04:28 AM",6
001002 3,day,theft f/auto,,precinct 29,"1/9/2026, 8:04:00 AM",2026,,cluster 14,theft f/auto,393411.39,property|theft f/auto,"38.9383795808,-77.0759956628",-77.0759956628,3A,3600 - 3699 block of 38th street nw,3,2,others,property,204,"1/8/2026, 1:10:00 PM",141168.5,001002,2D2,38.9383795808,26003786,"1/9/2026, 8:53:06 AM",7
001002 2,day,theft/other,,precinct 30,"3/26/2025, 5:15:00 PM",2025,,cluster 11,theft/other,393303.37,property|theft/other,"38.9435542951,-77.0772472157",-77.0772472157,3A,4200 - 4226 block of wisconsin avenue nw,3,2,others,property,202,"3/26/2025, 3:30:00 PM",141743.03,001002,2D1,38.9435542951,25045825,"3/30/2025, 10:22:50 AM",6
001002 4,evening,theft/other,,precinct 29,"11/19/2025, 4:30:00 PM",2025,,cluster 14,theft/other,393645.65,property|theft/other,"38.934751414,-77.0732898841",-77.0732898841,3A,3700 - 3749 block of newark street nw,3,2,others,property,204,"11/19/2025, 4:05:00 PM",140765.55,001002,2D2,38.934751414,25175894,"11/19/2025, 5:18:11 PM",6
001002 2,evening,theft/other,,precinct 29,"11/5/2023, 10:40:00 AM",2023,,cluster 14,theft/other,393254.53,property|theft/other,"38.9400305108,-77.0778067509",-77.0778067509,3A,10 - 99 block of ridge square nw,3,2,others,property,204,"11/5/2023, 10:35:00 AM",141351.9,001002,2D2,38.9400305108,23182051,"11/5/2023, 6:58:46 PM",6
001004 3,day,theft f/auto,,precinct 30,"8/8/2024, 5:15:00 PM",2024,,cluster 11,theft f/auto,392812.23,property|theft f/auto,"38.9462848773,-77.0829158095",-77.0829158095,3E,4200 - 4299 block of yuma street nw,3,2,others,property,202,"8/8/2024, 11:00:00 AM",142046.58,001004,2D1,38.9462848773,24121681,"8/9/2024, 10:44:30 AM",7
000803 2,evening,theft/other,,precinct 10,"12/12/2025, 7:00:00 PM",2025,,cluster 14,theft/other,392544.93,property|theft/other,"38.9337607693,-77.0859841914",-77.0859841914,3B,3300 - 3399 block of new mexico avenue nw,3,2,others,property,205,"12/12/2025, 5:36:00 PM",140656.54,000803,2D2,38.9337607693,25187072,"12/12/2025, 6:45:31 PM",6
001100 4,day,theft/other,,precinct 32,"11/28/2023, 12:22:00 PM",2023,,cluster 11,theft/other,393039.43,property|theft/other,"38.9492466458,-77.0802982386",-77.0802982386,3E,4530 - 4599 block of wisconsin avenue nw,3,,others,property,202,"11/28/2023, 12:18:00 PM",142375.16,001100,2D1,38.9492466458,23194081,"11/28/2023, 1:52:16 PM",6
000903 2,evening,theft f/auto,,precinct 9,"8/11/2025, 4:30:00 PM",2025,,cluster 13,theft f/auto,391535.99,property|theft f/auto,"38.9337319912,-77.0976209202",-77.0976209202,3D,4830 - 4960 block of rockwood parkway nw,3,2,others,property,205,"8/11/2025, 9:30:00 AM",140654.36,000903,2D2,38.9337319912,25122214,"8/11/2025, 4:57:51 PM",7
001002 2,evening,robbery,,precinct 29,"12/31/2023, 4:54:00 PM",2023,,cluster 14,robbery,393254.53,violent|robbery,"38.9400305108,-77.0778067509",-77.0778067509,3A,10 - 99 block of ridge square nw,3,2,gun,violent,204,"12/31/2023, 4:04:00 PM",141351.9,001002,2D2,38.9400305108,23211766,"12/31/2023, 6:20:16 PM",4
001002 4,evening,theft/other,,precinct 29,"6/11/2024, 7:52:00 PM",2024,,cluster 14,theft/other,393645.65,property|theft/other,"38.934751414,-77.0732898841",-77.0732898841,3A,3700 - 3749 block of newark street nw,3,2,others,property,204,"6/11/2024, 6:32:00 PM",140765.55,001002,2D2,38.934751414,24088976,"6/11/2024, 9:28:39 PM",6
001002 4,day,theft/other,,precinct 29,"11/2/2023, 6:29:00 AM",2023,,cluster 14,theft/other,393550.16,property|theft/other,"38.9360923238,-77.0743926472",-77.0743926472,3A,3400 - 3499 block of 38th street nw,3,2,others,property,204,"11/2/2023, 6:24:00 AM",140914.48,001002,2D2,38.9360923238,23180758,"11/3/2023, 1:06:38 PM",6
000904 2,evening,theft f/auto,,precinct 9,"2/15/2025, 2:30:00 PM",2025,,cluster 13,theft f/auto,391507.52,property|theft f/auto,"38.9435866043,-77.097962823",-77.097962823,3D,4200 - 4246 block of fordham road nw,3,2,others,property,205,"2/15/2025, 1:00:00 PM",141748.34,000904,2D2,38.9435866043,25022509,"2/15/2025, 6:20:23 PM",7
001004 2,midnight,theft/other,,precinct 31,"6/19/2025, 5:00:00 PM",2025,,cluster 11,theft/other,392422.24,property|theft/other,"38.9510412107,-77.0874204431",-77.0874204431,3E,4400 - 4499 block of chesapeake street nw,3,2,others,property,202,"6/12/2025, 10:55:00 AM",142574.94,001004,2D1,38.9510412107,25423091,"8/7/2025, 6:32:19 AM",6
001100 4,evening,theft/other,,precinct 32,"12/8/2024, 7:40:00 PM",2024,,cluster 11,theft/other,393039.43,property|theft/other,"38.9492466458,-77.0802982386",-77.0802982386,3E,4530 - 4599 block of wisconsin avenue nw,3,2,others,property,202,"12/8/2024, 7:37:00 PM",142375.16,001100,2D1,38.9492466458,24190306,"12/8/2024, 8:03:27 PM",6
001004 2,evening,theft/other,,precinct 31,"12/14/2024, 2:00:00 PM",2024,,cluster 11,theft/other,393070.63,property|theft/other,"38.9483570552,-77.0799373128",-77.0799373128,3E,4500 - 4537 block of wisconsin avenue nw,3,2,others,property,202,"12/14/2024, 1:55:00 PM",142276.38,001004,2D1,38.9483570552,24193488,"12/14/2024, 3:35:28 PM",6
001100 4,evening,theft/other,,precinct 32,"10/4/2022, 9:40:00 AM",2022,,cluster 11,theft/other,393348,property|theft/other,"38.9507249518,-77.0767401167",-77.0767401167,3E,3814 - 3989 block of chesapeake street nw,3,2,others,property,202,"10/4/2022, 9:30:00 AM",142539,001100,2D1,38.9507249518,22144369,"10/5/2022, 7:30:00 PM",6
001004 2,day,theft f/auto,,precinct 31,"12/11/2025, 7:46:00 PM",2025,,cluster 11,theft f/auto,392853.33,property|theft f/auto,"38.9521073489,-77.082448427",-77.082448427,3E,4200 - 4299 block of davenport street nw,3,2,others,property,202,"12/11/2025, 5:30:00 PM",142692.89,001004,2D1,38.9521073489,25186826,"12/12/2025, 9:50:48 AM",7
001004 3,day,motor vehicle theft,,precinct 30,"4/22/2025, 7:56:00 AM",2025,,cluster 11,motor vehicle theft,392631.49,property|motor vehicle theft,"38.9447828709,-77.0849989778",-77.0849989778,3E,4300 - 4399 block of warren street nw,3,2,others,property,202,"4/21/2025, 9:00:00 PM",141880.01,001004,2D1,38.9447828709,25058248,"4/22/2025, 8:08:32 AM",8
001002 4,day,theft/other,,precinct 29,"8/4/2025, 12:45:00 PM",2025,,cluster 14,theft/other,393720.86,property|theft/other,"38.9340623694,-77.0724217259",-77.0724217259,3A,3300 - 3399 block of wisconsin avenue nw,3,2,others,property,204,"8/4/2025, 12:30:00 PM",140689,001002,2D2,38.9340623694,25118265,"8/4/2025, 2:55:53 PM",6
001100 4,day,theft/other,,precinct 32,"6/21/2025, 9:40:00 AM",2025,,cluster 11,theft/other,393039.43,property|theft/other,"38.9492466458,-77.0802982386",-77.0802982386,3E,4530 - 4599 block of wisconsin avenue nw,3,2,others,property,202,"6/21/2025, 8:59:00 AM",142375.16,001100,2D1,38.9492466458,25092849,"6/21/2025, 10:47:41 AM",6
001002 2,day,theft/other,,precinct 29,"5/31/2026, 2:35:00 PM",2026,,cluster 14,theft/other,393254.53,property|theft/other,"38.9400305108,-77.0778067509",-77.0778067509,3A,10 - 99 block of ridge square nw,3,2,others,property,204,"5/31/2026, 2:28:00 PM",141351.9,001002,2D2,38.9400305108,26074166,"6/1/2026, 12:07:20 PM",6
001004 2,evening,theft/other,,precinct 31,"9/28/2025, 3:03:00 PM",2025,,cluster 11,theft/other,393070.63,property|theft/other,"38.9483570552,-77.0799373128",-77.0799373128,3E,4500 - 4537 block of wisconsin avenue nw,3,2,others,property,202,"9/28/2025, 2:20:00 PM",142276.38,001004,2D1,38.9483570552,25148343,"9/28/2025, 3:27:25 PM",6
000803 1,evening,theft/other,,precinct 10,"1/12/2024, 5:10:00 PM",2024,,cluster 14,theft/other,392594.1,property|theft/other,"38.9350481105,-77.0854186238",-77.0854186238,3A,4340 - 4499 block of westover place nw,3,2,others,property,205,"1/12/2024, 4:22:00 PM",140799.4,000803,2D2,38.9350481105,24420239,"1/27/2024, 7:22:23 PM",6
000804 3,day,theft f/auto,,precinct 10,"1/15/2025, 12:00:00 PM",2025,,cluster 13,theft f/auto,392628.55,property|theft f/auto,"38.9275252063,-77.0850123123",-77.0850123123,3D,4300 - 4399 block of garfield street nw,3,2,others,property,205,"1/15/2025, 11:00:00 AM",139964.26,000804,2D2,38.9275252063,25011665,"1/25/2025, 9:58:02 AM",7
001002 4,day,theft/other,,precinct 29,"6/11/2025, 10:55:00 AM",2025,,cluster 14,theft/other,393418.59,property|theft/other,"38.9356902987,-77.0759097518",-77.0759097518,3A,3800 - 3899 block of newark street nw,3,2,others,property,204,"6/7/2025, 10:55:00 AM",140869.96,001002,2D2,38.9356902987,25422331,"6/25/2025, 1:32:37 PM",6
001002 4,day,theft/other,,precinct 29,"10/9/2024, 7:25:00 PM",2024,,cluster 14,theft/other,393528.66,property|theft/other,"38.9342897856,-77.0746387419",-77.0746387419,3A,3300 - 3399 block of idaho avenue nw,3,2,others,property,204,"10/9/2024, 6:25:00 PM",140714.4,001002,2D2,38.9342897856,24423995,"10/23/2024, 10:01:10 AM",6
001002 4,day,theft/other,,precinct 29,"7/31/2024, 12:56:00 PM",2024,,cluster 14,theft/other,393645.65,property|theft/other,"38.934751414,-77.0732898841",-77.0732898841,3A,3700 - 3749 block of newark street nw,3,2,others,property,204,"7/31/2024, 12:53:00 PM",140765.55,001002,2D2,38.934751414,24117214,"7/31/2024, 1:47:50 PM",6
001100 4,evening,theft/other,,precinct 32,"4/30/2026, 3:10:00 PM",2026,,cluster 11,theft/other,393070.63,property|theft/other,"38.9483570552,-77.0799373128",-77.0799373128,3E,4500 - 4537 block of wisconsin avenue nw,3,2,others,property,202,"4/30/2026, 2:50:00 PM",142276.38,001100,2D1,38.9483570552,26057612,"4/30/2026, 3:38:56 PM",6
001100 4,day,theft/other,,precinct 32,,2025,,cluster 11,theft/other,393173.95,property|theft/other,"38.9487916125,-77.0787458915",-77.0787458915,3E,4500 - 4599 block of 40th street nw,3,2,others,property,202,"10/25/2025, 10:13:00 AM",142324.53,001100,2D1,38.9487916125,25162415,"10/25/2025, 11:04:08 AM",6
001200 4,evening,theft/other,,precinct 33,"2/27/2024, 10:00:00 AM",2024,,cluster 11,theft/other,393856.72,property|theft/other,"38.9431619744,-77.0708638009",-77.0708638009,3F,3520 - 3699 block of van ness street nw,3,2,others,property,202,"2/26/2024, 6:00:00 PM",141699.03,001200,2D1,38.9431619744,24032053,"3/1/2024, 6:41:52 PM",6
001002 1,day,theft f/auto,,precinct 10,"9/13/2024, 8:49:00 AM",2024,,cluster 14,theft f/auto,392798.58,property|theft f/auto,"38.9358388469,-77.0830611003",-77.0830611003,3A,4200 - 4349 block of massachusetts avenue nw,3,2,others,property,204,"9/13/2024, 7:44:00 AM",140886.99,001002,2D2,38.9358388469,24141204,"9/13/2024, 8:59:37 AM",7
001004 2,day,theft/other,,precinct 31,"9/8/2026, 2:55:00 PM",2026,,cluster 11,theft/other,393070.63,property|theft/other,"38.9483570552,-77.0799373128",-77.0799373128,3E,4500 - 4537 block of wisconsin avenue nw,3,2,others,property,202,"9/8/2026, 1:21:00 PM",142276.38,001004,2D1,38.9483570552,26127813,"9/8/2026, 2:59:02 PM",6
001002 4,day,theft/other,,precinct 29,"10/6/2025, 2:30:00 PM",2025,,cluster 14,theft/other,393645.65,property|theft/other,"38.934751414,-77.0732898841",-77.0732898841,3A,3700 - 3749 block of newark street nw,3,2,others,property,204,"10/6/2025, 1:53:00 PM",140765.55,001002,2D2,38.934751414,25152604,"10/6/2025, 2:41:55 PM",6
000600 3,evening,theft/other,,precinct 27,"12/28/2025, 12:00:00 PM",2025,,cluster 15,theft/other,393716.95,property|theft/other,"38.9330137754,-77.072465757",-77.072465757,3A,3201 - 3299 block of wisconsin avenue nw,3,2,others,property,204,"12/26/2025, 4:00:00 PM",140572.6,000600,2D2,38.9330137754,25425637,"12/30/2025, 6:04:27 PM",6
001002 3,day,theft/other,,precinct 29,"10/25/2024, 11:59:00 PM",2024,,cluster 14,theft/other,393411.39,property|theft/other,"38.9383795808,-77.0759956628",-77.0759956628,3A,3600 - 3699 block of 38th street nw,3,2,others,property,204,"10/24/2024, 5:00:00 PM",141168.5,001002,2D2,38.9383795808,24424189,"10/29/2024, 7:41:50 AM",6
001003 3,midnight,theft/other,,precinct 30,"11/24/2025, 10:42:00 PM",2025,,cluster 11,theft/other,391696.79,property|theft/other,"38.945126307,-77.0957816153",-77.0957816153,3E,4800 - 4899 block of massachusetts avenue nw,3,2,others,property,202,"11/24/2025, 9:53:00 PM",141919.06,001003,2D1,38.945126307,25178765,"11/25/2025, 12:40:27 AM",6
001004 2,day,theft/other,,precinct 31,"2/29/2024, 3:05:00 PM",2024,,cluster 11,theft/other,393070.63,property|theft/other,"38.9483570552,-77.0799373128",-77.0799373128,3E,4500 - 4537 block of wisconsin avenue nw,3,2,others,property,202,"2/29/2024, 3:00:00 PM",142276.38,001004,2D1,38.9483570552,24420891,"3/7/2024, 1:22:25 PM",6
001100 4,evening,theft/other,,precinct 32,"12/11/2025, 10:51:00 PM",2025,,cluster 11,theft/other,393039.43,property|theft/other,"38.9492466458,-77.0802982386",-77.0802982386,3E,4530 - 4599 block of wisconsin avenue nw,3,2,others,property,202,"12/11/2025, 9:17:00 PM",142375.16,001100,2D1,38.9492466458,25186670,"12/11/2025, 10:55:45 PM",6
000903 2,evening,theft f/auto,,precinct 9,"7/10/2024, 12:05:00 PM",2024,,cluster 13,theft f/auto,391696.79,property|theft f/auto,"38.945126307,-77.0957816153",-77.0957816153,3D,4800 - 4899 block of massachusetts avenue nw,3,2,others,property,205,"7/10/2024, 11:47:00 AM",141919.06,000903,2D2,38.945126307,24105855,"7/10/2024, 10:50:41 PM",7
000903 1,day,theft/other,,precinct 9,"8/23/2024, 4:00:00 PM",2024,,cluster 13,theft/other,392375.89,property|theft/other,"38.9394013931,-77.0879407978",-77.0879407978,3E,4400 - 4500 block of massachusetts avenue nw,3,2,others,property,205,"8/23/2024, 8:00:00 AM",141282.86,000903,2D2,38.9394013931,24130226,"8/24/2024, 9:05:33 AM",6
001100 4,evening,theft/other,,precinct 32,"8/29/2025, 5:00:00 PM",2025,,cluster 11,theft/other,393070.63,property|theft/other,"38.9483570552,-77.0799373128",-77.0799373128,3E,4500 - 4537 block of wisconsin avenue nw,3,2,others,property,202,"8/29/2025, 12:00:00 PM",142276.38,001100,2D1,38.9483570552,25132005,"8/29/2025, 10:27:03 PM",6
001002 4,day,theft/other,,precinct 29,"10/25/2025, 5:29:00 PM",2025,,cluster 14,theft/other,393720.86,property|theft/other,"38.9340623694,-77.0724217259",-77.0724217259,3A,3300 - 3399 block of wisconsin avenue nw,3,2,others,property,204,"10/25/2025, 4:00:00 PM",140689,001002,2D2,38.9340623694,25162596,"10/26/2025, 9:59:39 AM",6
001004 2,evening,theft/other,,precinct 31,"3/25/2026, 5:35:00 PM",2026,,cluster 11,theft/other,393070.63,property|theft/other,"38.9483570552,-77.0799373128",-77.0799373128,3E,4500 - 4537 block of wisconsin avenue nw,3,2,others,property,202,"3/25/2026, 5:25:00 PM",142276.38,001004,2D1,38.9483570552,26039122,"3/25/2026, 6:22:17 PM",6
001002 1,day,theft/other,,precinct 10,"5/12/2026, 5:00:00 AM",2026,,cluster 14,theft/other,392798.58,property|theft/other,"38.9358388469,-77.0830611003",-77.0830611003,3A,4200 - 4349 block of massachusetts avenue nw,3,2,others,property,204,"5/1/2026, 10:45:00 AM",140886.99,001002,2D2,38.9358388469,26064484,"5/13/2026, 1:42:39 PM",6
001002 2,evening,theft/other,,precinct 29,"2/20/2026, 5:13:00 PM",2026,,cluster 11,theft/other,393344.88,property|theft/other,"38.9426890947,-77.0767674562",-77.0767674562,3A,4100 - 4199 block of wisconsin avenue nw,3,2,others,property,202,"2/20/2026, 3:29:00 PM",141646.95,001002,2D1,38.9426890947,26023015,"2/20/2026, 6:20:03 PM",6
001002 4,evening,theft/other,,precinct 29,"2/15/2026, 8:33:00 PM",2026,,cluster 14,theft/other,393645.65,property|theft/other,"38.934751414,-77.0732898841",-77.0732898841,3A,3700 - 3749 block of newark street nw,3,2,others,property,204,"2/15/2026, 8:31:00 PM",140765.55,001002,2D2,38.934751414,26020799,"2/15/2026, 9:26:55 PM",6
000904 2,day,theft/other,,precinct 9,"6/6/2025, 1:45:00 PM",2025,,cluster 13,theft/other,391611.19,property|theft/other,"38.9437019154,-77.0967671204",-77.0967671204,3D,4200 - 4299 block of 49th street nw,3,2,others,property,205,"6/6/2025, 11:35:00 AM",141761.03,000904,2D2,38.9437019154,25422226,"6/8/2025, 1:02:04 PM",6
001003 1,day,motor vehicle theft,,precinct 31,"1/6/2023, 8:00:00 AM",2023,,cluster 11,motor vehicle theft,391897,property|motor vehicle theft,"38.9496858228,-77.0934780723",-77.0934780723,3E,4700 - 4799 block of brandywine street nw,3,2,others,property,202,"1/5/2023, 8:00:00 PM",142425,001003,2D1,38.9496858228,23002961,"1/6/2023, 10:00:11 AM",8
001100 4,evening,theft/other,,precinct 32,"9/28/2023, 2:47:00 PM",2023,,cluster 11,theft/other,393070.63,property|theft/other,"38.9483570552,-77.0799373128",-77.0799373128,3E,4500 - 4537 block of wisconsin avenue nw,3,2,others,property,202,"9/28/2023, 2:46:00 PM",142276.38,001100,2D1,38.9483570552,23160115,"9/28/2023, 4:09:48 PM",6
001004 3,midnight,theft f/auto,,precinct 30,"5/22/2023, 2:00:00 PM",2023,,cluster 11,theft f/auto,392421,property|theft f/auto,"38.9470961174,-77.0874299096",-77.0874299096,3E,4400 - 4499 block of alton place nw,3,2,others,property,202,"5/21/2023, 10:00:00 PM",142137,001004,2D1,38.9470961174,23081093,"5/23/2023, 6:20:03 AM",7
000904 1,evening,theft f/auto,,precinct 8,"12/9/2023, 4:46:00 PM",2023,,cluster 13,theft f/auto,391384.12,property|theft f/auto,"38.9319850672,-77.0993701015",-77.0993701015,3D,4900 - 4999 block of weaver terrace nw,3,2,others,property,205,"12/9/2023, 4:25:00 PM",140460.6,000904,2D2,38.9319850672,23200440,"12/9/2023, 5:45:25 PM",7
001003 3,evening,theft/other,,precinct 30,"5/9/2024, 5:55:00 PM",2024,,cluster 11,theft/other,391822,property|theft/other,"38.9475044953,-77.094340403",-77.094340403,3E,4420 - 4499 block of 48th street nw,3,2,others,property,202,"5/1/2024, 5:55:00 PM",142182.93,001003,2D1,38.9475044953,24421737,"5/15/2024, 8:21:49 PM",6
000903 2,evening,motor vehicle theft,,precinct 9,"9/30/2022, 5:03:00 PM",2022,,cluster 13,motor vehicle theft,391821,property|motor vehicle theft,"38.9426856878,-77.0943455613",-77.0943455613,3D,4100 - 4199 block of 48th street nw,3,2,others,property,205,"9/20/2022, 8:30:00 AM",141648,000903,2D2,38.9426856878,22138086,"9/23/2022, 6:58:51 PM",8
001100 4,day,theft/other,,precinct 32,"4/27/2025, 9:13:00 AM",2025,,cluster 11,theft/other,393173.95,property|theft/other,"38.9487916125,-77.0787458915",-77.0787458915,3E,4500 - 4599 block of 40th street nw,3,2,others,property,202,"4/27/2025, 8:53:00 AM",142324.53,001100,2D1,38.9487916125,25061233,"4/27/2025, 9:42:31 AM",6
000804 3,evening,theft f/auto,,precinct 10,"2/17/2023, 10:30:00 AM",2023,,cluster 13,theft f/auto,392593.86,property|theft f/auto,"38.9313466883,-77.0854169576",-77.0854169576,3D,4300 - 4399 block of klingle street nw,3,2,others,property,205,"2/15/2023, 9:00:00 PM",140388.51,000804,2D2,38.9313466883,23420884,"2/18/2023, 5:52:19 PM",7
001002 2,midnight,theft/other,,precinct 29,"9/21/2024, 1:50:00 PM",2024,,cluster 14,theft/other,393254.53,property|theft/other,"38.9400305108,-77.0778067509",-77.0778067509,3A,10 - 99 block of ridge square nw,3,2,others,property,204,"9/21/2024, 1:40:00 PM",141351.9,001002,2D2,38.9400305108,24146231,"9/21/2024, 11:46:19 PM",6
001002 2,evening,theft/other,,precinct 29,"3/28/2024, 7:40:00 AM",2024,,cluster 14,theft/other,393254.53,property|theft/other,"38.9400305108,-77.0778067509",-77.0778067509,3A,10 - 99 block of ridge square nw,3,2,others,property,204,"3/28/2024, 6:40:00 AM",141351.9,001002,2D2,38.9400305108,24046734,"3/28/2024, 8:52:29 PM",6
001002 1,day,theft f/auto,,precinct 10,"11/24/2025, 10:53:00 AM",2025,,cluster 14,theft f/auto,392798.58,property|theft f/auto,"38.9358388469,-77.0830611003",-77.0830611003,3A,4200 - 4349 block of massachusetts avenue nw,3,2,others,property,204,"11/24/2025, 10:47:00 AM",140886.99,001002,2D2,38.9358388469,25178402,"11/24/2025, 11:18:23 AM",7
001002 2,evening,theft/other,,precinct 29,"11/15/2023, 3:44:00 PM",2023,,cluster 14,theft/other,393254.53,property|theft/other,"38.9400305108,-77.0778067509",-77.0778067509,3A,10 - 99 block of ridge square nw,3,2,others,property,204,"11/15/2023, 3:20:00 PM",141351.9,001002,2D2,38.9400305108,23187527,"11/15/2023, 4:22:18 PM",6
001003 3,evening,theft/other,,precinct 30,"11/22/2023, 1:48:00 PM",2023,,cluster 11,theft/other,391696.79,property|theft/other,"38.945126307,-77.0957816153",-77.0957816153,3E,4800 - 4899 block of massachusetts avenue nw,3,2,others,property,202,"11/22/2023, 12:47:00 PM",141919.06,001003,2D1,38.945126307,23191180,"11/22/2023, 3:04:10 PM",6
000903 2,evening,theft f/auto,,precinct 9,,2023,,cluster 13,theft f/auto,391821.27,property|theft f/auto,"38.9398466393,-77.09433869",-77.09433869,3D,3800 - 3899 block of 48th street nw,3,2,others,property,205,"9/19/2023, 3:56:00 PM",141332.84,000903,2D2,38.9398466393,23154838,"9/19/2023, 4:22:38 PM",7
001002 2,day,theft/other,,precinct 29,"3/5/2026, 11:45:00 AM",2026,,cluster 14,theft/other,393254.53,property|theft/other,"38.9400305108,-77.0778067509",-77.0778067509,3A,10 - 99 block of ridge square nw,3,2,others,property,204,"3/5/2026, 11:25:00 AM",141351.9,001002,2D2,38.9400305108,26028964,"3/5/2026, 12:10:29 PM",6
001100 4,evening,theft/other,,precinct 32,"6/25/2026, 4:15:00 PM",2026,,cluster 11,theft/other,393070.63,property|theft/other,"38.9483570552,-77.0799373128",-77.0799373128,3E,4500 - 4537 block of wisconsin avenue nw,3,2,others,property,202,"6/25/2026, 4:01:00 PM",142276.38,001100,2D1,38.9483570552,26087765,"6/25/2026, 8:13:27 PM",6
000600 4,evening,theft f/auto,,precinct 29,"10/23/2024, 5:38:00 PM",2024,,cluster 15,theft f/auto,393641.44,property|theft f/auto,"38.9381520148,-77.0733419395",-77.0733419395,3A,3700 - 3799 block of quebec street nw,3,2,others,property,203,"10/20/2024, 12:00:00 AM",141143.05,000600,2D1,38.9381520148,24164816,"10/23/2024, 7:44:26 PM",7
001100 4,evening,theft/other,,precinct 32,"1/14/2026, 7:00:00 PM",2026,,cluster 11,theft/other,393113.91,property|theft/other,"38.9474950334,-77.0794370733",-77.0794370733,3E,4404 - 4499 block of wisconsin avenue nw,3,2,others,property,202,"1/14/2026, 8:20:00 AM",142180.65,001100,2D1,38.9474950334,26007054,"1/15/2026, 9:51:02 PM",6
001002 4,day,theft/other,,precinct 29,"10/17/2023, 5:00:00 AM",2023,,cluster 14,theft/other,393528.66,property|theft/other,"38.9342897856,-77.0746387419",-77.0746387419,3A,3300 - 3399 block of idaho avenue nw,3,2,others,property,204,"10/3/2023, 3:00:00 AM",140714.4,001002,2D2,38.9342897856,23171208,"10/17/2023, 2:54:57 PM",6
001004 2,day,theft/other,,precinct 31,"12/20/2025, 11:50:00 AM",2025,,cluster 11,theft/other,393070.63,property|theft/other,"38.9483570552,-77.0799373128",-77.0799373128,3E,4500 - 4537 block of wisconsin avenue nw,3,2,others,property,202,"12/20/2025, 11:45:00 AM",142276.38,001004,2D1,38.9483570552,25190833,"12/20/2025, 1:19:07 PM",6
001002 2,midnight,theft/other,,precinct 29,"9/9/2025, 5:45:00 PM",2025,,cluster 14,theft/other,393254.53,property|theft/other,"38.9400305108,-77.0778067509",-77.0778067509,3A,10 - 99 block of ridge square nw,3,2,others,property,204,"9/9/2025, 5:32:00 PM",141351.9,001002,2D2,38.9400305108,25137983,"9/10/2025, 6:22:21 AM",6
001100 4,day,theft/other,,precinct 32,"12/12/2024, 11:50:00 AM",2024,,cluster 11,theft/other,393173.95,property|theft/other,"38.9487916125,-77.0787458915",-77.0787458915,3E,4500 - 4599 block of 40th street nw,3,2,others,property,202,"12/12/2024, 8:55:00 AM",142324.53,001100,2D1,38.9487916125,24192295,"12/12/2024, 1:34:51 PM",6
000903 2,evening,theft/other,,precinct 9,"7/27/2024, 11:00:00 AM",2024,,cluster 13,theft/other,391746.2,property|theft/other,"38.9441922538,-77.095210399",-77.095210399,3D,4250 - 4299 block of fordham road nw,3,2,others,property,205,"7/18/2024, 5:00:00 PM",141815.32,000903,2D2,38.9441922538,24120545,"8/6/2024, 4:06:21 PM",6
001100 4,evening,theft/other,,precinct 32,"10/10/2025, 5:25:00 PM",2025,,cluster 11,theft/other,393039.43,property|theft/other,"38.9492466458,-77.0802982386",-77.0802982386,3E,4530 - 4599 block of wisconsin avenue nw,3,2,others,property,202,"10/10/2025, 5:07:00 PM",142375.16,001100,2D1,38.9492466458,25154848,"10/10/2025, 5:32:35 PM",6
001002 2,evening,theft/other,,precinct 29,"7/6/2025, 3:20:00 PM",2025,,cluster 14,theft/other,393391.9,property|theft/other,"38.9417022317,-77.0762240207",-77.0762240207,3A,4000 - 4099 block of wisconsin avenue nw,3,2,others,property,204,"7/6/2025, 12:30:00 PM",141537.36,001002,2D2,38.9417022317,25101657,"7/6/2025, 3:23:04 PM",6
001002 2,midnight,motor vehicle theft,,precinct 29,"2/3/2024, 2:30:00 PM",2024,,cluster 14,motor vehicle theft,393254.53,property|motor vehicle theft,"38.9400305108,-77.0778067509",-77.0778067509,3A,10 - 99 block of ridge square nw,3,2,others,property,204,"2/1/2024, 12:00:00 PM",141351.9,001002,2D2,38.9400305108,24017347,"2/5/2024, 6:10:34 AM",8
001004 3,midnight,theft/other,,precinct 30,"8/18/2023, 5:00:00 PM",2023,,cluster 11,theft/other,393113.91,property|theft/other,"38.9474950334,-77.0794370733",-77.0794370733,3E,4404 - 4499 block of wisconsin avenue nw,3,2,others,property,202,"8/18/2023, 2:30:00 PM",142180.65,001004,2D1,38.9474950334,23136236,"8/19/2023, 3:08:55 AM",6
001100 4,evening,theft/other,,precinct 32,"1/22/2023, 1:00:00 PM",2023,,cluster 11,theft/other,393070,property|theft/other,"38.9483536271,-77.0799445766",-77.0799445766,3E,4500 - 4537 block of wisconsin avenue nw,3,2,others,property,202,"1/21/2023, 11:25:00 PM",142276,001100,2D1,38.9483536271,23420420,"2/2/2023, 3:22:01 PM",6
000903 1,evening,sex abuse,,precinct 9,"1/7/2023, 6:40:00 PM",2023,,cluster 13,sex abuse,392375,violent|sex abuse,"38.9393936383,-77.087951054",-77.087951054,3E,4400 - 4500 block of massachusetts avenue nw,3,2,others,violent,205,"12/2/2022, 8:00:00 PM",141282,000903,2D2,38.9393936383,23003757,"1/7/2023, 6:43:18 PM",2
001003 1,day,theft f/auto,,precinct 31,"1/24/2023, 8:00:00 AM",2023,,cluster 11,theft f/auto,391897,property|theft f/auto,"38.9496858228,-77.0934780723",-77.0934780723,3E,4700 - 4799 block of brandywine street nw,3,2,others,property,202,"1/23/2023, 11:00:00 PM",142425,001003,2D1,38.9496858228,23420515,"2/7/2023, 1:22:37 PM",7
000904 2,midnight,theft f/auto,,precinct 9,"8/10/2023, 3:30:00 PM",2023,,cluster 13,theft f/auto,391294.36,property|theft f/auto,"38.9390766825,-77.100415324",-77.100415324,3D,5000 - 5099 block of sedgwick street nw,3,2,others,property,205,"8/10/2023, 1:30:00 PM",141247.93,000904,2D2,38.9390766825,23131742,"8/12/2023, 12:11:43 AM",7
000704 1,evening,theft/other,,precinct 28,"6/1/2023, 12:00:00 PM",2023,,cluster 14,theft/other,393563.34,property|theft/other,"38.9293890733,-77.0742336494",-77.0742336494,3A,3701 - 3799 block of massachusetts avenue nw,3,2,others,property,204,"5/1/2023, 8:00:00 AM",140170.35,000704,2D2,38.9293890733,23108470,"7/5/2023, 7:40:26 PM",6
001002 4,day,theft f/auto,,precinct 29,"11/18/2022, 12:25:00 PM",2022,,cluster 14,theft f/auto,393550,property|theft f/auto,"38.9360879986,-77.0743944881",-77.0743944881,3A,3400 - 3499 block of 38th street nw,3,2,others,property,204,"11/18/2022, 12:15:00 PM",140914,001002,2D2,38.9360879986,22168153,"11/18/2022, 1:05:50 PM",7
000704 1,evening,theft/other,,precinct 28,"3/9/2023, 8:45:00 PM",2023,,cluster 14,theft/other,393563,property|theft/other,"38.9293859179,-77.0742375673",-77.0742375673,3A,3701 - 3799 block of massachusetts avenue nw,3,2,others,property,204,"3/9/2023, 1:00:00 PM",140170,000704,2D2,38.9293859179,23037463,"3/9/2023, 10:38:48 PM",6
001004 2,day,theft/other,,precinct 31,"7/24/2023, 7:30:00 AM",2023,,cluster 11,theft/other,392888.77000735,property|theft/other,"38.949988081,-77.0820371299",-77.0820371299,3E,42nd street nw and river road nw,3,2,others,property,202,"7/21/2023, 5:00:00 PM",142457.60000163,001004,2D1,38.949988081,23119857,"7/24/2023, 9:54:11 AM",6
001100 4,evening,theft/other,,precinct 32,"10/29/2022, 4:00:00 PM",2022,,cluster 11,theft/other,393173,property|theft/other,"38.9487868308,-77.0787568455",-77.0787568455,3E,4500 - 4599 block of 40th street nw,3,2,others,property,202,"10/29/2022, 2:53:00 PM",142324,001100,2D1,38.9487868308,22157293,"10/29/2022, 5:46:54 PM",6
001002 4,day,theft/other,,precinct 29,"9/10/2024, 9:10:00 AM",2024,,cluster 14,theft/other,393645.65,property|theft/other,"38.934751414,-77.0732898841",-77.0732898841,3A,3700 - 3749 block of newark street nw,3,2,others,property,204,"9/10/2024, 9:00:00 AM",140765.55,001002,2D2,38.934751414,24139665,"9/10/2024, 11:08:03 AM",6
000902 1,day,theft f/auto,,precinct 8,"3/7/2023, 10:32:00 AM",2023,,cluster 13,theft f/auto,391723,property|theft f/auto,"38.9274787676,-77.09545564",-77.09545564,3D,2600 - 3199 block of chain bridge road nw,3,2,others,property,205,"3/7/2023, 10:30:00 AM",139960,000902,2D2,38.9274787676,23035982,"3/7/2023, 12:56:43 PM",7
001002 2,day,theft f/auto,,precinct 29,"7/30/2026, 8:49:00 AM",2026,,cluster 14,theft f/auto,393391.9,property|theft f/auto,"38.9417022317,-77.0762240207",-77.0762240207,3A,4000 - 4099 block of wisconsin avenue nw,3,2,others,property,204,"7/30/2026, 7:39:00 AM",141537.36,001002,2D2,38.9417022317,26106263,"7/30/2026, 9:34:53 AM",7
001100 4,midnight,theft/other,,precinct 32,"7/8/2024, 2:20:00 PM",2024,,cluster 11,theft/other,393194.51,property|theft/other,"38.9487768183,-77.0785086932",-77.0785086932,3E,4500 - 4599 block of fort drive nw,3,2,others,property,202,"7/8/2024, 2:15:00 PM",142322.87,001100,2D1,38.9487768183,24422610,"7/26/2024, 12:01:35 AM",6
001100 4,day,theft/other,,precinct 32,"12/17/2024, 9:32:00 AM",2024,,cluster 11,theft/other,393173.95,property|theft/other,"38.9487916125,-77.0787458915",-77.0787458915,3E,4500 - 4599 block of 40th street nw,3,2,others,property,202,"12/17/2024, 9:15:00 AM",142324.53,001100,2D1,38.9487916125,24194922,"12/17/2024, 9:57:12 AM",6
000803 2,day,theft/other,,precinct 10,"2/21/2025, 12:08:00 PM",2025,,cluster 14,theft/other,392544.93,property|theft/other,"38.9337607693,-77.0859841914",-77.0859841914,3B,3300 - 3399 block of new mexico avenue nw,3,2,others,property,205,"2/21/2025, 12:05:00 PM",140656.54,000803,2D2,38.9337607693,25025407,"2/21/2025, 1:13:27 PM",6
001003 1,day,theft f/auto,,precinct 31,"5/16/2023, 12:00:00 PM",2023,,cluster 11,theft f/auto,391717.08,property|theft f/auto,"38.9488010639,-77.0955524856",-77.0955524856,3E,4800 - 4899 block of butterworth place nw,3,2,others,property,202,"5/16/2023, 10:00:00 AM",142326.97,001003,2D1,38.9488010639,23116212,"7/18/2023, 1:12:47 PM",7
000904 2,day,motor vehicle theft,,precinct 9,"5/20/2026, 4:00:00 AM",2026,,cluster 13,motor vehicle theft,391512.03,property|motor vehicle theft,"38.9449231162,-77.0979126346",-77.0979126346,3D,4900 - 4999 block of warren street nw,3,2,others,property,205,"5/19/2026, 7:30:00 PM",141896.7,000904,2D2,38.9449231162,26068225,"5/20/2026, 9:08:04 AM",8
000703 2,evening,theft f/auto,,precinct 28,"2/6/2024, 11:30:00 AM",2024,,cluster 14,theft f/auto,392884.2,property|theft f/auto,"38.9268926783,-77.082063263",-77.082063263,3B,2800 - 2899 block of new mexico avenue nw,3,2,others,property,204,"2/6/2024, 9:00:00 AM",139893.81,000703,2D2,38.9268926783,24018982,"2/6/2024, 7:14:47 PM",7
000600 4,day,theft f/auto,,precinct 27,"7/14/2025, 10:58:00 AM",2025,,cluster 15,theft f/auto,394049.47,property|theft f/auto,"38.9377416627,-77.0686351773",-77.0686351773,3A,3600 - 3699 block of 35th street nw,3,2,others,property,203,"7/13/2025, 10:57:00 AM",141097.18,000600,2D1,38.9377416627,25106131,"7/14/2025, 11:18:42 AM",7
001200 4,evening,motor vehicle theft,,precinct 33,"12/29/2023, 5:30:00 PM",2023,,cluster 11,motor vehicle theft,393227.28,property|motor vehicle theft,"38.9451386287,-77.0781266684",-77.0781266684,3E,4300 - 4326 block of wisconsin avenue nw,3,2,others,property,202,"12/29/2023, 5:24:00 PM",141918.97,001200,2D1,38.9451386287,23210752,"12/29/2023, 7:50:19 PM",8
000704 1,evening,robbery,,precinct 28,"3/5/2023, 7:15:00 PM",2023,,cluster 14,robbery,393681,violent|robbery,"38.9304407462,-77.0728777576",-77.0728777576,3A,3000 - 3199 block of wisconsin avenue nw,3,2,others,violent,204,"3/5/2023, 7:00:00 PM",140287,000704,2D2,38.9304407462,23035147,"3/5/2023, 8:17:52 PM",4
000904 2,midnight,theft f/auto,,precinct 9,"5/25/2023, 1:00:00 PM",2023,,cluster 13,theft f/auto,391342,property|theft f/auto,"38.9422036588,-77.0998701999",-77.0998701999,3D,5000 - 5101 block of upton street nw,3,2,others,property,205,"5/25/2023, 11:00:00 AM",141595,000904,2D2,38.9422036588,23085532,"5/31/2023, 6:28:45 AM",7
000600 4,evening,theft/other,,precinct 29,"12/20/2024, 6:00:00 PM",2024,,cluster 15,theft/other,393528.27,property|theft/other,"38.938840593,-77.0746480046",-77.0746480046,3A,3700 - 3899 block of wisconsin avenue nw,3,2,others,property,203,"12/20/2024, 12:00:00 PM",141219.58,000600,2D1,38.938840593,24425527,"12/30/2024, 5:02:49 PM",6
001002 2,evening,theft f/auto,,precinct 30,"2/25/2023, 4:00:00 AM",2023,,cluster 11,theft f/auto,393103,property|theft f/auto,"38.9453451225,-77.0795605303",-77.0795605303,3A,4300 - 4399 block of nebraska avenue nw,3,2,others,property,202,"2/25/2023, 3:00:00 AM",141942,001002,2D1,38.9453451225,23420990,"2/25/2023, 7:52:31 PM",7
001200 4,evening,theft f/auto,,precinct 33,"10/24/2024, 7:05:00 AM",2024,,cluster 11,theft f/auto,393532.3,property|theft f/auto,"38.9443766648,-77.0746073139",-77.0746073139,3E,4212 - 4279 block of 38th street nw,3,2,others,property,202,"10/23/2024, 10:00:00 PM",141834.13,001200,2D1,38.9443766648,24424078,"10/24/2024, 7:00:29 PM",7
001004 2,evening,theft/other,,precinct 31,"7/30/2026, 9:05:00 AM",2026,,cluster 11,theft/other,393070.63,property|theft/other,"38.9483570552,-77.0799373128",-77.0799373128,3E,4500 - 4537 block of wisconsin avenue nw,3,2,others,property,202,"7/30/2026, 8:58:00 AM",142276.38,001004,2D1,38.9483570552,26109018,"8/4/2026, 3:21:27 PM",6
001200 4,day,theft/other,,precinct 33,"4/20/2024, 9:31:00 AM",2024,,cluster 11,theft/other,393227.28,property|theft/other,"38.9451386287,-77.0781266684",-77.0781266684,3E,4300 - 4326 block of wisconsin avenue nw,3,2,others,property,202,"4/20/2024, 9:09:00 AM",141918.97,001200,2D1,38.9451386287,24059096,"4/20/2024, 9:39:27 AM",6
001100 4,day,theft/other,,precinct 32,"3/29/2024, 10:24:00 AM",2024,,cluster 11,theft/other,393173.95,property|theft/other,"38.9487916125,-77.0787458915",-77.0787458915,3E,4500 - 4599 block of 40th street nw,3,2,others,property,202,"3/29/2024, 10:18:00 AM",142324.53,001100,2D1,38.9487916125,24047016,"3/29/2024, 11:01:28 AM",6
000703 2,midnight,theft f/auto,,precinct 28,"4/7/2024, 9:30:00 PM",2024,,cluster 14,theft f/auto,392884.2,property|theft f/auto,"38.9268926783,-77.082063263",-77.082063263,3B,2800 - 2899 block of new mexico avenue nw,3,2,others,property,204,"4/7/2024, 8:00:00 PM",139893.81,000703,2D2,38.9268926783,24052163,"4/8/2024, 1:32:26 AM",7
001002 4,day,theft/other,,precinct 29,"5/19/2026, 1:57:00 PM",2026,,cluster 14,theft/other,393720.86,property|theft/other,"38.9340623694,-77.0724217259",-77.0724217259,3A,3300 - 3399 block of wisconsin avenue nw,3,2,others,property,204,"5/19/2026, 12:15:00 PM",140689,001002,2D2,38.9340623694,26067807,"5/19/2026, 2:10:42 PM",6
001004 3,evening,robbery,,precinct 30,"3/26/2026, 5:05:00 PM",2026,,cluster 11,robbery,393113.91,violent|robbery,"38.9474950334,-77.0794370733",-77.0794370733,3E,4404 - 4499 block of wisconsin avenue nw,3,2,gun,violent,202,"3/26/2026, 4:45:00 PM",142180.65,001004,2D1,38.9474950334,26039640,"3/26/2026, 7:10:13 PM",4
001004 2,day,theft/other,,precinct 31,"10/19/2025, 9:48:00 AM",2025,,cluster 11,theft/other,393039.43,property|theft/other,"38.9492466458,-77.0802982386",-77.0802982386,3E,4530 - 4599 block of wisconsin avenue nw,3,2,others,property,202,"10/19/2025, 9:25:00 AM",142375.16,001004,2D1,38.9492466458,25159184,"10/19/2025, 10:18:20 AM",6
001004 2,evening,theft f/auto,,precinct 31,"12/6/2023, 2:40:00 PM",2023,,cluster 11,theft f/auto,392422.24,property|theft f/auto,"38.9510412107,-77.0874204431",-77.0874204431,3E,4400 - 4499 block of chesapeake street nw,3,2,others,property,202,"12/6/2023, 2:38:00 PM",142574.94,001004,2D1,38.9510412107,23198686,"12/6/2023, 9:27:04 PM",7
001004 3,midnight,theft/other,,precinct 30,"8/13/2024, 6:45:00 AM",2024,,cluster 11,theft/other,393015.6,property|theft/other,"38.9462831846,-77.0805697958",-77.0805697958,3E,4000 - 4199 block of yuma street nw,3,2,others,property,202,"8/13/2024, 6:26:00 AM",142046.21,001004,2D1,38.9462831846,24123857,"8/13/2024, 6:50:08 AM",6
000804 3,evening,theft f/auto,,precinct 10,"12/16/2022, 12:18:00 PM",2022,,cluster 13,theft f/auto,392471,property|theft f/auto,"38.9302690618,-77.0868326223",-77.0868326223,3D,4400 - 4434 block of cathedral avenue nw,3,2,others,property,205,"12/16/2022, 12:17:00 PM",140269,000804,2D2,38.9302690618,22182890,"12/16/2022, 3:23:21 PM",7
001002 2,midnight,theft/other,,precinct 29,"7/27/2025, 11:00:00 PM",2025,,cluster 14,theft/other,393254.53,property|theft/other,"38.9400305108,-77.0778067509",-77.0778067509,3A,10 - 99 block of ridge square nw,3,2,others,property,204,"7/27/2025, 10:40:00 PM",141351.9,001002,2D2,38.9400305108,25113891,"7/27/2025, 11:15:47 PM",6
001002 2,evening,theft/other,,precinct 29,"8/7/2025, 5:45:00 PM",2025,,cluster 14,theft/other,393391.9,property|theft/other,"38.9417022317,-77.0762240207",-77.0762240207,3A,4000 - 4099 block of wisconsin avenue nw,3,2,others,property,204,"8/7/2025, 5:40:00 PM",141537.36,001002,2D2,38.9417022317,25120067,"8/8/2025, 7:08:37 PM",6
000903 2,day,theft f/auto,,precinct 9,"2/8/2025, 9:45:00 AM",2025,,cluster 13,theft f/auto,391611.38,property|theft f/auto,"38.9450422591,-77.096766748",-77.096766748,3D,4300 - 4369 block of 49th street nw,3,2,others,property,205,"2/8/2025, 9:00:00 AM",141909.82,000903,2D2,38.9450422591,25018877,"2/8/2025, 10:29:13 AM",7
001002 4,evening,theft/other,,precinct 29,"4/28/2025, 4:33:00 PM",2025,,cluster 14,theft/other,393645.65,property|theft/other,"38.934751414,-77.0732898841",-77.0732898841,3A,3700 - 3749 block of newark street nw,3,2,others,property,204,"4/28/2025, 4:32:00 PM",140765.55,001002,2D2,38.934751414,25062006,"4/28/2025, 5:09:58 PM",6
001100 4,day,theft/other,,precinct 32,"6/5/2024, 8:20:00 AM",2024,,cluster 11,theft/other,393039.43,property|theft/other,"38.9492466458,-77.0802982386",-77.0802982386,3E,4530 - 4599 block of wisconsin avenue nw,3,2,others,property,202,"6/5/2024, 8:00:00 AM",142375.16,001100,2D1,38.9492466458,24085019,"6/5/2024, 10:05:55 AM",6
001003 2,evening,theft f/auto,,precinct 31,"1/16/2026, 12:46:00 PM",2026,,cluster 11,theft f/auto,391822.85,property|theft f/auto,"38.9515722778,-77.0943359805",-77.0943359805,3E,4700 - 4799 block of 48th street nw,3,2,others,property,202,"1/16/2026, 12:00:00 PM",142634.49,001003,2D1,38.9515722778,26007328,"1/16/2026, 3:07:49 PM",7
001003 3,evening,theft/other,,precinct 30,"1/16/2026, 7:10:00 PM",2026,,cluster 11,theft/other,391696.79,property|theft/other,"38.945126307,-77.0957816153",-77.0957816153,3E,4800 - 4899 block of massachusetts avenue nw,3,2,others,property,202,"1/16/2026, 7:00:00 PM",141919.06,001003,2D1,38.945126307,26007542,"1/16/2026, 9:08:27 PM",6
000804 3,day,motor vehicle theft,,precinct 10,"3/26/2026, 12:00:00 PM",2026,,cluster 13,motor vehicle theft,392689.74,property|motor vehicle theft,"38.9308279824,-77.0843105347",-77.0843105347,3D,3014 - 3099 block of new mexico avenue nw,3,2,others,property,205,"3/22/2026, 5:00:00 PM",140330.84,000804,2D2,38.9308279824,26039470,"3/26/2026, 1:12:08 PM",8
001002 4,evening,theft/other,,precinct 29,"12/2/2024, 8:21:00 PM",2024,,cluster 14,theft/other,393645.65,property|theft/other,"38.934751414,-77.0732898841",-77.0732898841,3A,3700 - 3749 block of newark street nw,3,2,others,property,204,"12/2/2024, 7:46:00 PM",140765.55,001002,2D2,38.934751414,24186965,"12/2/2024, 8:31:46 PM",6
000600 3,day,theft f/auto,,precinct 27,"7/20/2024, 9:30:00 AM",2024,,cluster 15,theft f/auto,393720.86,property|theft f/auto,"38.9340623694,-77.0724217259",-77.0724217259,3A,3300 - 3399 block of wisconsin avenue nw,3,2,others,property,203,"7/19/2024, 8:00:00 PM",140689,000600,2D1,38.9340623694,24111188,"7/20/2024, 1:00:47 PM",7
000804 3,day,theft f/auto,,precinct 10,"4/23/2026, 12:20:00 PM",2026,,cluster 13,theft f/auto,392314.29,property|theft f/auto,"38.9295746061,-77.0886391099",-77.0886391099,3D,3000 - 3011 block of 45th street nw,3,2,others,property,205,"4/23/2026, 12:10:00 PM",140192.06,000804,2D2,38.9295746061,26053916,"4/23/2026, 1:39:39 PM",7
000703 1,day,theft f/auto,,precinct 28,"8/22/2023, 11:00:00 AM",2023,,cluster 14,theft f/auto,393250.96,property|theft f/auto,"38.9303971911,-77.0778374123",-77.0778374123,3A,3000 - 3099 block of idaho avenue nw,3,2,others,property,205,"8/22/2023, 9:30:00 AM",140282.52,000703,2D2,38.9303971911,23138130,"8/22/2023, 12:22:46 PM",7
001100 4,day,theft/other,,precinct 32,"10/4/2025, 1:00:00 PM",2025,,cluster 11,theft/other,393039.43,property|theft/other,"38.9492466458,-77.0802982386",-77.0802982386,3E,4530 - 4599 block of wisconsin avenue nw,3,2,others,property,202,"10/4/2025, 12:12:00 PM",142375.16,001100,2D1,38.9492466458,25151507,"10/4/2025, 1:32:21 PM",6
000703 2,evening,theft/other,,precinct 28,"8/18/2026, 3:46:00 PM",2026,,cluster 14,theft/other,392960.84,property|theft/other,"38.9302858242,-77.0811832718",-77.0811832718,3B,4000 - 4299 block of cathedral avenue nw,3,2,others,property,204,"8/18/2026, 3:42:00 PM",140270.41,000703,2D2,38.9302858242,26116417,"8/18/2026, 5:51:04 PM",6
001002 2,evening,motor vehicle theft,,precinct 30,"1/26/2024, 4:30:00 PM",2024,,cluster 11,motor vehicle theft,393303.37,property|motor vehicle theft,"38.9435542951,-77.0772472157",-77.0772472157,3A,4200 - 4226 block of wisconsin avenue nw,3,2,others,property,202,"1/26/2024, 4:26:00 PM",141743.03,001002,2D1,38.9435542951,24012965,"1/26/2024, 5:37:04 PM",8
001002 2,day,theft/other,,precinct 29,"7/15/2026, 3:10:00 PM",2026,,cluster 14,theft/other,393455.55,property|theft/other,"38.9403667792,-77.0754884077",-77.0754884077,3A,3901 - 3999 block of wisconsin avenue nw,3,2,others,property,204,"7/14/2026, 9:00:00 PM",141389.06,001002,2D2,38.9403667792,26422717,"7/16/2026, 1:01:10 PM",6
001002 2,evening,theft/other,,precinct 29,"12/22/2025, 6:25:00 PM",2025,,cluster 14,theft/other,393391.9,property|theft/other,"38.9417022317,-77.0762240207",-77.0762240207,3A,4000 - 4099 block of wisconsin avenue nw,3,2,others,property,204,"12/22/2025, 5:41:00 PM",141537.36,001002,2D2,38.9417022317,25191913,"12/22/2025, 7:08:27 PM",6
000904 2,evening,motor vehicle theft,,precinct 9,"1/1/2025, 2:38:00 PM",2025,,cluster 13,motor vehicle theft,391231.94,property|motor vehicle theft,"38.9471237896,-77.1011467252",-77.1011467252,3D,5100 - 5139 block of yuma street nw,3,2,others,property,205,"1/1/2025, 12:34:00 PM",142141.3,000904,2D2,38.9471237896,25000285,"1/1/2025, 3:06:07 PM",8
001100 4,evening,theft/other,,precinct 32,"11/17/2025, 4:32:00 PM",2025,,cluster 11,theft/other,393039.43,property|theft/other,"38.9492466458,-77.0802982386",-77.0802982386,3E,4530 - 4599 block of wisconsin avenue nw,3,2,others,property,202,"11/17/2025, 4:30:00 PM",142375.16,001100,2D1,38.9492466458,25174887,"11/17/2025, 6:54:40 PM",6
001002 4,midnight,theft/other,,precinct 29,"5/10/2026, 9:36:00 PM",2026,,cluster 14,theft/other,393645.65,property|theft/other,"38.934751414,-77.0732898841",-77.0732898841,3A,3700 - 3749 block of newark street nw,3,2,others,property,204,"5/10/2026, 9:30:00 PM",140765.55,001002,2D2,38.934751414,26063167,"5/11/2026, 1:44:55 AM",6
000903 1,evening,assault w/dangerous weapon,,precinct 30,"5/1/2026, 3:33:00 PM",2026,,cluster 11,assault w/dangerous weapon,392228.43000674,violent|assault w/dangerous weapon,"38.9406448662,-77.0896432488",-77.0896432488,3E,45th street nw and massachusetts avenue nw,3,2,others,violent,205,"5/1/2026, 2:31:00 PM",141421.04000067,000903,2D2,38.9406448662,26058168,"5/1/2026, 4:25:00 PM",3
001100 4,evening,theft/other,,precinct 32,"7/24/2025, 9:24:00 PM",2025,,cluster 11,theft/other,393039.43,property|theft/other,"38.9492466458,-77.0802982386",-77.0802982386,3E,4530 - 4599 block of wisconsin avenue nw,3,2,others,property,202,"7/24/2025, 8:58:00 PM",142375.16,001100,2D1,38.9492466458,25112195,"7/24/2025, 9:26:55 PM",6
001100 4,evening,theft/other,,precinct 32,"4/4/2023, 5:28:00 PM",2023,,cluster 11,theft/other,393173,property|theft/other,"38.9487868308,-77.0787568455",-77.0787568455,3E,4500 - 4599 block of 40th street nw,3,2,others,property,202,"4/4/2023, 4:28:00 PM",142324,001100,2D1,38.9487868308,23052082,"4/4/2023, 7:27:36 PM",6
001002 2,evening,theft/other,,precinct 29,"9/26/2025, 2:27:00 PM",2025,,cluster 14,theft/other,393254.53,property|theft/other,"38.9400305108,-77.0778067509",-77.0778067509,3A,10 - 99 block of ridge square nw,3,2,others,property,204,"9/26/2025, 11:56:00 AM",141351.9,001002,2D2,38.9400305108,25147149,"9/26/2025, 3:38:37 PM",6
001004 2,day,theft/other,,precinct 31,"2/10/2024, 11:00:00 AM",2024,,cluster 11,theft/other,393070.63,property|theft/other,"38.9483570552,-77.0799373128",-77.0799373128,3E,4500 - 4537 block of wisconsin avenue nw,3,2,others,property,202,"1/26/2024, 4:10:00 PM",142276.38,001004,2D1,38.9483570552,24033945,"3/5/2024, 12:18:01 PM",6
001002 2,evening,theft/other,,precinct 29,"8/27/2025, 4:00:00 PM",2025,,cluster 14,theft/other,393254.53,property|theft/other,"38.9400305108,-77.0778067509",-77.0778067509,3A,10 - 99 block of ridge square nw,3,2,others,property,204,"8/27/2025, 10:00:00 AM",141351.9,001002,2D2,38.9400305108,25133515,"9/1/2025, 4:23:37 PM",6
000703 2,evening,theft f/auto,,precinct 28,"8/10/2026, 4:09:00 PM",2026,,cluster 14,theft f/auto,393245.04,property|theft f/auto,"38.9290989586,-77.0779042699",-77.0779042699,3B,3900 - 3999 block of cathedral avenue nw,3,2,others,property,204,"8/10/2026, 12:45:00 PM",140138.41,000703,2D2,38.9290989586,26112163,"8/10/2026, 6:45:17 PM",7
001002 4,midnight,theft/other,,precinct 29,"1/8/2025, 9:59:00 PM",2025,,cluster 14,theft/other,393645.65,property|theft/other,"38.934751414,-77.0732898841",-77.0732898841,3A,3700 - 3749 block of newark street nw,3,2,others,property,204,"1/8/2025, 4:00:00 PM",140765.55,001002,2D2,38.934751414,25003628,"1/8/2025, 11:25:53 PM",6
001200 4,day,theft f/auto,,precinct 33,"8/15/2024, 9:00:00 AM",2024,,cluster 11,theft f/auto,393449.88,property|theft f/auto,"38.9422190208,-77.0755557725",-77.0755557725,3A,3800 - 3899 block of upton street nw,3,2,others,property,202,"8/14/2024, 9:00:00 PM",141594.68,001200,2D1,38.9422190208,24125645,"8/16/2024, 1:04:51 PM",7
000803 1,midnight,robbery,,precinct 10,"7/28/2023, 2:40:00 AM",2023,,cluster 14,robbery,392461.63,violent|robbery,"38.9366885655,-77.0869485154",-77.0869485154,3E,3500 - 3599 block of nebraska avenue nw,3,2,others,violent,205,"7/28/2023, 12:30:00 AM",140981.63,000803,2D2,38.9366885655,23122335,"7/28/2023, 4:05:58 AM",4
001200 4,day,theft f/auto,,precinct 33,"8/13/2026, 7:30:00 AM",2026,,cluster 11,theft f/auto,393784.55,property|theft f/auto,"38.9455295638,-77.0716986756",-77.0716986756,3F,3600 - 3699 block of windom place nw,3,2,others,property,202,"8/12/2026, 11:00:00 PM",141961.91,001200,2D1,38.9455295638,26423294,"8/27/2026, 12:31:05 PM",7
001003 1,day,theft f/auto,,precinct 31,"9/9/2023, 12:35:00 PM",2023,,cluster 11,theft f/auto,391897.01,property|theft f/auto,"38.9488006701,-77.0934767962",-77.0934767962,3E,4700 - 4799 block of butterworth place nw,3,2,others,property,202,"9/9/2023, 12:34:00 PM",142326.74,001003,2D1,38.9488006701,23148932,"9/9/2023, 1:19:59 PM",7
000704 1,midnight,theft/other,,precinct 28,"12/8/2023, 4:58:00 AM",2023,,cluster 14,theft/other,393681.01,property|theft/other,"38.9304475926,-77.0728776493",-77.0728776493,3A,3000 - 3199 block of wisconsin avenue nw,3,2,others,property,204,"12/8/2023, 4:55:00 AM",140287.76,000704,2D2,38.9304475926,23199576,"12/8/2023, 5:15:44 AM",6
000904 2,evening,assault w/dangerous weapon,,precinct 9,"2/7/2026, 7:00:00 PM",2026,,cluster 13,assault w/dangerous weapon,391384.61,violent|assault w/dangerous weapon,"38.9460880874,-77.0993841075",-77.0993841075,3D,5100 - 5199 block of yuma court nw,3,2,knife,violent,205,"2/7/2026, 3:35:00 PM",142026.16,000904,2D2,38.9460880874,26017002,"2/7/2026, 4:53:31 PM",3
001003 3,day,theft f/auto,,precinct 30,"12/16/2024, 12:07:00 PM",2024,,cluster 11,theft f/auto,391696.79,property|theft f/auto,"38.945126307,-77.0957816153",-77.0957816153,3E,4800 - 4899 block of massachusetts avenue nw,3,2,others,property,202,"12/16/2024, 12:00:00 PM",141919.06,001003,2D1,38.945126307,24194459,"12/16/2024, 12:56:42 PM",7
001004 2,day,theft/other,,precinct 31,"7/16/2023, 6:38:00 PM",2023,,cluster 11,theft/other,393070.63,property|theft/other,"38.9483570552,-77.0799373128",-77.0799373128,3E,4500 - 4537 block of wisconsin avenue nw,3,2,others,property,202,"7/16/2023, 6:35:00 PM",142276.38,001004,2D1,38.9483570552,23115672,"7/17/2023, 11:22:59 AM",6
001002 2,evening,theft/other,,precinct 29,"11/24/2023, 7:45:00 PM",2023,,cluster 14,theft/other,393292.65,property|theft/other,"38.9362926319,-77.0773629933",-77.0773629933,3A,3500 - 3599 block of 39th street nw,3,2,others,property,204,"11/24/2023, 7:01:00 PM",140936.93,001002,2D2,38.9362926319,23425326,"12/4/2023, 6:03:19 PM",6
001100 4,evening,theft/other,,precinct 32,"6/20/2025, 8:57:00 PM",2025,,cluster 11,theft/other,393194.51,property|theft/other,"38.9487768183,-77.0785086932",-77.0785086932,3E,4500 - 4599 block of fort drive nw,3,2,others,property,202,"6/20/2025, 8:55:00 PM",142322.87,001100,2D1,38.9487768183,25092591,"6/20/2025, 9:02:00 PM",6
001002 4,evening,theft/other,,precinct 29,"1/28/2024, 2:12:00 PM",2024,,cluster 14,theft/other,393720.86,property|theft/other,"38.9340623694,-77.0724217259",-77.0724217259,3A,3300 - 3399 block of wisconsin avenue nw,3,2,others,property,204,"1/28/2024, 2:11:00 PM",140689,001002,2D2,38.9340623694,24018406,"2/5/2024, 4:15:48 PM",6
001004 2,day,theft/other,,precinct 31,"7/9/2023, 11:35:00 AM",2023,,cluster 11,theft/other,393070.63,property|theft/other,"38.9483570552,-77.0799373128",-77.0799373128,3E,4500 - 4537 block of wisconsin avenue nw,3,2,others,property,202,"7/9/2023, 11:33:00 AM",142276.38,001004,2D1,38.9483570552,23110777,"7/9/2023, 1:06:25 PM",6
001200 3,evening,theft/other,,precinct 33,"9/23/2024, 11:10:00 PM",2024,,cluster 11,theft/other,393427.46,property|theft/other,"38.9462783452,-77.0758187049",-77.0758187049,3E,3800 - 3899 block of yuma street nw,3,2,others,property,202,"9/20/2024, 4:15:00 PM",142045.32,001200,2D1,38.9462783452,24423697,"10/12/2024, 3:20:35 PM",6
001004 3,day,theft f/auto,,precinct 30,"5/23/2025, 12:33:00 PM",2025,,cluster 11,theft f/auto,392272.8,property|theft f/auto,"38.9410757636,-77.0891319898",-77.0891319898,3E,3800 - 3899 block of 45th street nw,3,2,others,property,202,"5/23/2025, 12:02:00 PM",141468.83,001004,2D1,38.9410757636,25076591,"5/23/2025, 12:50:01 PM",7
000703 2,day,theft f/auto,,precinct 28,"7/24/2026, 11:08:00 AM",2026,,cluster 14,theft f/auto,392960.84,property|theft f/auto,"38.9302858242,-77.0811832718",-77.0811832718,3B,4000 - 4299 block of cathedral avenue nw,3,2,others,property,204,"7/24/2026, 11:06:00 AM",140270.41,000703,2D2,38.9302858242,26103168,"7/24/2026, 12:28:52 PM",7
001003 1,day,theft f/auto,,precinct 31,"6/28/2024, 10:00:00 AM",2024,,cluster 11,theft f/auto,392058.84,property|theft f/auto,"38.9496918048,-77.0916110559",-77.0916110559,3E,4600 - 4699 block of brandywine street nw,3,2,others,property,202,"6/27/2024, 9:00:00 PM",142425.5,001003,2D1,38.9496918048,24098624,"6/28/2024, 10:28:41 AM",7
001100 4,day,theft/other,,precinct 32,"7/28/2024, 11:13:00 AM",2024,,cluster 11,theft/other,393039.43,property|theft/other,"38.9492466458,-77.0802982386",-77.0802982386,3E,4530 - 4599 block of wisconsin avenue nw,3,,others,property,,"7/28/2024, 9:44:00 AM",142375.16,001100,,38.9492466458,24115502,"7/28/2024, 2:57:36 PM",6
001004 2,day,theft/other,,precinct 31,,2023,,cluster 11,theft/other,393070.63,property|theft/other,"38.9483570552,-77.0799373128",-77.0799373128,3E,4500 - 4537 block of wisconsin avenue nw,3,2,others,property,202,"7/27/2023, 12:10:00 PM",142276.38,001004,2D1,38.9483570552,23121912,"7/27/2023, 12:32:50 PM",6
000804 3,day,theft f/auto,,precinct 10,"7/28/2023, 1:35:00 PM",2023,,cluster 13,theft f/auto,392471.72,property|theft f/auto,"38.9275278403,-77.0868209807",-77.0868209807,3D,4400 - 4428 block of garfield street nw,3,2,others,property,205,"7/28/2023, 1:30:00 PM",139964.7,000804,2D2,38.9275278403,23125015,"8/1/2023, 12:34:19 PM",7
001002 2,evening,theft f/auto,,precinct 29,"5/27/2026, 6:00:00 AM",2026,,cluster 14,theft f/auto,393455.55,property|theft f/auto,"38.9403667792,-77.0754884077",-77.0754884077,3A,3901 - 3999 block of wisconsin avenue nw,3,2,others,property,204,"5/26/2026, 8:30:00 PM",141389.06,001002,2D2,38.9403667792,26072630,"5/28/2026, 7:27:31 PM",7
001100 4,evening,theft/other,,precinct 32,"11/26/2024, 4:31:00 PM",2024,,cluster 11,theft/other,393173.95,property|theft/other,"38.9487916125,-77.0787458915",-77.0787458915,3E,4500 - 4599 block of 40th street nw,3,2,others,property,202,"11/26/2024, 3:59:00 PM",142324.53,001100,2D1,38.9487916125,24183944,"11/26/2024, 5:44:22 PM",6
001004 2,evening,theft/other,,precinct 31,"8/9/2024, 3:38:00 PM",2024,,cluster 11,theft/other,393070.63,property|theft/other,"38.9483570552,-77.0799373128",-77.0799373128,3E,4500 - 4537 block of wisconsin avenue nw,3,2,others,property,202,"8/9/2024, 3:34:00 PM",142276.38,001004,2D1,38.9483570552,24122099,"8/9/2024, 5:28:48 PM",6
001100 4,evening,theft/other,,precinct 32,,2024,,cluster 11,theft/other,393173.95,property|theft/other,"38.9487916125,-77.0787458915",-77.0787458915,3E,4500 - 4599 block of 40th street nw,3,2,others,property,202,"12/5/2024, 4:26:00 PM",142324.53,001100,2D1,38.9487916125,24188530,"12/5/2024, 4:55:39 PM",6
000904 2,evening,theft f/auto,,precinct 9,"8/31/2023, 6:05:00 PM",2023,,cluster 13,theft f/auto,391236.69,property|theft f/auto,"38.9448047465,-77.1010886415",-77.1010886415,3D,5100 - 5115 block of 52nd street nw,3,2,others,property,205,"8/31/2023, 6:04:00 PM",141883.86,000904,2D2,38.9448047465,23143618,"8/31/2023, 6:24:22 PM",7
001100 4,evening,theft/other,,precinct 32,"5/31/2023, 8:00:00 PM",2023,,cluster 11,theft/other,393039,property|theft/other,"38.949245201,-77.0803031975",-77.0803031975,3E,4530 - 4599 block of wisconsin avenue nw,3,2,others,property,202,"5/31/2023, 7:55:00 PM",142375,001100,2D1,38.949245201,23086390,"5/31/2023, 8:26:31 PM",6
000904 1,evening,theft/other,,precinct 8,"10/23/2023, 3:34:00 PM",2023,,cluster 13,theft/other,391025.27,property|theft/other,"38.9349365569,-77.1035131366",-77.1035131366,3D,5000 - 5099 block of glenbrook terrace nw,3,2,others,property,205,"10/23/2023, 3:33:00 PM",140788.64,000904,2D2,38.9349365569,23174681,"10/23/2023, 4:17:57 PM",6
000904 2,evening,theft f/auto,,precinct 9,"12/15/2023, 6:08:00 PM",2023,,cluster 13,theft f/auto,391294.36,property|theft f/auto,"38.9390766825,-77.100415324",-77.100415324,3D,5000 - 5099 block of sedgwick street nw,3,2,others,property,205,"12/15/2023, 3:40:00 PM",141247.93,000904,2D2,38.9390766825,23203642,"12/15/2023, 8:36:18 PM",7
001002 2,evening,motor vehicle theft,,precinct 30,"12/2/2024, 4:23:00 PM",2024,,cluster 11,motor vehicle theft,393227.28,property|motor vehicle theft,"38.9451386287,-77.0781266684",-77.0781266684,3A,4300 - 4326 block of wisconsin avenue nw,3,2,others,property,202,"12/2/2024, 6:50:00 AM",141918.97,001002,2D1,38.9451386287,24186802,"12/2/2024, 4:36:33 PM",8
001004 3,day,theft f/auto,,precinct 30,"9/20/2025, 1:12:00 PM",2025,,cluster 11,theft f/auto,393015.6,property|theft f/auto,"38.9462831846,-77.0805697958",-77.0805697958,3E,4000 - 4199 block of yuma street nw,3,2,others,property,202,"9/20/2025, 12:34:00 PM",142046.21,001004,2D1,38.9462831846,25143971,"9/20/2025, 1:12:01 PM",7
001100 4,evening,theft/other,,precinct 32,"10/20/2025, 3:44:00 PM",2025,,cluster 11,theft/other,393039.43,property|theft/other,"38.9492466458,-77.0802982386",-77.0802982386,3E,4530 - 4599 block of wisconsin avenue nw,3,2,others,property,202,"10/18/2025, 3:40:00 PM",142375.16,001100,2D1,38.9492466458,25159828,"10/20/2025, 4:55:42 PM",6
001100 4,day,theft/other,,precinct 32,,2025,,cluster 11,theft/other,393194.51,property|theft/other,"38.9487768183,-77.0785086932",-77.0785086932,3E,4500 - 4599 block of fort drive nw,3,2,others,property,202,"8/25/2025, 12:00:00 AM",142322.87,001100,2D1,38.9487768183,25130623,"8/27/2025, 9:26:32 AM",6
001200 4,day,theft f/auto,,precinct 33,"11/6/2024, 7:30:00 AM",2024,,cluster 11,theft f/auto,393627.41,property|theft f/auto,"38.9431643046,-77.0735089345",-77.0735089345,3A,3700 - 3799 block of van ness street nw,3,2,others,property,202,"11/4/2024, 10:30:00 AM",141699.47,001200,2D1,38.9431643046,24172509,"11/6/2024, 8:53:24 AM",7
000703 1,evening,theft/other,,precinct 28,"12/11/2022, 2:15:00 AM",2022,,cluster 14,theft/other,393250,property|theft/other,"38.9303924994,-77.0778484789",-77.0778484789,3A,3000 - 3099 block of idaho avenue nw,3,2,others,property,205,"12/11/2022, 2:13:00 AM",140282,000703,2D2,38.9303924994,22180751,"12/12/2022, 4:38:29 PM",6
000600 3,day,theft/other,,precinct 27,"6/10/2023, 2:00:00 PM",2023,,cluster 15,theft/other,393777,property|theft/other,"38.9318106936,-77.0717719572",-77.0717719572,3A,3600 - 3699 block of woodley road nw,3,2,others,property,204,"6/9/2023, 3:15:00 PM",140439,000600,2D2,38.9318106936,23092962,"6/10/2023, 2:26:01 PM",6
001004 2,evening,theft/other,,precinct 31,"3/23/2023, 2:30:00 PM",2023,,cluster 11,theft/other,393070,property|theft/other,"38.9483536271,-77.0799445766",-77.0799445766,3E,4500 - 4537 block of wisconsin avenue nw,3,2,others,property,202,"3/23/2023, 2:12:00 PM",142276,001004,2D1,38.9483536271,23045078,"3/23/2023, 3:39:59 PM",6
001002 2,day,theft/other,,precinct 29,,2024,,cluster 14,theft/other,393391.9,property|theft/other,"38.9417022317,-77.0762240207",-77.0762240207,3A,4000 - 4099 block of wisconsin avenue nw,3,2,others,property,204,"2/8/2024, 12:00:00 AM",141537.36,001002,2D2,38.9417022317,24020519,"2/9/2024, 2:56:24 PM",6
001100 4,evening,theft/other,,precinct 32,"11/27/2025, 3:35:00 PM",2025,,cluster 11,theft/other,393039.43,property|theft/other,"38.9492466458,-77.0802982386",-77.0802982386,3E,4530 - 4599 block of wisconsin avenue nw,3,2,others,property,202,"11/27/2025, 3:30:00 PM",142375.16,001100,2D1,38.9492466458,25180018,"11/27/2025, 4:12:02 PM",6
001100 4,evening,theft f/auto,,precinct 32,"2/6/2024, 2:02:00 PM",2024,,cluster 11,theft f/auto,393038.5,property|theft f/auto,"38.9514156497,-77.0803114109",-77.0803114109,3E,4700 - 4799 block of 41st street nw,3,2,others,property,202,"2/6/2024, 2:00:00 PM",142615.94,001100,2D1,38.9514156497,24018955,"2/6/2024, 3:39:57 PM",7
001100 4,midnight,theft f/auto,,precinct 32,"7/20/2023, 12:15:00 PM",2023,,cluster 11,theft f/auto,393106.17,property|theft f/auto,"38.9507238979,-77.0795299633",-77.0795299633,3E,4000 - 4099 block of chesapeake street nw,3,2,others,property,202,"7/20/2023, 12:13:00 PM",142539.09,001100,2D1,38.9507238979,23117540,"7/21/2023, 6:56:13 AM",7
001004 3,evening,theft/other,,precinct 30,"3/15/2026, 5:00:00 PM",2026,,cluster 11,theft/other,393015.6,property|theft/other,"38.9462831846,-77.0805697958",-77.0805697958,3E,4000 - 4199 block of yuma street nw,3,2,others,property,202,"3/11/2026, 9:00:00 AM",142046.21,001004,2D1,38.9462831846,26062966,"5/10/2026, 5:32:29 PM",6
000803 2,day,theft/other,,precinct 10,"1/16/2025, 2:58:00 PM",2025,,cluster 14,theft/other,392544.93,property|theft/other,"38.9337607693,-77.0859841914",-77.0859841914,3B,3300 - 3399 block of new mexico avenue nw,3,2,others,property,205,"1/16/2025, 2:56:00 PM",140656.54,000803,2D2,38.9337607693,25008379,"1/18/2025, 1:15:14 PM",6
001004 2,evening,theft/other,,precinct 31,"1/1/2025, 7:58:00 PM",2025,,cluster 11,theft/other,393070.63,property|theft/other,"38.9483570552,-77.0799373128",-77.0799373128,3E,4500 - 4537 block of wisconsin avenue nw,3,2,others,property,202,"1/1/2025, 7:36:00 PM",142276.38,001004,2D1,38.9483570552,25000439,"1/1/2025, 7:58:24 PM",6
000803 3,day,theft f/auto,,precinct 10,"9/23/2024, 10:00:00 AM",2024,,cluster 14,theft f/auto,392960.84,property|theft f/auto,"38.9302858242,-77.0811832718",-77.0811832718,3B,4000 - 4299 block of cathedral avenue nw,3,2,others,property,205,"9/21/2024, 10:00:00 PM",140270.41,000803,2D2,38.9302858242,24147150,"9/23/2024, 10:55:36 AM",7
001100 4,midnight,theft/other,,precinct 32,"7/13/2025, 2:27:00 AM",2025,,cluster 11,theft/other,393173.95,property|theft/other,"38.9487916125,-77.0787458915",-77.0787458915,3E,4500 - 4599 block of 40th street nw,3,2,others,property,202,"7/13/2025, 2:24:00 AM",142324.53,001100,2D1,38.9487916125,25105452,"7/13/2025, 3:15:20 AM",6
000704 1,day,theft f/auto,,precinct 28,"11/2/2024, 9:37:00 AM",2024,,cluster 14,theft f/auto,393705.62,property|theft f/auto,"38.932208262,-77.0725956118",-77.0725956118,3A,3200 - 3218 block of wisconsin avenue nw,3,2,others,property,204,"10/31/2024, 9:00:00 PM",140483.19,000704,2D2,38.932208262,24170371,"11/2/2024, 9:40:10 AM",7
001004 2,evening,theft/other,,precinct 31,"9/6/2025, 7:39:00 PM",2025,,cluster 11,theft/other,393070.63,property|theft/other,"38.9483570552,-77.0799373128",-77.0799373128,3E,4500 - 4537 block of wisconsin avenue nw,3,2,others,property,202,"9/6/2025, 6:48:00 PM",142276.38,001004,2D1,38.9483570552,25136489,"9/6/2025, 8:02:14 PM",6
000703 2,evening,motor vehicle theft,,precinct 28,"5/12/2025, 5:00:00 PM",2025,,cluster 14,motor vehicle theft,393245.04,property|motor vehicle theft,"38.9290989586,-77.0779042699",-77.0779042699,3B,3900 - 3999 block of cathedral avenue nw,3,2,others,property,204,"5/9/2025, 7:00:00 AM",140138.41,000703,2D2,38.9290989586,25070409,"5/12/2025, 7:07:50 PM",8
001002 4,day,theft/other,,precinct 29,"6/23/2025, 8:43:00 AM",2025,,cluster 14,theft/other,393645.65,property|theft/other,"38.934751414,-77.0732898841",-77.0732898841,3A,3700 - 3749 block of newark street nw,3,2,others,property,204,"6/23/2025, 8:37:00 AM",140765.55,001002,2D2,38.934751414,25093933,"6/23/2025, 9:50:28 AM",6
000600 4,evening,theft f/auto,,precinct 27,"5/27/2026, 10:03:00 PM",2026,,cluster 15,theft f/auto,393854.28,property|theft f/auto,"38.9350911596,-77.070883922",-77.070883922,3C,3400 - 3420 block of 36th street nw,3,2,others,property,203,"5/27/2026, 10:01:00 PM",140803.1,000600,2D1,38.9350911596,26072212,"5/27/2026, 10:57:03 PM",7
001003 3,midnight,theft f/auto,,precinct 30,"7/8/2024, 7:30:00 PM",2024,,cluster 11,theft f/auto,391696.79,property|theft f/auto,"38.945126307,-77.0957816153",-77.0957816153,3E,4800 - 4899 block of massachusetts avenue nw,3,2,others,property,202,"7/8/2024, 5:12:00 PM",141919.06,001003,2D1,38.945126307,24104727,"7/9/2024, 5:08:05 AM",7
001200 4,day,theft f/auto,,precinct 33,"10/30/2023, 1:07:00 PM",2023,,cluster 11,theft f/auto,393322.25,property|theft f/auto,"38.9459059603,-77.0770319714",-77.0770319714,3E,4341 - 4399 block of 39th street nw,3,2,others,property,202,"10/30/2023, 7:00:00 AM",142004.07,001200,2D1,38.9459059603,23182906,"11/7/2023, 1:22:14 PM",7
001002 4,day,theft/other,,precinct 29,"2/25/2026, 12:24:00 PM",2026,,cluster 14,theft/other,393645.65,property|theft/other,"38.934751414,-77.0732898841",-77.0732898841,3A,3700 - 3749 block of newark street nw,3,2,others,property,204,"2/25/2026, 11:07:00 AM",140765.55,001002,2D2,38.934751414,26025126,"2/25/2026, 2:48:00 PM",6
001003 1,evening,theft f/auto,,precinct 31,"9/4/2026, 7:00:00 PM",2026,,cluster 11,theft f/auto,392146.01,property|theft f/auto,"38.9507025957,-77.0906067271",-77.0906067271,3E,4614 - 4699 block of 46th street nw,3,2,others,property,202,"9/3/2026, 8:00:00 PM",142537.62,001003,2D1,38.9507025957,26127451,"9/7/2026, 8:21:05 PM",7
001100 4,day,theft/other,,precinct 32,"1/16/2026, 11:05:00 AM",2026,,cluster 11,theft/other,393173.95,property|theft/other,"38.9487916125,-77.0787458915",-77.0787458915,3E,4500 - 4599 block of 40th street nw,3,2,others,property,202,"1/16/2026, 10:37:00 AM",142324.53,001100,2D1,38.9487916125,26007235,"1/16/2026, 11:10:28 AM",6
001004 2,midnight,theft/other,,precinct 31,"6/26/2023, 9:04:00 AM",2023,,cluster 11,theft/other,393070,property|theft/other,"38.9483536271,-77.0799445766",-77.0799445766,3E,4500 - 4537 block of wisconsin avenue nw,3,2,others,property,202,"6/26/2023, 8:15:00 AM",142276,001004,2D1,38.9483536271,23103160,"6/27/2023, 3:02:58 AM",6
000803 2,day,theft f/auto,,precinct 10,"11/10/2024, 12:00:00 PM",2024,,cluster 14,theft f/auto,392614.38,property|theft f/auto,"38.9323475032,-77.0851814906",-77.0851814906,3B,3101 - 3199 block of new mexico avenue nw,3,,others,property,205,"11/1/2024, 11:00:00 AM",140499.59,000803,2D2,38.9323475032,24174764,"11/10/2024, 8:38:00 AM",7
001100 4,evening,sex abuse,,precinct 32,"1/13/2023, 11:57:00 AM",2023,,cluster 11,sex abuse,393070,violent|sex abuse,"38.9483536271,-77.0799445766",-77.0799445766,3E,4500 - 4537 block of wisconsin avenue nw,3,2,others,violent,202,"1/13/2023, 11:55:00 AM",142276,001100,2D1,38.9483536271,23006831,"1/13/2023, 4:37:46 PM",2
000904 1,day,theft f/auto,,precinct 8,"1/13/2023, 3:21:00 PM",2023,,cluster 13,theft f/auto,391033,property|theft f/auto,"38.9339309497,-77.1034225213",-77.1034225213,3D,5029 - 5056 block of macomb street nw,3,2,others,property,205,"1/13/2023, 2:15:00 PM",140677,000904,2D2,38.9339309497,23007777,"1/15/2023, 9:30:43 AM",7
001100 4,evening,theft/other,,precinct 32,"4/15/2026, 5:30:00 PM",2026,,cluster 11,theft/other,393194.51,property|theft/other,"38.9487768183,-77.0785086932",-77.0785086932,3E,4500 - 4599 block of fort drive nw,3,2,others,property,202,"4/15/2026, 4:49:00 PM",142322.87,001100,2D1,38.9487768183,26050050,"4/16/2026, 5:01:25 PM",6
000600 4,midnight,burglary,,precinct 29,"11/27/2022, 10:00:00 PM",2022,,cluster 15,burglary,393875,property|burglary,"38.9422069536,-77.0706519914",-77.0706519914,3A,3600 - 3699 block of upton street nw,3,2,others,property,203,"11/20/2022, 8:00:00 PM",141593,000600,2D1,38.9422069536,22172853,"11/27/2022, 11:20:25 PM",5
001100 4,day,theft/other,,precinct 32,"7/4/2026, 2:25:00 PM",2026,,cluster 11,theft/other,393070.63,property|theft/other,"38.9483570552,-77.0799373128",-77.0799373128,3E,4500 - 4537 block of wisconsin avenue nw,3,2,others,property,202,"7/4/2026, 1:37:00 PM",142276.38,001100,2D1,38.9483570552,26092489,"7/4/2026, 2:25:12 PM",6
001002 2,evening,theft/other,,precinct 29,"8/25/2025, 5:30:00 PM",2025,,cluster 14,theft/other,393254.53,property|theft/other,"38.9400305108,-77.0778067509",-77.0778067509,3A,10 - 99 block of ridge square nw,3,2,others,property,204,"8/25/2025, 4:45:00 PM",141351.9,001002,2D2,38.9400305108,25133041,"8/31/2025, 4:28:33 PM",6
000704 1,day,theft/other,,precinct 28,"10/14/2022, 3:00:00 PM",2022,,cluster 14,theft/other,393716,property|theft/other,"38.9330083636,-77.0724767083",-77.0724767083,3A,3201 - 3299 block of wisconsin avenue nw,3,2,others,property,204,"10/14/2022, 3:00:00 PM",140572,000704,2D2,38.9330083636,22423446,"10/17/2022, 9:42:38 AM",6
001002 4,evening,theft/other,,precinct 29,"11/19/2024, 3:10:00 PM",2024,,cluster 14,theft/other,393558.37,property|theft/other,"38.9370775311,-77.0742989795",-77.0742989795,3A,3800 - 3814 block of porter street nw,3,2,others,property,204,"11/19/2024, 1:10:00 PM",141023.84,001002,2D2,38.9370775311,24424791,"11/20/2024, 6:40:53 PM",6
001004 2,day,theft/other,,precinct 31,"7/10/2026, 12:20:00 PM",2026,,cluster 11,theft/other,393070.63,property|theft/other,"38.9483570552,-77.0799373128",-77.0799373128,3E,4500 - 4537 block of wisconsin avenue nw,3,2,others,property,202,"7/10/2026, 11:43:00 AM",142276.38,001004,2D1,38.9483570552,26095820,"7/10/2026, 12:20:50 PM",6
001100 4,evening,robbery,,precinct 32,"2/27/2026, 6:15:00 PM",2026,,cluster 11,robbery,393133.31,violent|robbery,"38.9479036205,-77.0792137313",-77.0792137313,3E,4000 - 4099 block of albemarle street nw,3,2,others,violent,202,"2/27/2026, 6:10:00 PM",142225.99,001100,2D1,38.9479036205,26026347,"2/27/2026, 7:23:26 PM",4
001100 4,midnight,theft/other,,precinct 32,"5/21/2025, 5:50:00 AM",2025,,cluster 11,theft/other,393173.95,property|theft/other,"38.9487916125,-77.0787458915",-77.0787458915,3E,4500 - 4599 block of 40th street nw,3,2,others,property,202,"5/21/2025, 5:45:00 AM",142324.53,001100,2D1,38.9487916125,25075289,"5/21/2025, 6:40:45 AM",6
001002 4,day,theft/other,,precinct 29,"10/17/2023, 11:15:00 PM",2023,,cluster 14,theft/other,393697.56,property|theft/other,"38.9350777081,-77.0726914964",-77.0726914964,3A,3400 - 3421 block of wisconsin avenue nw,3,2,others,property,204,"10/17/2023, 8:00:00 PM",140801.73,001002,2D2,38.9350777081,23176179,"10/26/2023, 1:56:19 PM",6
001100 4,evening,theft/other,,precinct 32,"4/29/2024, 7:35:00 PM",2024,,cluster 11,theft/other,393039.43,property|theft/other,"38.9492466458,-77.0802982386",-77.0802982386,3E,4530 - 4599 block of wisconsin avenue nw,3,2,others,property,202,"4/29/2024, 7:05:00 PM",142375.16,001100,2D1,38.9492466458,24064216,"4/29/2024, 7:36:23 PM",6
001002 1,evening,theft f/auto,,precinct 10,"12/1/2023, 1:20:00 PM",2023,,cluster 14,theft f/auto,392798.58,property|theft f/auto,"38.9358388469,-77.0830611003",-77.0830611003,3A,4200 - 4349 block of massachusetts avenue nw,3,2,others,property,204,"12/1/2023, 1:20:00 PM",140886.99,001002,2D2,38.9358388469,23425319,"12/4/2023, 5:43:12 PM",7
001004 2,day,theft/other,,precinct 31,,2026,,cluster 11,theft/other,393070.63,property|theft/other,"38.9483570552,-77.0799373128",-77.0799373128,3E,4500 - 4537 block of wisconsin avenue nw,3,2,others,property,202,"5/25/2026, 10:56:00 AM",142276.38,001004,2D1,38.9483570552,26070766,"5/25/2026, 11:30:02 AM",6
001100 4,day,theft/other,,precinct 32,"7/31/2025, 9:15:00 AM",2025,,cluster 11,theft/other,393039.43,property|theft/other,"38.9492466458,-77.0802982386",-77.0802982386,3E,4530 - 4599 block of wisconsin avenue nw,3,2,others,property,202,"7/31/2025, 9:12:00 AM",142375.16,001100,2D1,38.9492466458,25115845,"7/31/2025, 9:40:41 AM",6
001002 4,evening,theft/other,,precinct 29,"9/5/2024, 5:45:00 PM",2024,,cluster 14,theft/other,393645.65,property|theft/other,"38.934751414,-77.0732898841",-77.0732898841,3A,3700 - 3749 block of newark street nw,3,2,others,property,204,"9/5/2024, 5:02:00 PM",140765.55,001002,2D2,38.934751414,24137153,"9/5/2024, 6:00:51 PM",6
001004 2,midnight,theft/other,,precinct 31,"5/2/2024, 8:04:00 PM",2024,,cluster 11,theft/other,393070.63,property|theft/other,"38.9483570552,-77.0799373128",-77.0799373128,3E,4500 - 4537 block of wisconsin avenue nw,3,2,others,property,202,"5/2/2024, 8:01:00 PM",142276.38,001004,2D1,38.9483570552,24421683,"5/15/2024, 12:42:04 AM",6
000600 3,day,theft/other,,precinct 27,"3/5/2024, 10:17:00 PM",2024,,cluster 15,theft/other,393716.95,property|theft/other,"38.9330137754,-77.072465757",-77.072465757,3A,3201 - 3299 block of wisconsin avenue nw,3,2,others,property,204,"3/5/2024, 9:21:00 PM",140572.6,000600,2D2,38.9330137754,24034981,"3/7/2024, 10:31:21 AM",6
000600 4,day,motor vehicle theft,,precinct 29,"8/13/2025, 3:45:00 AM",2025,,cluster 15,motor vehicle theft,393455.55,property|motor vehicle theft,"38.9403667792,-77.0754884077",-77.0754884077,3A,3901 - 3999 block of wisconsin avenue nw,3,2,others,property,203,"8/13/2025, 12:15:00 AM",141389.06,000600,2D1,38.9403667792,25123240,"8/13/2025, 12:29:55 PM",8
001002 4,evening,theft/other,,precinct 29,"2/15/2024, 7:23:00 PM",2024,,cluster 14,theft/other,393645.65,property|theft/other,"38.934751414,-77.0732898841",-77.0732898841,3A,3700 - 3749 block of newark street nw,3,2,others,property,204,"2/15/2024, 6:47:00 PM",140765.55,001002,2D2,38.934751414,24024045,"2/15/2024, 7:55:56 PM",6
001003 3,day,theft f/auto,,precinct 30,"10/25/2022, 8:30:00 AM",2022,,cluster 11,theft f/auto,392058,property|theft f/auto,"38.9479036553,-77.0916184481",-77.0916184481,3E,4600 - 4699 block of albemarle street nw,3,2,others,property,202,"10/24/2022, 3:30:00 PM",142227,001003,2D1,38.9479036553,22155029,"10/25/2022, 11:51:18 AM",7
001004 2,evening,theft f/auto,,precinct 31,"12/19/2022, 11:45:00 AM",2022,,cluster 11,theft f/auto,392944,property|theft f/auto,"38.9510280807,-77.0814011687",-77.0814011687,3E,4100 - 4199 block of chesapeake street nw,3,2,others,property,202,"12/19/2022, 11:00:00 AM",142573,001004,2D1,38.9510280807,22184540,"12/19/2022, 7:15:35 PM",7
000904 1,evening,theft f/auto,,precinct 8,,2023,,cluster 13,theft f/auto,391278,property|theft f/auto,"38.9302670379,-77.1005915991",-77.1005915991,3D,4900 - 5027 block of cathedral avenue nw,3,2,others,property,205,"1/3/2022, 4:18:00 AM",140270,000904,2D2,38.9302670379,23002056,"1/4/2023, 4:26:38 PM",7
000703 2,evening,theft f/auto,,precinct 28,"4/27/2023, 9:00:00 AM",2023,,cluster 14,theft f/auto,393225,property|theft f/auto,"38.9269781584,-77.0781330653",-77.0781330653,3B,3900 - 3979 block of watson place nw,3,2,others,property,204,"4/26/2023, 7:00:00 PM",139903,000703,2D2,38.9269781584,23065574,"4/27/2023, 6:16:03 PM",7
000804 3,day,theft f/auto,,precinct 10,"2/6/2023, 11:00:00 AM",2023,,cluster 13,theft f/auto,392733,property|theft f/auto,"38.9293704372,-77.0838098961",-77.0838098961,3D,3000 - 3099 block of 43rd street nw,3,2,others,property,205,"2/6/2023, 10:00:00 AM",140169,000804,2D2,38.9293704372,23022440,"2/10/2023, 2:33:18 PM",7
001002 2,day,theft/other,,precinct 29,"12/15/2022, 12:40:00 PM",2022,,cluster 14,theft/other,393431,property|theft/other,"38.9408795279,-77.0757721301",-77.0757721301,3A,3900 - 4099 block of wisconsin avenue nw,3,2,others,property,204,"12/15/2022, 10:40:00 AM",141446,001002,2D2,38.9408795279,22424353,"12/16/2022, 10:42:29 AM",6
001100 4,midnight,theft/other,,precinct 32,"10/13/2022, 11:31:00 PM",2022,,cluster 11,theft/other,393173,property|theft/other,"38.9487868308,-77.0787568455",-77.0787568455,3E,4500 - 4599 block of 40th street nw,3,2,others,property,202,"10/13/2022, 11:29:00 PM",142324,001100,2D1,38.9487868308,22148903,"10/14/2022, 12:15:09 AM",6
001002 3,day,theft f/auto,,precinct 29,"8/15/2023, 12:30:00 PM",2023,,cluster 14,theft f/auto,393411.39,property|theft f/auto,"38.9383795808,-77.0759956628",-77.0759956628,3A,3600 - 3699 block of 38th street nw,3,2,others,property,204,"8/15/2023, 12:15:00 PM",141168.5,001002,2D2,38.9383795808,23133982,"8/15/2023, 1:52:17 PM",7
000903 2,day,theft f/auto,,precinct 9,"10/23/2023, 6:35:00 PM",2023,,cluster 13,theft f/auto,391696.79,property|theft f/auto,"38.945126307,-77.0957816153",-77.0957816153,3D,4800 - 4899 block of massachusetts avenue nw,3,2,others,property,205,"10/22/2023, 6:30:00 PM",141919.06,000903,2D2,38.945126307,23174445,"10/23/2023, 8:39:05 AM",7
000903 2,day,theft f/auto,,precinct 9,"2/25/2023, 11:45:00 AM",2023,,cluster 13,theft f/auto,392078,property|theft f/auto,"38.9342562836,-77.0913702368",-77.0913702368,3D,4600 - 4809 block of rockwood parkway nw,3,2,others,property,205,"2/24/2023, 10:00:00 PM",140712,000903,2D2,38.9342562836,23030496,"2/25/2023, 12:01:29 PM",7
000804 3,evening,theft f/auto,,precinct 10,"6/21/2023, 12:00:00 PM",2023,,cluster 13,theft f/auto,392789,property|theft f/auto,"38.927569237,-77.0831619504",-77.0831619504,3D,4200 - 4299 block of garfield street nw,3,2,others,property,205,"6/21/2023, 9:30:00 AM",139969,000804,2D2,38.927569237,23099881,"6/21/2023, 3:42:11 PM",7
001100 4,evening,theft/other,,precinct 32,"1/31/2023, 10:00:00 AM",2023,,cluster 11,theft/other,393039,property|theft/other,"38.949245201,-77.0803031975",-77.0803031975,3E,4530 - 4599 block of wisconsin avenue nw,3,2,others,property,202,"1/31/2023, 9:30:00 AM",142375,001100,2D1,38.949245201,23016779,"1/31/2023, 4:46:15 PM",6
000903 1,day,theft f/auto,,precinct 9,"12/23/2022, 6:00:00 PM",2022,,cluster 13,theft f/auto,392393,property|theft f/auto,"38.935772461,-77.0877389754",-77.0877389754,3E,nebraska avenue nw and new mexico avenue nw,3,2,others,property,205,"12/23/2022, 11:30:00 AM",140880,000903,2D2,38.935772461,22187560,"12/26/2022, 8:57:51 AM",7
001002 2,day,robbery,,precinct 29,"9/16/2023, 8:31:00 AM",2023,,cluster 14,robbery,393254.53,violent|robbery,"38.9400305108,-77.0778067509",-77.0778067509,3A,10 - 99 block of ridge square nw,3,2,others,violent,204,"9/16/2023, 7:25:00 AM",141351.9,001002,2D2,38.9400305108,23153032,"9/16/2023, 9:18:58 AM",4
000904 2,day,theft f/auto,,precinct 9,"8/22/2023, 1:50:00 PM",2023,,cluster 13,theft f/auto,391194.34,property|theft f/auto,"38.9422097581,-77.1015734702",-77.1015734702,3D,5100 - 5199 block of upton street nw,3,2,others,property,205,"8/22/2023, 1:45:00 PM",141595.84,000904,2D2,38.9422097581,23138187,"8/22/2023, 2:34:12 PM",7
000804 3,day,theft f/auto,,precinct 10,"9/15/2023, 11:27:00 AM",2023,,cluster 13,theft f/auto,392209.53,property|theft f/auto,"38.9324149022,-77.0898508839",-77.0898508839,3D,4500 - 4599 block of lowell street nw,3,2,others,property,205,"8/23/2023, 11:25:00 AM",140507.46,000804,2D2,38.9324149022,23152487,"9/15/2023, 11:44:16 AM",7
000703 1,evening,theft f/auto,,precinct 28,"2/1/2023, 1:00:00 PM",2023,,cluster 14,theft f/auto,392960,property|theft f/auto,"38.9302821241,-77.0811929554",-77.0811929554,3A,4000 - 4299 block of cathedral avenue nw,3,2,others,property,205,"2/1/2023, 10:00:00 AM",140270,000703,2D2,38.9302821241,23017332,"2/1/2023, 5:36:10 PM",7
001002 1,day,theft/other,,precinct 10,"9/17/2023, 10:40:00 AM",2023,,cluster 14,theft/other,392798.58,property|theft/other,"38.9358388469,-77.0830611003",-77.0830611003,3A,4200 - 4349 block of massachusetts avenue nw,3,2,others,property,204,"9/17/2023, 10:28:00 AM",140886.99,001002,2D2,38.9358388469,23153581,"9/17/2023, 11:37:57 AM",6
001200 3,day,theft f/auto,,precinct 33,"6/29/2023, 11:00:00 AM",2023,,cluster 11,theft f/auto,393322,property|theft f/auto,"38.9466800397,-77.0770356918",-77.0770356918,3E,4400 - 4415 block of 39th street nw,3,2,others,property,202,"6/29/2023, 10:45:00 AM",142090,001200,2D1,38.9466800397,23104669,"6/29/2023, 11:59:03 AM",7
000803 3,day,theft f/auto,,precinct 10,"7/6/2023, 12:15:00 PM",2023,,cluster 14,theft f/auto,392960.84,property|theft f/auto,"38.9302858242,-77.0811832718",-77.0811832718,3B,4000 - 4299 block of cathedral avenue nw,3,2,others,property,205,"7/6/2023, 11:40:00 AM",140270.41,000803,2D2,38.9302858242,23108980,"7/6/2023, 1:06:45 PM",7
001002 2,day,motor vehicle theft,,precinct 29,"10/10/2023, 9:57:00 AM",2023,,cluster 14,motor vehicle theft,393292.65,property|motor vehicle theft,"38.9362926319,-77.0773629933",-77.0773629933,3A,3500 - 3599 block of 39th street nw,3,,others,property,,"10/10/2023, 7:55:00 AM",140936.93,001002,,38.9362926319,23167108,"10/10/2023, 2:54:05 PM",8
001002 3,day,theft f/auto,,precinct 29,"7/3/2024, 6:30:00 AM",2024,,cluster 14,theft f/auto,393411.39,property|theft f/auto,"38.9383795808,-77.0759956628",-77.0759956628,3A,3600 - 3699 block of 38th street nw,3,2,others,property,204,"7/2/2024, 10:00:00 PM",141168.5,001002,2D2,38.9383795808,24101443,"7/3/2024, 8:41:40 AM",7
000903 2,day,theft f/auto,,precinct 9,"8/16/2023, 3:40:00 PM",2023,,cluster 13,theft f/auto,391535.99,property|theft f/auto,"38.9337319912,-77.0976209202",-77.0976209202,3D,4830 - 4960 block of rockwood parkway nw,3,2,others,property,205,"8/16/2023, 2:30:00 PM",140654.36,000903,2D2,38.9337319912,23135196,"8/17/2023, 9:18:11 AM",7
001100 4,evening,theft/other,,precinct 32,"4/19/2023, 4:10:00 PM",2023,,cluster 11,theft/other,393039,property|theft/other,"38.949245201,-77.0803031975",-77.0803031975,3E,4530 - 4599 block of wisconsin avenue nw,3,2,others,property,202,"4/12/2023, 3:56:00 PM",142375,001100,2D1,38.949245201,23056838,"4/12/2023, 4:50:02 PM",6
000904 2,day,theft f/auto,,precinct 9,"4/12/2023, 3:30:00 PM",2023,,cluster 13,theft f/auto,391243,property|theft f/auto,"38.9439232592,-77.1010146038",-77.1010146038,3D,5018 - 5099 block of warren street nw,3,2,others,property,205,"4/12/2023, 11:00:00 AM",141786,000904,2D2,38.9439232592,23057896,"4/14/2023, 10:34:49 AM",7
001002 4,evening,robbery,,precinct 29,"9/30/2023, 8:00:00 PM",2023,,cluster 14,robbery,393720.86,violent|robbery,"38.9340623694,-77.0724217259",-77.0724217259,3A,3300 - 3399 block of wisconsin avenue nw,3,2,others,violent,204,"9/30/2023, 7:00:00 PM",140689,001002,2D2,38.9340623694,23161546,"9/30/2023, 8:53:27 PM",4
000703 2,day,theft/other,,precinct 28,"12/22/2022, 10:00:00 AM",2023,,cluster 14,theft/other,392884,property|theft/other,"38.9268853799,-77.0820655611",-77.0820655611,3B,2800 - 2899 block of new mexico avenue nw,3,2,others,property,204,"12/22/2022, 10:00:00 AM",139893,000703,2D2,38.9268853799,23420224,"1/11/2023, 10:02:59 AM",6
000804 3,day,theft f/auto,,precinct 10,"4/23/2024, 11:30:00 AM",2024,,cluster 13,theft f/auto,392524.58,property|theft f/auto,"38.9318810146,-77.0862166283",-77.0862166283,3D,3100 - 3199 block of 44th street nw,3,2,others,property,205,"4/23/2024, 11:15:00 AM",140447.89,000804,2D2,38.9318810146,24060680,"4/23/2024, 12:38:25 PM",7
000903 2,evening,theft/other,,precinct 9,"6/19/2023, 5:50:00 PM",2023,,cluster 13,theft/other,391696.79,property|theft/other,"38.945126307,-77.0957816153",-77.0957816153,3D,4800 - 4899 block of massachusetts avenue nw,3,2,others,property,205,"6/19/2023, 5:30:00 PM",141919.06,000903,2D2,38.945126307,23098702,"6/19/2023, 6:33:23 PM",6
001004 2,evening,theft/other,,precinct 31,"9/18/2023, 4:30:00 PM",2023,,cluster 11,theft/other,393070.63,property|theft/other,"38.9483570552,-77.0799373128",-77.0799373128,3E,4500 - 4537 block of wisconsin avenue nw,3,2,others,property,202,"9/18/2023, 3:48:00 PM",142276.38,001004,2D1,38.9483570552,23154256,"9/18/2023, 6:18:20 PM",6
001100 4,evening,theft/other,,precinct 32,"4/1/2024, 5:10:00 PM",2024,,cluster 11,theft/other,393039.43,property|theft/other,"38.9492466458,-77.0802982386",-77.0802982386,3E,4530 - 4599 block of wisconsin avenue nw,3,,others,property,,"4/1/2024, 4:44:00 PM",142375.16,001100,,38.9492466458,24048765,"4/1/2024, 5:58:08 PM",6
000704 1,midnight,theft f/auto,,precinct 28,"2/13/2024, 1:47:00 PM",2024,,cluster 14,theft f/auto,393574.79,property|theft f/auto,"38.9327442999,-77.0741050841",-77.0741050841,3A,3200 - 3299 block of 38th street nw,3,2,others,property,204,"2/13/2024, 10:00:00 AM",140542.8,000704,2D2,38.9327442999,24022780,"2/14/2024, 5:39:34 AM",7
000803 2,evening,theft/other,,precinct 10,"7/30/2024, 5:58:00 PM",2024,,cluster 14,theft/other,392544.93,property|theft/other,"38.9337607693,-77.0859841914",-77.0859841914,3B,3300 - 3399 block of new mexico avenue nw,3,2,others,property,205,"7/30/2024, 3:56:00 PM",140656.54,000803,2D2,38.9337607693,24116816,"7/30/2024, 10:45:48 PM",6
001002 4,day,theft/other,,precinct 29,"12/6/2023, 11:52:00 AM",2023,,cluster 14,theft/other,393720.86,property|theft/other,"38.9340623694,-77.0724217259",-77.0724217259,3A,3300 - 3399 block of wisconsin avenue nw,3,2,gun,property,204,"12/6/2023, 11:45:00 AM",140689,001002,2D2,38.9340623694,23198594,"12/6/2023, 1:13:30 PM",6
000903 2,midnight,burglary,,precinct 9,"8/6/2024, 12:45:00 AM",2024,,cluster 13,burglary,391696.79,property|burglary,"38.945126307,-77.0957816153",-77.0957816153,3D,4800 - 4899 block of massachusetts avenue nw,3,2,others,property,205,"8/6/2024, 12:20:00 AM",141919.06,000903,2D2,38.945126307,24120260,"8/6/2024, 2:22:04 AM",5
001002 4,day,theft/other,,precinct 29,"1/16/2025, 1:02:00 PM",2025,,cluster 14,theft/other,393645.65,property|theft/other,"38.934751414,-77.0732898841",-77.0732898841,3A,3700 - 3749 block of newark street nw,3,2,others,property,204,"1/16/2025, 12:59:00 PM",140765.55,001002,2D2,38.934751414,25007378,"1/16/2025, 1:47:51 PM",6
001003 2,evening,theft f/auto,,precinct 31,"4/13/2024, 3:30:00 PM",2024,,cluster 11,theft f/auto,391717.52,property|theft f/auto,"38.9515718315,-77.0955511237",-77.0955511237,3E,4700 - 4799 block of asbury place nw,3,2,others,property,202,"4/13/2024, 2:30:00 AM",142634.55,001003,2D1,38.9515718315,24055456,"4/13/2024, 3:33:32 PM",7
000904 1,evening,theft f/auto,,precinct 8,"11/8/2023, 4:45:00 PM",2023,,cluster 13,theft f/auto,391442.84,property|theft f/auto,"38.932623879,-77.0986937461",-77.0986937461,3D,4900 - 4999 block of lowell street nw,3,2,others,property,205,"11/8/2023, 4:15:00 PM",140531.45,000904,2D2,38.932623879,23183759,"11/8/2023, 5:07:44 PM",7
001002 2,day,theft/other,,precinct 29,"11/5/2024, 2:35:00 PM",2024,,cluster 14,theft/other,393254.53,property|theft/other,"38.9400305108,-77.0778067509",-77.0778067509,3A,10 - 99 block of ridge square nw,3,,others,property,204,"11/5/2024, 1:26:00 PM",141351.9,001002,2D2,38.9400305108,24172176,"11/5/2024, 2:43:47 PM",6
000903 2,day,theft/other,,precinct 9,"9/28/2024, 7:00:00 PM",2024,,cluster 13,theft/other,391696.79,property|theft/other,"38.945126307,-77.0957816153",-77.0957816153,3D,4800 - 4899 block of massachusetts avenue nw,3,2,others,property,205,"9/28/2024, 6:17:00 PM",141919.06,000903,2D2,38.945126307,24150748,"9/29/2024, 10:57:27 AM",6
001004 3,evening,theft f/auto,,precinct 30,"10/30/2024, 5:30:00 PM",2024,,cluster 11,theft f/auto,392353.54,property|theft f/auto,"38.9431628787,-77.088203249",-77.088203249,3E,4481 - 4504 block of van ness street nw,3,2,others,property,202,"10/30/2024, 4:00:00 PM",141700.44,001004,2D1,38.9431628787,24170001,"11/1/2024, 7:10:19 PM",7
001002 4,evening,theft/other,,precinct 29,"12/17/2023, 6:13:00 PM",2023,,cluster 14,theft/other,393645.65,property|theft/other,"38.934751414,-77.0732898841",-77.0732898841,3A,3700 - 3749 block of newark street nw,3,2,others,property,204,"12/17/2023, 6:05:00 PM",140765.55,001002,2D2,38.934751414,23204799,"12/17/2023, 7:25:30 PM",6
001100 4,day,theft/other,,precinct 32,,2024,,cluster 11,theft/other,393039.43,property|theft/other,"38.9492466458,-77.0802982386",-77.0802982386,3E,4530 - 4599 block of wisconsin avenue nw,3,2,others,property,202,"10/15/2024, 9:51:00 AM",142375.16,001100,2D1,38.9492466458,24159803,"10/15/2024, 10:52:47 AM",6
000904 2,evening,theft f/auto,,precinct 9,"9/13/2023, 8:40:00 PM",2023,,cluster 13,theft f/auto,391126.13,property|theft f/auto,"38.9406735198,-77.1023580687",-77.1023580687,3D,3900 - 4050 block of 52nd street nw,3,2,others,property,205,"9/13/2023, 8:30:00 PM",141425.38,000904,2D2,38.9406735198,23151564,"9/13/2023, 8:40:09 PM",7
000903 2,evening,theft f/auto,,precinct 9,"1/20/2025, 1:00:00 PM",2025,,cluster 13,theft f/auto,391696.79,property|theft f/auto,"38.945126307,-77.0957816153",-77.0957816153,3D,4800 - 4899 block of massachusetts avenue nw,3,2,others,property,205,"1/20/2025, 12:00:00 PM",141919.06,000903,2D2,38.945126307,25009340,"1/20/2025, 4:12:09 PM",7
000704 1,day,theft/other,,precinct 28,"1/31/2024, 4:00:00 AM",2024,,cluster 14,theft/other,393705.62,property|theft/other,"38.932208262,-77.0725956118",-77.0725956118,3A,3200 - 3218 block of wisconsin avenue nw,3,2,others,property,204,"1/31/2024, 3:51:00 AM",140483.19,000704,2D2,38.932208262,24015573,"1/31/2024, 1:03:17 PM",6
000903 2,day,theft f/auto,,precinct 9,"4/15/2024, 9:15:00 AM",2024,,cluster 13,theft f/auto,392079.2,property|theft f/auto,"38.9419019008,-77.0913661937",-77.0913661937,3D,4600 - 4633 block of massachusetts avenue nw,3,2,others,property,205,"4/11/2024, 5:00:00 PM",141560.73,000903,2D2,38.9419019008,24056414,"4/15/2024, 2:06:22 PM",7
001100 4,evening,theft/other,,precinct 32,"11/11/2024, 5:20:00 PM",2024,,cluster 11,theft/other,393173.95,property|theft/other,"38.9487916125,-77.0787458915",-77.0787458915,3E,4500 - 4599 block of 40th street nw,3,2,others,property,202,"11/11/2024, 5:15:00 PM",142324.53,001100,2D1,38.9487916125,24175519,"11/11/2024, 6:31:55 PM",6
000904 1,evening,theft f/auto,,precinct 8,"4/4/2025, 5:36:00 PM",2025,,cluster 13,theft f/auto,391442.84,property|theft f/auto,"38.932623879,-77.0986937461",-77.0986937461,3D,4900 - 4999 block of lowell street nw,3,2,others,property,205,"4/4/2025, 5:33:00 PM",140531.45,000904,2D2,38.932623879,25049028,"4/4/2025, 10:04:01 PM",7
001100 4,evening,theft/other,,precinct 32,"11/10/2024, 3:00:00 PM",2024,,cluster 11,theft/other,393039.43,property|theft/other,"38.9492466458,-77.0802982386",-77.0802982386,3E,4530 - 4599 block of wisconsin avenue nw,3,,others,property,202,"11/10/2024, 2:37:00 PM",142375.16,001100,2D1,38.9492466458,24174940,"11/10/2024, 3:19:45 PM",6
001002 4,day,theft/other,,precinct 29,"11/5/2025, 11:52:00 AM",2025,,cluster 14,theft/other,393645.65,property|theft/other,"38.934751414,-77.0732898841",-77.0732898841,3A,3700 - 3749 block of newark street nw,3,2,others,property,204,"11/5/2025, 11:50:00 AM",140765.55,001002,2D2,38.934751414,25168426,"11/5/2025, 12:32:23 PM",6
000804 3,day,theft/other,,precinct 10,"2/22/2025, 11:28:00 AM",2025,,cluster 13,theft/other,392409.65,property|theft/other,"38.9345558545,-77.0875454407",-77.0875454407,3D,4400 - 4499 block of newark street nw,3,2,others,property,205,"2/22/2025, 11:27:00 AM",140744.93,000804,2D2,38.9345558545,25026842,"2/24/2025, 10:23:43 AM",6
000704 1,day,theft/other,,precinct 28,"12/21/2023, 8:45:00 PM",2024,,cluster 14,theft/other,393705.62,property|theft/other,"38.932208262,-77.0725956118",-77.0725956118,3A,3200 - 3218 block of wisconsin avenue nw,3,2,others,property,204,"12/21/2023, 4:45:00 PM",140483.19,000704,2D2,38.932208262,24420142,"1/24/2024, 7:22:54 AM",6
000703 1,day,theft f/auto,,precinct 28,"4/27/2025, 8:00:00 AM",2025,,cluster 14,theft f/auto,393203.59,property|theft f/auto,"38.9324226132,-77.0783859624",-77.0783859624,3A,3900 - 4099 block of massachusetts avenue nw,3,2,others,property,205,"4/26/2025, 2:00:00 PM",140507.4,000703,2D2,38.9324226132,25061244,"4/27/2025, 11:03:39 AM",7
001100 4,evening,theft/other,,precinct 32,"9/6/2024, 5:33:00 PM",2024,,cluster 11,theft/other,393173.95,property|theft/other,"38.9487916125,-77.0787458915",-77.0787458915,3E,4500 - 4599 block of 40th street nw,3,2,others,property,202,"9/6/2024, 4:50:00 PM",142324.53,001100,2D1,38.9487916125,24137681,"9/6/2024, 8:47:38 PM",6
001004 2,midnight,assault w/dangerous weapon,,precinct 31,"5/8/2025, 12:20:00 AM",2025,,cluster 11,assault w/dangerous weapon,393070.63,violent|assault w/dangerous weapon,"38.9483570552,-77.0799373128",-77.0799373128,3E,4500 - 4537 block of wisconsin avenue nw,3,2,others,violent,202,"5/7/2025, 11:00:00 PM",142276.38,001004,2D1,38.9483570552,25067616,"5/8/2025, 1:05:11 AM",3
001100 4,evening,theft/other,,precinct 32,"10/7/2024, 4:50:00 PM",2024,,cluster 11,theft/other,393173.95,property|theft/other,"38.9487916125,-77.0787458915",-77.0787458915,3E,4500 - 4599 block of 40th street nw,3,2,others,property,202,"10/7/2024, 4:45:00 PM",142324.53,001100,2D1,38.9487916125,24155528,"10/7/2024, 9:30:04 PM",6
001100 4,midnight,theft/other,,precinct 32,"7/6/2025, 10:27:00 PM",2025,,cluster 11,theft/other,393039.43,property|theft/other,"38.9492466458,-77.0802982386",-77.0802982386,3E,4530 - 4599 block of wisconsin avenue nw,3,2,others,property,202,"7/6/2025, 10:04:00 PM",142375.16,001100,2D1,38.9492466458,25101869,"7/7/2025, 12:04:18 AM",6
001004 2,evening,theft/other,,precinct 31,"6/26/2024, 3:55:00 PM",2024,,cluster 11,theft/other,393070.63,property|theft/other,"38.9483570552,-77.0799373128",-77.0799373128,3E,4500 - 4537 block of wisconsin avenue nw,3,2,others,property,202,"6/26/2024, 3:40:00 PM",142276.38,001004,2D1,38.9483570552,24097606,"6/26/2024, 5:17:01 PM",6
001002 4,evening,theft/other,,precinct 29,"1/21/2026, 4:49:00 PM",2026,,cluster 14,theft/other,393645.65,property|theft/other,"38.934751414,-77.0732898841",-77.0732898841,3A,3700 - 3749 block of newark street nw,3,2,others,property,204,"1/21/2026, 4:12:00 PM",140765.55,001002,2D2,38.934751414,26009690,"1/21/2026, 5:07:55 PM",6
001003 3,day,theft f/auto,,precinct 30,"8/7/2025, 2:00:00 PM",2025,,cluster 11,theft f/auto,391821.73,property|theft f/auto,"38.9459121901,-77.0943414104",-77.0943414104,3E,4330 - 4399 block of 48th street nw,3,2,others,property,202,"8/7/2025, 10:00:00 AM",142006.17,001003,2D1,38.9459121901,25121533,"8/10/2025, 1:08:02 PM",7
000804 3,evening,theft f/auto,,precinct 9,"8/24/2025, 12:00:00 PM",2025,,cluster 13,theft f/auto,392356.91,property|theft f/auto,"38.9353079504,-77.0881546625",-77.0881546625,3D,3401 - 3499 block of nebraska avenue nw,3,2,others,property,205,"8/24/2025, 10:00:00 AM",140828.47,000804,2D2,38.9353079504,25130425,"8/26/2025, 8:24:12 PM",7
001200 4,evening,theft f/auto,,precinct 33,"7/27/2025, 12:15:00 PM",2025,,cluster 11,theft f/auto,393627.41,property|theft f/auto,"38.9431643046,-77.0735089345",-77.0735089345,3A,3700 - 3799 block of van ness street nw,3,2,others,property,202,"7/26/2025, 8:15:00 PM",141699.47,001200,2D1,38.9431643046,25114391,"7/28/2025, 8:35:28 PM",7
000902 1,evening,theft/other,,precinct 8,"6/15/2024, 12:00:00 PM",2024,,cluster 13,theft/other,391723.36,property|theft/other,"38.9274848967,-77.0954514965",-77.0954514965,3D,2600 - 3199 block of chain bridge road nw,3,2,others,property,205,"6/3/2024, 1:04:00 PM",139960.68,000902,2D2,38.9274848967,24168373,"10/29/2024, 10:47:56 PM",6
001100 4,evening,theft/other,,precinct 32,"5/12/2024, 3:30:00 PM",2024,,cluster 11,theft/other,393173.95,property|theft/other,"38.9487916125,-77.0787458915",-77.0787458915,3E,4500 - 4599 block of 40th street nw,3,2,others,property,,"5/12/2024, 2:25:00 PM",142324.53,001100,,38.9487916125,24071227,"5/12/2024, 3:28:17 PM",6
001002 2,day,theft/other,,precinct 29,,2025,,cluster 14,theft/other,393391.9,property|theft/other,"38.9417022317,-77.0762240207",-77.0762240207,3A,4000 - 4099 block of wisconsin avenue nw,3,2,others,property,204,"9/28/2025, 12:00:00 AM",141537.36,001002,2D2,38.9417022317,25148215,"9/28/2025, 8:47:17 AM",6
001002 2,day,theft/other,,precinct 29,"12/19/2025, 7:15:00 AM",2025,,cluster 14,theft/other,393254.53,property|theft/other,"38.9400305108,-77.0778067509",-77.0778067509,3A,10 - 99 block of ridge square nw,3,2,others,property,204,"12/19/2025, 6:48:00 AM",141351.9,001002,2D2,38.9400305108,25190211,"12/19/2025, 7:49:29 AM",6
001004 3,day,theft/other,,precinct 30,"5/12/2025, 5:55:00 PM",2025,,cluster 11,theft/other,392990.76,property|theft/other,"38.9479135748,-77.0808581915",-77.0808581915,3E,4100 - 4199 block of albemarle street nw,3,2,others,property,202,"5/12/2025, 8:55:00 AM",142227.22,001004,2D1,38.9479135748,25421777,"5/14/2025, 7:32:44 AM",6
001003 3,day,theft/other,,precinct 30,"10/7/2024, 8:38:00 PM",2024,,cluster 11,theft/other,391696.79,property|theft/other,"38.945126307,-77.0957816153",-77.0957816153,3E,4800 - 4899 block of massachusetts avenue nw,3,2,others,property,202,"9/30/2024, 8:35:00 PM",141919.06,001003,2D1,38.945126307,24156434,"10/9/2024, 9:41:38 AM",6
001002 3,day,theft f/auto,,precinct 29,"2/23/2024, 6:50:00 AM",2024,,cluster 14,theft f/auto,393411.39,property|theft f/auto,"38.9383795808,-77.0759956628",-77.0759956628,3A,3600 - 3699 block of 38th street nw,3,2,others,property,204,"2/22/2024, 9:25:00 PM",141168.5,001002,2D2,38.9383795808,24421410,"4/19/2024, 12:26:58 PM",7
000600 4,day,theft f/auto,,precinct 29,"8/5/2025, 3:00:00 PM",2025,,cluster 15,theft f/auto,393721.25,property|theft f/auto,"38.9377423512,-77.0724209656",-77.0724209656,3A,3600 - 3699 block of 37th street nw,3,2,others,property,203,"8/5/2025, 11:40:00 AM",141097.51,000600,2D1,38.9377423512,25120335,"8/8/2025, 11:53:30 AM",7
000904 2,day,theft f/auto,,precinct 9,"7/15/2025, 10:38:00 AM",2025,,cluster 13,theft f/auto,391587.02,property|theft f/auto,"38.9460519441,-77.0970491269",-77.0970491269,3D,4900 - 4908 block of massachusetts avenue nw,3,2,others,property,205,"7/15/2025, 10:14:00 AM",142021.93,000904,2D2,38.9460519441,25106717,"7/15/2025, 11:45:08 AM",7
001002 4,evening,theft/other,,precinct 29,"10/15/2025, 7:00:00 PM",2025,,cluster 14,theft/other,393645.65,property|theft/other,"38.934751414,-77.0732898841",-77.0732898841,3A,3700 - 3749 block of newark street nw,3,2,others,property,204,"10/15/2025, 6:43:00 PM",140765.55,001002,2D2,38.934751414,25157393,"10/15/2025, 7:07:38 PM",6
001002 2,day,theft/other,,precinct 29,"11/24/2025, 11:37:00 AM",2025,,cluster 14,theft/other,393254.53,property|theft/other,"38.9400305108,-77.0778067509",-77.0778067509,3A,10 - 99 block of ridge square nw,3,2,others,property,204,"11/24/2025, 10:55:00 AM",141351.9,001002,2D2,38.9400305108,25178412,"11/24/2025, 12:13:59 PM",6
000803 2,midnight,theft f/auto,,precinct 10,"1/23/2026, 4:00:00 AM",2026,,cluster 14,theft f/auto,392994.72,property|theft f/auto,"38.9341858788,-77.0807969499",-77.0807969499,3B,4100 - 4199 block of massachusetts avenue nw,3,2,others,property,205,"1/22/2026, 8:00:00 PM",140703.32,000803,2D2,38.9341858788,26010417,"1/23/2026, 6:29:48 AM",7
001002 4,evening,theft/other,,precinct 29,"8/23/2025, 5:20:00 PM",2025,,cluster 14,theft/other,393645.65,property|theft/other,"38.934751414,-77.0732898841",-77.0732898841,3A,3700 - 3749 block of newark street nw,3,2,others,property,204,"8/23/2025, 4:38:00 PM",140765.55,001002,2D2,38.934751414,25128642,"8/23/2025, 5:40:36 PM",6
001100 4,day,theft/other,,precinct 32,"3/5/2025, 7:17:00 AM",2025,,cluster 11,theft/other,393173.95,property|theft/other,"38.9487916125,-77.0787458915",-77.0787458915,3E,4500 - 4599 block of 40th street nw,3,2,others,property,202,"3/5/2025, 6:54:00 AM",142324.53,001100,2D1,38.9487916125,25031716,"3/5/2025, 10:37:59 AM",6
001002 4,midnight,assault w/dangerous weapon,,precinct 29,"10/22/2025, 4:45:00 AM",2025,,cluster 14,assault w/dangerous weapon,393558.37,violent|assault w/dangerous weapon,"38.9370775311,-77.0742989795",-77.0742989795,3A,3800 - 3814 block of porter street nw,3,2,gun,violent,204,"10/22/2025, 3:18:00 AM",141023.84,001002,2D2,38.9370775311,25160657,"10/22/2025, 5:11:18 AM",3
001004 2,day,theft/other,,precinct 31,"2/7/2026, 12:45:00 PM",2026,,cluster 11,theft/other,393070.63,property|theft/other,"38.9483570552,-77.0799373128",-77.0799373128,3E,4500 - 4537 block of wisconsin avenue nw,3,2,others,property,202,"2/7/2026, 12:11:00 PM",142276.38,001004,2D1,38.9483570552,26016920,"2/7/2026, 12:46:33 PM",6
000704 1,evening,theft/other,,precinct 28,"10/7/2022, 11:03:00 AM",2022,,cluster 14,theft/other,393563,property|theft/other,"38.9293859179,-77.0742375673",-77.0742375673,3A,3701 - 3799 block of massachusetts avenue nw,3,2,others,property,204,"10/7/2022, 11:00:00 AM",140170,000704,2D2,38.9293859179,22151425,"10/18/2022, 6:08:34 PM",6
001004 2,evening,theft/other,,precinct 31,,2025,,cluster 11,theft/other,393070.63,property|theft/other,"38.9483570552,-77.0799373128",-77.0799373128,3E,4500 - 4537 block of wisconsin avenue nw,3,2,others,property,202,"3/20/2025, 4:49:00 PM",142276.38,001004,2D1,38.9483570552,25040341,"3/20/2025, 6:35:47 PM",6
001100 4,day,theft/other,,precinct 32,"6/5/2025, 8:02:00 PM",2025,,cluster 11,theft/other,393070.63,property|theft/other,"38.9483570552,-77.0799373128",-77.0799373128,3E,4500 - 4537 block of wisconsin avenue nw,3,2,others,property,202,"6/5/2025, 8:02:00 PM",142276.38,001100,2D1,38.9483570552,25422926,"8/1/2025, 11:01:51 AM",6
001004 2,day,theft/other,,precinct 31,"1/29/2026, 1:04:00 PM",2026,,cluster 11,theft/other,393070.63,property|theft/other,"38.9483570552,-77.0799373128",-77.0799373128,3E,4500 - 4537 block of wisconsin avenue nw,3,2,others,property,202,"1/29/2026, 1:00:00 PM",142276.38,001004,2D1,38.9483570552,26012745,"1/29/2026, 2:34:49 PM",6
001002 2,evening,theft/other,,precinct 29,"12/20/2025, 9:50:00 PM",2026,,cluster 14,theft/other,393391.9,property|theft/other,"38.9417022317,-77.0762240207",-77.0762240207,3A,4000 - 4099 block of wisconsin avenue nw,3,2,others,property,204,"12/20/2025, 9:30:00 PM",141537.36,001002,2D2,38.9417022317,26420387,"1/27/2026, 8:16:04 PM",6
001002 2,evening,theft/other,,precinct 29,"8/17/2026, 8:35:00 AM",2026,,cluster 14,theft/other,393254.53,property|theft/other,"38.9400305108,-77.0778067509",-77.0778067509,3A,10 - 99 block of ridge square nw,3,2,others,property,204,"8/17/2026, 8:05:00 AM",141351.9,001002,2D2,38.9400305108,26115613,"8/18/2026, 4:08:30 PM",6
001004 2,day,theft/other,,precinct 31,"5/8/2023, 8:44:00 AM",2023,,cluster 11,theft/other,393070,property|theft/other,"38.9483536271,-77.0799445766",-77.0799445766,3E,4500 - 4537 block of wisconsin avenue nw,3,2,others,property,202,"5/2/2023, 8:41:00 AM",142276,001004,2D1,38.9483536271,23072022,"5/9/2023, 10:53:52 AM",6
001002 4,evening,theft/other,,precinct 29,"11/8/2022, 9:00:00 PM",2022,,cluster 14,theft/other,393720,property|theft/other,"38.9340623633,-77.0724316449",-77.0724316449,3A,3300 - 3399 block of wisconsin avenue nw,3,2,others,property,204,"11/8/2022, 7:00:00 PM",140689,001002,2D2,38.9340623633,22164780,"11/11/2022, 9:56:28 PM",6
001004 2,day,theft/other,,precinct 31,"4/1/2025, 6:30:00 PM",2025,,cluster 11,theft/other,393039.43,property|theft/other,"38.9492466458,-77.0802982386",-77.0802982386,3E,4530 - 4599 block of wisconsin avenue nw,3,2,others,property,202,"4/1/2025, 6:00:00 PM",142375.16,001004,2D1,38.9492466458,25421371,"4/18/2025, 12:01:46 PM",6
001003 3,evening,theft/other,,precinct 30,"7/6/2026, 3:15:00 PM",2026,,cluster 11,theft/other,391696.79,property|theft/other,"38.945126307,-77.0957816153",-77.0957816153,3E,4800 - 4899 block of massachusetts avenue nw,3,2,others,property,202,"7/6/2026, 3:11:00 PM",141919.06,001003,2D1,38.945126307,26093701,"7/6/2026, 4:17:11 PM",6
000804 3,evening,theft f/auto,,precinct 10,"9/26/2022, 3:00:00 PM",2022,,cluster 13,theft f/auto,392524,property|theft f/auto,"38.928197604,-77.0862188637",-77.0862188637,3D,2900 - 2999 block of 44th street nw,3,2,others,property,205,"9/26/2022, 1:35:00 PM",140039,000804,2D2,38.928197604,22139641,"9/26/2022, 5:25:15 PM",7
000803 2,evening,theft/other,,precinct 10,"9/1/2026, 7:30:00 PM",2026,,cluster 14,theft/other,392583.69,property|theft/other,"38.9329722406,-77.0855362009",-77.0855362009,3B,3200 - 3299 block of new mexico avenue nw,3,2,others,property,205,"9/1/2026, 6:00:00 PM",140568.97,000803,2D2,38.9329722406,26124547,"9/2/2026, 4:41:38 PM",6
000903 2,evening,theft f/auto,,precinct 9,"11/16/2023, 2:20:00 PM",2023,,cluster 13,theft f/auto,391604.25,property|theft f/auto,"38.9345736607,-77.0968347761",-77.0968347761,3D,4800 - 4999 block of indian lane nw,3,2,others,property,205,"11/16/2023, 2:05:00 PM",140747.72,000903,2D2,38.9345736607,23188069,"11/16/2023, 10:43:00 PM",7
000904 1,day,motor vehicle theft,,precinct 8,"8/6/2026, 9:02:00 AM",2026,,cluster 13,motor vehicle theft,391442.84,property|motor vehicle theft,"38.932623879,-77.0986937461",-77.0986937461,3D,4900 - 4999 block of lowell street nw,3,2,others,property,205,"8/6/2026, 6:35:00 AM",140531.45,000904,2D2,38.932623879,26109926,"8/6/2026, 9:53:36 AM",8
000703 1,evening,theft f/auto,,precinct 28,"3/10/2023, 1:30:00 PM",2023,,cluster 14,theft f/auto,393250,property|theft f/auto,"38.9303924994,-77.0778484789",-77.0778484789,3A,3000 - 3099 block of idaho avenue nw,3,2,others,property,204,"3/10/2023, 12:00:00 PM",140282,000703,2D2,38.9303924994,23038536,"3/16/2023, 5:26:02 PM",7
000703 2,evening,theft f/auto,,precinct 28,"3/14/2023, 12:06:00 PM",2023,,cluster 14,theft f/auto,392884,property|theft f/auto,"38.9268853799,-77.0820655611",-77.0820655611,3B,2800 - 2899 block of new mexico avenue nw,3,2,others,property,204,"3/14/2023, 11:30:00 AM",139893,000703,2D2,38.9268853799,23039966,"3/14/2023, 3:34:42 PM",7
001003 3,evening,theft/other,,precinct 30,"1/18/2023, 9:00:00 AM",2023,,cluster 11,theft/other,391970,property|theft/other,"38.9435608657,-77.0926279683",-77.0926279683,3E,4200 - 4223 block of 47th street nw,3,2,others,property,202,"1/17/2023, 12:00:00 PM",141745,001003,2D1,38.9435608657,23019230,"2/9/2023, 4:38:04 PM",6
001100 4,evening,theft/other,,precinct 32,"4/24/2023, 4:52:00 PM",2023,,cluster 11,theft/other,393113,property|theft/other,"38.9474891709,-77.0794475645",-77.0794475645,3E,4404 - 4499 block of wisconsin avenue nw,3,2,others,property,202,"4/24/2023, 4:23:00 PM",142180,001100,2D1,38.9474891709,23063764,"4/24/2023, 6:47:40 PM",6
001002 4,evening,theft/other,,precinct 29,"10/21/2023, 7:20:00 PM",2023,,cluster 14,theft/other,393697.56,property|theft/other,"38.9350777081,-77.0726914964",-77.0726914964,3A,3400 - 3421 block of wisconsin avenue nw,3,2,others,property,204,"10/21/2023, 7:00:00 PM",140801.73,001002,2D2,38.9350777081,23175258,"10/24/2023, 6:07:56 PM",6
001004 3,evening,theft/other,,precinct 30,"11/13/2022, 10:30:00 PM",2022,,cluster 11,theft/other,392421,property|theft/other,"38.9447809901,-77.0874270703",-77.0874270703,3E,4400 - 4499 block of warren street nw,3,2,others,property,202,"11/13/2022, 7:15:00 AM",141880,001004,2D1,38.9447809901,22165756,"11/13/2022, 10:31:35 PM",6
001004 2,evening,theft/other,,precinct 31,"4/11/2024, 11:00:00 AM",2024,,cluster 11,theft/other,392632.9,property|theft/other,"38.9527125949,-77.0849921668",-77.0849921668,3E,4800 - 4899 block of 43rd place nw,3,2,others,property,202,"4/10/2024, 6:00:00 PM",142760.28,001004,2D1,38.9527125949,24061257,"4/24/2024, 5:30:34 PM",6
000904 2,evening,burglary,,precinct 9,"12/3/2022, 8:16:00 PM",2022,,cluster 13,burglary,391104,property|burglary,"38.94267872,-77.1026162195",-77.1026162195,3D,5200 - 5299 block of upton terrace nw,3,2,others,property,205,"12/3/2022, 7:09:00 PM",141648,000904,2D2,38.94267872,22176073,"12/3/2022, 8:41:57 PM",5
001002 2,day,theft f/auto,,precinct 30,"12/26/2023, 12:03:00 PM",2023,,cluster 11,theft f/auto,393172.47,property|theft f/auto,"38.9443903371,-77.0787581022",-77.0787581022,3A,4200 - 4299 block of 40th street nw,3,2,others,property,202,"12/26/2023, 11:45:00 AM",141835.95,001002,2D1,38.9443903371,23209093,"12/26/2023, 12:42:33 PM",7
000600 4,day,theft f/auto,,precinct 29,"3/25/2024, 11:30:00 AM",2024,,cluster 15,theft f/auto,393793.84,property|theft f/auto,"38.9412339396,-77.0715871967",-77.0715871967,3A,3600 - 3699 block of tilden street nw,3,2,others,property,203,"3/25/2024, 11:24:00 AM",141485.05,000600,2D1,38.9412339396,24044851,"3/25/2024, 12:55:51 PM",7
001100 4,evening,theft/other,,precinct 32,"7/7/2023, 9:10:00 PM",2023,,cluster 11,theft/other,393039.43,property|theft/other,"38.9492466458,-77.0802982386",-77.0802982386,3E,4530 - 4599 block of wisconsin avenue nw,3,2,others,property,202,"7/7/2023, 8:45:00 PM",142375.16,001100,2D1,38.9492466458,23109892,"7/7/2023, 9:08:22 PM",6
001004 2,evening,theft/other,,precinct 31,"7/6/2026, 5:00:00 PM",2026,,cluster 11,theft/other,393070.63,property|theft/other,"38.9483570552,-77.0799373128",-77.0799373128,3E,4500 - 4537 block of wisconsin avenue nw,3,2,others,property,202,"7/6/2026, 12:00:00 PM",142276.38,001004,2D1,38.9483570552,26093734,"7/6/2026, 9:13:51 PM",6
000703 1,day,sex abuse,,precinct 28,"6/5/2023, 8:50:00 AM",2023,,cluster 14,sex abuse,393203,violent|sex abuse,"38.9324190053,-77.0783927631",-77.0783927631,3A,3900 - 4099 block of massachusetts avenue nw,3,2,others,violent,205,"6/5/2023, 6:06:00 AM",140507,000703,2D2,38.9324190053,23089334,"6/5/2023, 9:30:17 AM",2
001002 2,evening,theft/other,,precinct 29,"7/14/2025, 6:20:00 PM",2025,,cluster 14,theft/other,393254.53,property|theft/other,"38.9400305108,-77.0778067509",-77.0778067509,3A,10 - 99 block of ridge square nw,3,2,others,property,204,"7/14/2025, 5:05:00 PM",141351.9,001002,2D2,38.9400305108,25106387,"7/14/2025, 7:32:07 PM",6
001200 4,evening,burglary,,precinct 33,"10/21/2023, 8:48:00 PM",2023,,cluster 11,burglary,393427.31,property|burglary,"38.9431637312,-77.0758171227",-77.0758171227,3A,3800 - 3899 block of van ness street nw,3,2,others,property,202,"10/21/2023, 6:30:00 PM",141699.57,001200,2D1,38.9431637312,23173700,"10/21/2023, 9:15:45 PM",5
001200 4,day,theft f/auto,,precinct 33,"4/26/2023, 10:00:00 AM",2023,,cluster 11,theft f/auto,393627,property|theft f/auto,"38.9431600677,-77.0735136595",-77.0735136595,3E,3700 - 3799 block of van ness street nw,3,2,others,property,202,"4/21/2023, 4:00:00 PM",141699,001200,2D1,38.9431600677,23064790,"4/26/2023, 1:54:22 PM",7
000904 2,day,theft f/auto,,precinct 9,"1/3/2023, 4:10:00 PM",2023,,cluster 13,theft f/auto,391214,property|theft f/auto,"38.9454003273,-77.1013512275",-77.1013512275,3D,5104 - 5199 block of warren place nw,3,2,others,property,205,"1/2/2023, 4:10:00 PM",141950,000904,2D2,38.9454003273,23420076,"1/4/2023, 10:02:25 AM",7
000903 1,day,theft f/auto,,precinct 9,"9/25/2024, 12:00:00 AM",2024,,cluster 13,theft f/auto,392375.89,property|theft f/auto,"38.9394013931,-77.0879407978",-77.0879407978,3E,4400 - 4500 block of massachusetts avenue nw,3,2,others,property,205,"9/25/2024, 12:00:00 AM",141282.86,000903,2D2,38.9394013931,24148301,"9/25/2024, 10:15:12 AM",7
001200 4,midnight,theft/other,,precinct 33,"6/7/2023, 5:31:00 AM",2023,,cluster 11,theft/other,393227,property|theft/other,"38.9451298886,-77.0781298887",-77.0781298887,3E,4300 - 4326 block of wisconsin avenue nw,3,2,others,property,202,"6/7/2023, 4:58:00 AM",141918,001200,2D1,38.9451298886,23090706,"6/7/2023, 5:40:11 AM",6
000804 3,evening,theft f/auto,,precinct 8,"7/28/2023, 12:00:00 PM",2023,,cluster 13,theft f/auto,392310.32,property|theft f/auto,"38.9250587961,-77.0886792796",-77.0886792796,3D,4462 - 4599 block of dexter street nw,3,2,others,property,205,"7/28/2023, 11:00:00 AM",139690.77,000804,2D2,38.9250587961,23124536,"7/31/2023, 10:22:08 PM",7
001100 4,day,theft/other,,precinct 32,"6/17/2023, 7:56:00 AM",2023,,cluster 11,theft/other,393173,property|theft/other,"38.9487868308,-77.0787568455",-77.0787568455,3E,4500 - 4599 block of 40th street nw,3,2,others,property,202,"6/17/2023, 7:51:00 AM",142324,001100,2D1,38.9487868308,23097249,"6/17/2023, 8:07:49 AM",6
000803 2,day,theft f/auto,,precinct 10,"6/28/2023, 1:13:00 PM",2023,,cluster 14,theft f/auto,392583,property|theft f/auto,"38.9329634967,-77.0855441486",-77.0855441486,3B,3200 - 3299 block of new mexico avenue nw,3,2,others,property,205,"6/28/2023, 11:25:00 AM",140568,000803,2D2,38.9329634967,23104063,"6/28/2023, 2:38:42 PM",7
001100 4,day,theft/other,,precinct 32,"12/25/2025, 12:00:00 PM",2025,,cluster 11,theft/other,393039.43,property|theft/other,"38.9492466458,-77.0802982386",-77.0802982386,3E,4530 - 4599 block of wisconsin avenue nw,3,2,others,property,202,"12/25/2025, 11:25:00 AM",142375.16,001100,2D1,38.9492466458,25193039,"12/25/2025, 12:11:36 PM",6
001004 3,day,theft f/auto,,precinct 30,"11/26/2022, 2:00:00 PM",2022,,cluster 11,theft f/auto,392316,property|theft f/auto,"38.9474915693,-77.0886416618",-77.0886416618,3E,4418 - 4499 block of 45th street nw,3,2,others,property,202,"11/24/2022, 6:00:00 PM",142181,001004,2D1,38.9474915693,22173089,"11/28/2022, 2:20:00 PM",7
000903 1,day,theft f/auto,,precinct 9,"8/14/2025, 3:37:00 PM",2025,,cluster 13,theft f/auto,392375.89,property|theft f/auto,"38.9394013931,-77.0879407978",-77.0879407978,3E,4400 - 4500 block of massachusetts avenue nw,3,2,others,property,205,"8/14/2025, 3:36:00 PM",141282.86,000903,2D2,38.9394013931,25423457,"8/15/2025, 8:30:47 AM",7
001002 4,evening,theft/other,,precinct 29,"11/19/2025, 4:15:00 PM",2025,,cluster 14,theft/other,393645.65,property|theft/other,"38.934751414,-77.0732898841",-77.0732898841,3A,3700 - 3749 block of newark street nw,3,2,others,property,204,"11/19/2025, 4:05:00 PM",140765.55,001002,2D2,38.934751414,25175927,"11/19/2025, 6:05:31 PM",6
001002 2,day,motor vehicle theft,,precinct 29,"7/23/2025, 12:00:00 PM",2025,,cluster 14,motor vehicle theft,393240.35,property|motor vehicle theft,"38.9367774178,-77.077966755",-77.077966755,3A,3900 - 3999 block of langley court nw,3,2,others,property,204,"7/22/2025, 7:30:00 PM",140990.79,001002,2D2,38.9367774178,25111338,"7/23/2025, 1:50:47 PM",8
000803 2,day,theft/other,,precinct 10,"6/30/2023, 4:25:00 PM",2023,,cluster 14,theft/other,392544,property|theft/other,"38.9337558969,-77.0859949118",-77.0859949118,3B,3300 - 3399 block of new mexico avenue nw,3,2,others,property,205,"6/30/2023, 4:25:00 PM",140656,000803,2D2,38.9337558969,23106942,"7/3/2023, 10:23:01 AM",6
001002 2,evening,theft/other,,precinct 29,"4/9/2026, 6:59:00 PM",2026,,cluster 14,theft/other,393391.9,property|theft/other,"38.9417022317,-77.0762240207",-77.0762240207,3A,4000 - 4099 block of wisconsin avenue nw,3,2,others,property,204,"4/9/2026, 6:50:00 PM",141537.36,001002,2D2,38.9417022317,26046963,"4/9/2026, 7:28:02 PM",6
001004 2,evening,theft f/auto,,precinct 31,"7/3/2023, 8:30:00 AM",2023,,cluster 11,theft f/auto,392632,property|theft f/auto,"38.9481608889,-77.0849971223",-77.0849971223,3E,4500 - 4509 block of 43rd place nw,3,2,others,property,202,"7/2/2023, 9:00:00 PM",142255,001004,2D1,38.9481608889,23108182,"7/3/2023, 6:40:33 PM",7
001100 4,evening,theft/other,,precinct 32,"10/26/2024, 8:20:00 PM",2024,,cluster 11,theft/other,393173.95,property|theft/other,"38.9487916125,-77.0787458915",-77.0787458915,3E,4500 - 4599 block of 40th street nw,3,2,others,property,202,"10/26/2024, 8:15:00 PM",142324.53,001100,2D1,38.9487916125,24166629,"10/26/2024, 9:27:03 PM",6
000703 2,day,theft f/auto,,precinct 28,"6/11/2024, 8:58:00 AM",2024,,cluster 14,theft f/auto,392960.84,property|theft f/auto,"38.9302858242,-77.0811832718",-77.0811832718,3B,4000 - 4299 block of cathedral avenue nw,3,2,others,property,204,"6/11/2024, 8:41:00 AM",140270.41,000703,2D2,38.9302858242,24088598,"6/11/2024, 8:58:29 AM",7
001002 3,day,theft/other,,precinct 29,"7/5/2023, 1:25:00 PM",2023,,cluster 14,theft/other,393558.37,property|theft/other,"38.9370775311,-77.0742989795",-77.0742989795,3A,3800 - 3814 block of porter street nw,3,2,others,property,204,"7/5/2023, 1:24:00 PM",141023.84,001002,2D2,38.9370775311,23108357,"7/5/2023, 1:29:07 PM",6
001100 4,midnight,theft/other,,precinct 32,"6/8/2024, 1:34:00 AM",2024,,cluster 11,theft/other,393039.43,property|theft/other,"38.9492466458,-77.0802982386",-77.0802982386,3E,4530 - 4599 block of wisconsin avenue nw,3,2,others,property,202,"6/8/2024, 1:14:00 AM",142375.16,001100,2D1,38.9492466458,24086805,"6/8/2024, 2:44:42 AM",6
001200 4,day,theft f/auto,,precinct 33,"1/16/2023, 6:00:00 AM",2023,,cluster 11,theft f/auto,393627,property|theft f/auto,"38.9462769328,-77.0735168737",-77.0735168737,3E,3700 - 3799 block of yuma street nw,3,2,others,property,202,"1/15/2023, 8:00:00 PM",142045,001200,2D1,38.9462769328,23008232,"1/16/2023, 8:53:51 AM",7
001004 2,evening,theft/other,,precinct 31,"9/10/2026, 3:19:00 PM",2026,,cluster 11,theft/other,393070.63,property|theft/other,"38.9483570552,-77.0799373128",-77.0799373128,3E,4500 - 4537 block of wisconsin avenue nw,3,2,others,property,202,"9/10/2026, 2:39:00 PM",142276.38,001004,2D1,38.9483570552,26128877,"9/10/2026, 3:19:05 PM",6
000903 1,day,theft/other,,precinct 9,"4/9/2024, 9:46:00 AM",2024,,cluster 13,theft/other,392375.89,property|theft/other,"38.9394013931,-77.0879407978",-77.0879407978,3E,4400 - 4500 block of massachusetts avenue nw,3,2,others,property,205,"4/7/2024, 11:00:00 AM",141282.86,000903,2D2,38.9394013931,24052884,"4/9/2024, 10:02:09 AM",6
001004 3,evening,theft/other,,precinct 30,"5/8/2025, 5:30:00 PM",2025,,cluster 11,theft/other,393113.91,property|theft/other,"38.9474950334,-77.0794370733",-77.0794370733,3E,4404 - 4499 block of wisconsin avenue nw,3,2,others,property,202,"5/8/2025, 5:20:00 PM",142180.65,001004,2D1,38.9474950334,25421818,"5/14/2025, 7:31:08 PM",6
001003 3,evening,theft/other,,precinct 30,"5/6/2025, 5:46:00 PM",2025,,cluster 11,theft/other,391696.79,property|theft/other,"38.945126307,-77.0957816153",-77.0957816153,3E,4800 - 4899 block of massachusetts avenue nw,3,2,others,property,202,"5/6/2025, 3:49:00 PM",141919.06,001003,2D1,38.945126307,25066767,"5/6/2025, 6:29:11 PM",6
001002 3,day,motor vehicle theft,,precinct 29,"3/23/2023, 7:30:00 AM",2023,,cluster 14,motor vehicle theft,393242,property|motor vehicle theft,"38.9383918066,-77.0779494887",-77.0779494887,3A,3700 - 3799 block of 39th street nw,3,2,others,property,204,"3/22/2023, 7:00:00 PM",141170,001002,2D2,38.9383918066,23044886,"3/23/2023, 8:55:41 AM",8
001002 2,evening,theft/other,,precinct 29,"4/19/2025, 4:40:00 PM",2025,,cluster 14,theft/other,393254.53,property|theft/other,"38.9400305108,-77.0778067509",-77.0778067509,3A,10 - 99 block of ridge square nw,3,2,others,property,204,"4/19/2025, 1:37:00 PM",141351.9,001002,2D2,38.9400305108,25057039,"4/19/2025, 8:06:35 PM",6
001200 2,midnight,motor vehicle theft,,precinct 33,"8/25/2023, 3:20:00 AM",2023,,cluster 11,motor vehicle theft,393620.68,property|motor vehicle theft,"38.9478959445,-77.0735914505",-77.0735914505,3E,3700 - 3799 block of albemarle street nw,3,2,others,property,202,"8/25/2023, 3:20:00 AM",142224.73,001200,2D1,38.9478959445,23139789,"8/25/2023, 4:20:36 AM",8
001003 3,evening,theft/other,,precinct 30,"7/23/2026, 10:43:00 PM",2026,,cluster 11,theft/other,391696.79,property|theft/other,"38.945126307,-77.0957816153",-77.0957816153,3E,4800 - 4899 block of massachusetts avenue nw,3,2,others,property,202,"7/23/2026, 10:42:00 PM",141919.06,001003,2D1,38.945126307,26103445,"7/24/2026, 8:21:02 PM",6
001002 4,evening,theft/other,,precinct 29,"11/26/2024, 9:45:00 PM",2024,,cluster 14,theft/other,393645.65,property|theft/other,"38.934751414,-77.0732898841",-77.0732898841,3A,3700 - 3749 block of newark street nw,3,2,others,property,204,"11/26/2024, 9:14:00 PM",140765.55,001002,2D2,38.934751414,24184146,"11/26/2024, 9:46:16 PM",6
000704 1,day,motor vehicle theft,,precinct 28,"11/19/2025, 8:35:00 AM",2025,,cluster 14,motor vehicle theft,393421.66,property|motor vehicle theft,"38.930583246,-77.0758689081",-77.0758689081,3A,3800 - 3899 block of massachusetts avenue nw,3,2,others,property,204,"11/18/2025, 11:00:00 PM",140303.03,000704,2D2,38.930583246,25175668,"11/19/2025, 9:11:54 AM",8
001100 4,evening,assault w/dangerous weapon,,precinct 32,"5/26/2023, 4:30:00 PM",2023,,cluster 11,assault w/dangerous weapon,393039,violent|assault w/dangerous weapon,"38.949245201,-77.0803031975",-77.0803031975,3E,4530 - 4599 block of wisconsin avenue nw,3,2,knife,violent,202,"5/26/2023, 3:59:00 PM",142375,001100,2D1,38.949245201,23083282,"5/26/2023, 7:36:11 PM",3
000904 2,evening,theft f/auto,,precinct 9,,2023,,cluster 13,theft f/auto,391258,property|theft f/auto,"38.9431577048,-77.1008404914",-77.1008404914,3D,5014 - 5199 block of van ness street nw,3,2,others,property,205,"6/10/2023, 9:05:00 PM",141701,000904,2D2,38.9431577048,23093198,"6/10/2023, 9:19:53 PM",7
001004 2,day,theft/other,,precinct 31,"6/23/2023, 1:15:00 PM",2023,,cluster 11,theft/other,393070,property|theft/other,"38.9483536271,-77.0799445766",-77.0799445766,3E,4500 - 4537 block of wisconsin avenue nw,3,2,others,property,202,"6/23/2023, 1:07:00 PM",142276,001004,2D1,38.9483536271,23101020,"6/23/2023, 2:29:15 PM",6
001100 4,day,theft/other,,precinct 32,"1/3/2025, 10:24:00 AM",2025,,cluster 11,theft/other,393039.43,property|theft/other,"38.9492466458,-77.0802982386",-77.0802982386,3E,4530 - 4599 block of wisconsin avenue nw,3,2,others,property,202,"1/3/2025, 8:47:00 AM",142375.16,001100,2D1,38.9492466458,25001137,"1/3/2025, 11:30:36 AM",6
001003 1,evening,theft/other,,precinct 31,"5/3/2024, 12:00:00 PM",2024,,cluster 11,theft/other,391971.81,property|theft/other,"38.9492454647,-77.0926144745",-77.0926144745,3E,4517 - 4599 block of 47th street nw,3,2,others,property,202,"5/1/2024, 10:00:00 PM",142376.04,001003,2D1,38.9492454647,24068149,"5/6/2024, 7:33:55 PM",6
000703 1,day,theft f/auto,,precinct 28,"10/9/2024, 11:00:00 AM",2024,,cluster 14,theft f/auto,392960.84,property|theft f/auto,"38.9302858242,-77.0811832718",-77.0811832718,3A,4000 - 4299 block of cathedral avenue nw,3,2,others,property,205,"10/9/2024, 9:30:00 AM",140270.41,000703,2D2,38.9302858242,24156564,"10/9/2024, 12:52:51 PM",7
001004 2,day,theft/other,,precinct 31,"8/5/2023, 12:30:00 PM",2023,,cluster 11,theft/other,393070.63,property|theft/other,"38.9483570552,-77.0799373128",-77.0799373128,3E,4500 - 4537 block of wisconsin avenue nw,3,2,others,property,202,"8/4/2023, 8:00:00 PM",142276.38,001004,2D1,38.9483570552,23127701,"8/5/2023, 1:01:07 PM",6
001002 4,evening,theft/other,,precinct 29,"6/8/2025, 9:50:00 PM",2025,,cluster 14,theft/other,393645.65,property|theft/other,"38.934751414,-77.0732898841",-77.0732898841,3A,3700 - 3749 block of newark street nw,3,2,others,property,204,"6/8/2025, 9:18:00 PM",140765.55,001002,2D2,38.934751414,25085860,"6/8/2025, 9:48:33 PM",6
001002 4,evening,theft/other,,precinct 29,"8/21/2024, 5:42:00 PM",2024,,cluster 14,theft/other,393645.65,property|theft/other,"38.934751414,-77.0732898841",-77.0732898841,3A,3700 - 3749 block of newark street nw,3,2,others,property,204,"8/21/2024, 5:29:00 PM",140765.55,001002,2D2,38.934751414,24128712,"8/21/2024, 7:39:50 PM",6
001004 2,day,theft/other,,precinct 31,"7/20/2026, 11:50:00 AM",2026,,cluster 11,theft/other,393070.63,property|theft/other,"38.9483570552,-77.0799373128",-77.0799373128,3E,4500 - 4537 block of wisconsin avenue nw,3,2,others,property,202,"7/20/2026, 11:37:00 AM",142276.38,001004,2D1,38.9483570552,26101079,"7/20/2026, 12:51:20 PM",6
000903 2,day,theft f/auto,,precinct 9,"5/15/2025, 5:30:00 PM",2025,,cluster 13,theft f/auto,391746.2,property|theft f/auto,"38.9441922538,-77.095210399",-77.095210399,3D,4250 - 4299 block of fordham road nw,3,2,others,property,205,"5/15/2025, 4:30:00 PM",141815.32,000903,2D2,38.9441922538,25072358,"5/16/2025, 7:51:18 AM",7
000600 4,evening,theft/other,,precinct 27,"6/17/2026, 7:00:00 PM",2026,,cluster 15,theft/other,393784,property|theft/other,"38.9346379082,-77.0716940666",-77.0716940666,3A,3600 - 3699 block of newark street nw,3,2,others,property,203,"6/17/2026, 3:30:00 PM",140752.84,000600,2D1,38.9346379082,26422313,"6/23/2026, 5:15:55 PM",6
001200 4,evening,theft f/auto,,precinct 33,"8/21/2026, 11:00:00 AM",2026,,cluster 11,theft f/auto,393627.46,property|theft f/auto,"38.9439729785,-77.0735091915",-77.0735091915,3E,3700 - 3799 block of veazey street nw,3,2,others,property,202,"8/20/2026, 8:00:00 PM",141789.24,001200,2D1,38.9439729785,26118137,"8/21/2026, 7:53:30 PM",7
001004 2,day,theft/other,,precinct 31,,2026,,cluster 11,theft/other,393070.63,property|theft/other,"38.9483570552,-77.0799373128",-77.0799373128,3E,4500 - 4537 block of wisconsin avenue nw,3,2,others,property,202,"8/24/2026, 11:24:00 AM",142276.38,001004,2D1,38.9483570552,26119520,"8/24/2026, 11:46:19 AM",6
000703 2,evening,theft f/auto,,precinct 28,"9/12/2024, 12:15:00 PM",2024,,cluster 14,theft f/auto,392884.2,property|theft f/auto,"38.9268926783,-77.082063263",-77.082063263,3B,2800 - 2899 block of new mexico avenue nw,3,2,others,property,204,"9/12/2024, 9:00:00 AM",139893.81,000703,2D2,38.9268926783,24140870,"9/12/2024, 4:54:19 PM",7
001002 2,day,theft/other,,precinct 29,"8/21/2023, 12:59:00 PM",2023,,cluster 14,theft/other,393254.53,property|theft/other,"38.9400305108,-77.0778067509",-77.0778067509,3A,10 - 99 block of ridge square nw,3,2,others,property,204,"8/21/2023, 12:45:00 PM",141351.9,001002,2D2,38.9400305108,23137583,"8/21/2023, 2:15:33 PM",6
000704 1,evening,theft f/auto,,precinct 28,"8/30/2025, 8:08:00 AM",2025,,cluster 14,theft f/auto,393685.84,property|theft f/auto,"38.9307918346,-77.0728222959",-77.0728222959,3A,3021 - 3199 block of wisconsin avenue nw,3,2,others,property,204,"8/29/2025, 10:00:00 PM",140325.97,000704,2D2,38.9307918346,25132608,"8/30/2025, 7:50:20 PM",7
001002 4,day,theft/other,,precinct 29,"12/7/2025, 11:19:00 AM",2025,,cluster 14,theft/other,393645.65,property|theft/other,"38.934751414,-77.0732898841",-77.0732898841,3A,3700 - 3749 block of newark street nw,3,2,others,property,204,"12/7/2025, 11:17:00 AM",140765.55,001002,2D2,38.934751414,25184518,"12/7/2025, 11:44:14 AM",6
000703 2,day,theft f/auto,,precinct 28,"6/11/2024, 8:33:00 AM",2024,,cluster 14,theft f/auto,392960.84,property|theft f/auto,"38.9302858242,-77.0811832718",-77.0811832718,3B,4000 - 4299 block of cathedral avenue nw,3,2,others,property,204,"6/11/2024, 8:05:00 AM",140270.41,000703,2D2,38.9302858242,24088592,"6/11/2024, 9:13:11 AM",7
001002 4,day,theft/other,,precinct 29,"8/2/2024, 2:20:00 PM",2024,,cluster 14,theft/other,393720.86,property|theft/other,"38.9340623694,-77.0724217259",-77.0724217259,3A,3300 - 3399 block of wisconsin avenue nw,3,2,others,property,204,"8/2/2024, 2:13:00 PM",140689,001002,2D2,38.9340623694,24118334,"8/2/2024, 2:45:18 PM",6
001002 4,evening,theft/other,,precinct 29,"5/30/2024, 9:53:00 PM",2024,,cluster 14,theft/other,393645.65,property|theft/other,"38.934751414,-77.0732898841",-77.0732898841,3A,3700 - 3749 block of newark street nw,3,2,others,property,204,"5/30/2024, 9:40:00 PM",140765.55,001002,2D2,38.934751414,24081945,"5/30/2024, 10:26:35 PM",6
000703 1,evening,theft/other,,precinct 28,"5/18/2026, 3:06:00 PM",2026,,cluster 14,theft/other,393250.96,property|theft/other,"38.9303971911,-77.0778374123",-77.0778374123,3A,3000 - 3099 block of idaho avenue nw,3,2,others,property,204,"5/16/2026, 8:00:00 PM",140282.52,000703,2D2,38.9303971911,26067279,"5/18/2026, 3:09:03 PM",6
001002 4,evening,theft/other,,precinct 29,"8/18/2025, 8:35:00 AM",2025,,cluster 14,theft/other,393645.65,property|theft/other,"38.934751414,-77.0732898841",-77.0732898841,3A,3700 - 3749 block of newark street nw,3,2,others,property,204,"8/18/2025, 7:25:00 AM",140765.55,001002,2D2,38.934751414,25125725,"11/19/2025, 7:47:07 PM",6
001004 2,evening,theft/other,,precinct 31,"8/25/2025, 7:50:00 PM",2025,,cluster 11,theft/other,393070.63,property|theft/other,"38.9483570552,-77.0799373128",-77.0799373128,3E,4500 - 4537 block of wisconsin avenue nw,3,2,others,property,202,"8/25/2025, 6:25:00 PM",142276.38,001004,2D1,38.9483570552,25129818,"8/25/2025, 8:09:53 PM",6
000804 3,day,theft f/auto,,precinct 10,"12/1/2023, 12:00:00 PM",2023,,cluster 13,theft f/auto,392366.92,property|theft f/auto,"38.9288728674,-77.0880312628",-77.0880312628,3D,4430 - 4499 block of hawthorne street nw,3,2,others,property,205,"12/1/2023, 11:30:00 AM",140114.11,000804,2D2,38.9288728674,23195780,"12/4/2023, 9:08:46 AM",7
000904 2,evening,theft/other,,precinct 9,"10/30/2023, 12:45:00 PM",2023,,cluster 13,theft/other,391525.93,property|theft/other,"38.9359558622,-77.0977399973",-77.0977399973,3D,4900 - 4977 block of glenbrook road nw,3,2,others,property,205,"10/30/2023, 12:00:00 PM",140901.24,000904,2D2,38.9359558622,23178582,"10/30/2023, 3:11:08 PM",6
001002 4,day,theft/other,,precinct 29,,2025,,cluster 14,theft/other,393645.65,property|theft/other,"38.934751414,-77.0732898841",-77.0732898841,3A,3700 - 3749 block of newark street nw,3,2,others,property,204,"6/6/2025, 7:26:00 AM",140765.55,001002,2D2,38.934751414,25084344,"6/6/2025, 8:06:22 AM",6
001002 4,evening,theft/other,,precinct 29,"11/12/2024, 6:35:00 PM",2024,,cluster 14,theft/other,393645.65,property|theft/other,"38.934751414,-77.0732898841",-77.0732898841,3A,3700 - 3749 block of newark street nw,3,2,others,property,204,"11/12/2024, 6:30:00 PM",140765.55,001002,2D2,38.934751414,24176189,"11/12/2024, 7:42:57 PM",6
001004 2,day,theft f/auto,,precinct 31,"11/19/2024, 1:30:00 PM",2024,,cluster 11,theft f/auto,392684.66,property|theft f/auto,"38.9510392914,-77.0843930449",-77.0843930449,3E,4300 - 4310 block of chesapeake street nw,3,2,others,property,202,"11/19/2024, 9:30:00 AM",142574.48,001004,2D1,38.9510392914,24180450,"11/20/2024, 12:52:04 PM",7
001002 1,evening,burglary,,precinct 10,"1/18/2026, 5:00:00 PM",2026,,cluster 14,burglary,392798.58,property|burglary,"38.9358388469,-77.0830611003",-77.0830611003,3A,4200 - 4349 block of massachusetts avenue nw,3,2,others,property,204,"1/15/2026, 4:30:00 PM",140886.99,001002,2D2,38.9358388469,26008407,"1/18/2026, 7:47:18 PM",5
001200 4,day,theft/other,,precinct 33,"8/15/2025, 9:20:00 AM",2025,,cluster 11,theft/other,393427.05,property|theft/other,"38.944779905,-77.0758218407",-77.0758218407,3E,3800 - 3899 block of warren street nw,3,2,others,property,202,"8/15/2025, 9:20:00 AM",141878.98,001200,2D1,38.944779905,25423782,"8/29/2025, 1:00:59 PM",6
000803 2,evening,theft/other,,precinct 10,"2/6/2023, 4:10:00 PM",2023,,cluster 14,theft/other,392544,property|theft/other,"38.9337558969,-77.0859949118",-77.0859949118,3B,3300 - 3399 block of new mexico avenue nw,3,2,others,property,205,"2/6/2023, 4:01:00 PM",140656,000803,2D2,38.9337558969,23020159,"2/6/2023, 5:08:46 PM",6
000704 1,evening,motor vehicle theft,,precinct 28,"11/19/2023, 12:05:00 PM",2023,,cluster 14,motor vehicle theft,393632.67,property|motor vehicle theft,"38.9319281187,-77.0734366851",-77.0734366851,3A,3700 - 3799 block of woodley road nw,3,,others,property,,"11/19/2023, 11:07:00 AM",140452.15,000704,,38.9319281187,23189577,"11/19/2023, 5:49:08 PM",8
001002 4,evening,motor vehicle theft,,precinct 29,"12/3/2023, 12:00:00 AM",2023,,cluster 14,motor vehicle theft,393622.21,property|motor vehicle theft,"38.9355820794,-77.0735610937",-77.0735610937,3A,3400 - 3479 block of idaho avenue nw,3,2,others,property,204,"12/3/2023, 12:00:00 AM",140857.78,001002,2D2,38.9355820794,23196909,"12/3/2023, 4:01:54 PM",8
001002 4,evening,theft/other,,precinct 29,"7/23/2026, 7:50:00 PM",2026,,cluster 14,theft/other,393720.86,property|theft/other,"38.9340623694,-77.0724217259",-77.0724217259,3A,3300 - 3399 block of wisconsin avenue nw,3,2,others,property,204,"7/23/2026, 7:22:00 PM",140689,001002,2D2,38.9340623694,26102891,"7/23/2026, 7:56:03 PM",6
000704 2,evening,theft f/auto,,precinct 28,"12/9/2022, 5:20:00 PM",2022,,cluster 14,theft f/auto,393476,property|theft f/auto,"38.9290159356,-77.0752405434",-77.0752405434,3A,3800 - 3825 block of cathedral avenue nw,3,2,others,property,204,"12/9/2022, 1:15:00 PM",140129,000704,2D2,38.9290159356,22179892,"12/10/2022, 10:04:34 PM",7
001004 2,day,theft/other,,precinct 31,,2024,,cluster 11,theft/other,393070.63,property|theft/other,"38.9483570552,-77.0799373128",-77.0799373128,3E,4500 - 4537 block of wisconsin avenue nw,3,2,others,property,202,"5/22/2024, 12:10:00 PM",142276.38,001004,2D1,38.9483570552,24076925,"5/22/2024, 2:05:11 PM",6
000600 4,day,motor vehicle theft,,precinct 29,"1/24/2024, 12:06:00 PM",2024,,cluster 15,motor vehicle theft,393661.44,property|motor vehicle theft,"38.9373277204,-77.0731104069",-77.0731104069,3A,3700 - 3799 block of porter street nw,3,2,others,property,203,"1/24/2024, 12:05:00 PM",141051.53,000600,2D1,38.9373277204,24011739,"1/24/2024, 1:01:19 PM",8
000904 2,evening,theft f/auto,,precinct 9,"2/15/2025, 4:10:00 PM",2025,,cluster 13,theft f/auto,391611.19,property|theft f/auto,"38.9437019154,-77.0967671204",-77.0967671204,3D,4200 - 4299 block of 49th street nw,3,2,others,property,205,"2/15/2025, 3:40:00 PM",141761.03,000904,2D2,38.9437019154,25022522,"2/15/2025, 7:24:25 PM",7
001002 4,evening,theft/other,,precinct 29,"7/21/2025, 4:05:00 PM",2025,,cluster 14,theft/other,393645.65,property|theft/other,"38.934751414,-77.0732898841",-77.0732898841,3A,3700 - 3749 block of newark street nw,3,2,others,property,204,"7/21/2025, 3:39:00 PM",140765.55,001002,2D2,38.934751414,25110231,"7/21/2025, 7:31:53 PM",6
000903 2,day,theft f/auto,,precinct 9,"7/1/2024, 1:15:00 PM",2024,,cluster 13,theft f/auto,391716.26,property|theft f/auto,"38.9412663522,-77.0955518455",-77.0955518455,3D,4800 - 4899 block of tilden street nw,3,2,others,property,205,"7/1/2024, 12:00:00 PM",141490.55,000903,2D2,38.9412663522,24100481,"7/1/2024, 1:18:05 PM",7
001200 4,day,theft f/auto,,precinct 33,"7/8/2025, 7:00:00 AM",2025,,cluster 11,theft f/auto,393449.88,property|theft f/auto,"38.9422190208,-77.0755557725",-77.0755557725,3A,3800 - 3899 block of upton street nw,3,2,others,property,202,"7/8/2025, 2:00:00 AM",141594.68,001200,2D1,38.9422190208,25102621,"7/8/2025, 9:39:14 AM",7
000703 2,day,theft f/auto,,precinct 28,"6/27/2023, 10:02:00 AM",2023,,cluster 14,theft f/auto,392960,property|theft f/auto,"38.9302821241,-77.0811929554",-77.0811929554,3B,4000 - 4299 block of cathedral avenue nw,3,2,others,property,204,"6/27/2023, 10:01:00 AM",140270,000703,2D2,38.9302821241,23103349,"6/27/2023, 11:08:11 AM",7
001004 2,evening,theft/other,,precinct 31,"1/12/2026, 8:16:00 PM",2026,,cluster 11,theft/other,393070.63,property|theft/other,"38.9483570552,-77.0799373128",-77.0799373128,3E,4500 - 4537 block of wisconsin avenue nw,3,2,others,property,202,"1/12/2026, 7:42:00 PM",142276.38,001004,2D1,38.9483570552,26005562,"1/12/2026, 9:44:40 PM",6
001002 4,evening,theft/other,,precinct 29,"8/26/2025, 7:35:00 PM",2025,,cluster 14,theft/other,393645.65,property|theft/other,"38.934751414,-77.0732898841",-77.0732898841,3A,3700 - 3749 block of newark street nw,3,2,others,property,204,"8/26/2025, 7:29:00 PM",140765.55,001002,2D2,38.934751414,25130413,"8/26/2025, 8:18:57 PM",6
001100 4,evening,theft/other,,precinct 32,"6/12/2026, 4:00:00 PM",2026,,cluster 11,theft/other,393102.54,property|theft/other,"38.9496787299,-77.0795706737",-77.0795706737,3E,4000 - 4099 block of brandywine street nw,3,2,others,property,202,"6/11/2026, 2:00:00 PM",142423.07,001100,2D1,38.9496787299,26082490,"6/15/2026, 7:19:00 PM",6
001002 4,evening,theft/other,,precinct 29,"10/18/2025, 10:24:00 PM",2025,,cluster 14,theft/other,393645.65,property|theft/other,"38.934751414,-77.0732898841",-77.0732898841,3A,3700 - 3749 block of newark street nw,3,2,others,property,204,"10/18/2025, 10:06:00 PM",140765.55,001002,2D2,38.934751414,25158993,"10/18/2025, 10:36:27 PM",6
000903 2,evening,theft f/auto,,precinct 9,"12/19/2024, 6:15:00 PM",2024,,cluster 13,theft f/auto,391696.79,property|theft f/auto,"38.945126307,-77.0957816153",-77.0957816153,3D,4800 - 4899 block of massachusetts avenue nw,3,,others,property,,"12/19/2024, 4:40:00 PM",141919.06,000903,,38.945126307,24425463,"12/20/2024, 7:30:28 PM",7
001004 2,day,theft/other,,precinct 31,"12/15/2024, 1:55:00 PM",2024,,cluster 11,theft/other,393070.63,property|theft/other,"38.9483570552,-77.0799373128",-77.0799373128,3E,4500 - 4537 block of wisconsin avenue nw,3,2,others,property,202,"12/15/2024, 1:11:00 PM",142276.38,001004,2D1,38.9483570552,24193994,"12/15/2024, 2:31:09 PM",6
001002 4,evening,theft/other,,precinct 29,"6/28/2025, 9:45:00 PM",2025,,cluster 14,theft/other,393645.65,property|theft/other,"38.934751414,-77.0732898841",-77.0732898841,3A,3700 - 3749 block of newark street nw,3,2,others,property,204,"6/28/2025, 9:40:00 PM",140765.55,001002,2D2,38.934751414,25097170,"6/28/2025, 10:07:50 PM",6
001100 4,evening,theft/other,,precinct 32,"6/29/2026, 5:45:00 PM",2026,,cluster 11,theft/other,393173.95,property|theft/other,"38.9487916125,-77.0787458915",-77.0787458915,3E,4500 - 4599 block of 40th street nw,3,2,others,property,202,"6/29/2026, 5:17:00 PM",142324.53,001100,2D1,38.9487916125,26089834,"6/29/2026, 6:11:11 PM",6
001200 4,evening,theft/other,,precinct 33,,2022,,cluster 11,theft/other,393227,property|theft/other,"38.9451298886,-77.0781298887",-77.0781298887,3E,4300 - 4326 block of wisconsin avenue nw,3,2,others,property,202,"10/29/2022, 12:00:00 AM",141918,001200,2D1,38.9451298886,22157324,"10/29/2022, 4:19:06 PM",6
001002 4,day,theft/other,,precinct 29,,2025,,cluster 14,theft/other,393645.65,property|theft/other,"38.934751414,-77.0732898841",-77.0732898841,3A,3700 - 3749 block of newark street nw,3,2,others,property,204,"8/31/2025, 9:41:00 AM",140765.55,001002,2D2,38.934751414,25132909,"8/31/2025, 10:53:49 AM",6
000804 3,evening,theft/other,,precinct 10,"7/20/2026, 7:53:00 PM",2026,,cluster 14,theft/other,392960.84,property|theft/other,"38.9302858242,-77.0811832718",-77.0811832718,3B,4000 - 4299 block of cathedral avenue nw,3,2,others,property,204,"7/20/2026, 6:26:00 PM",140270.41,000804,2D2,38.9302858242,26101307,"7/20/2026, 8:02:49 PM",6
001004 3,evening,theft f/auto,,precinct 30,"8/5/2026, 10:30:00 AM",2026,,cluster 11,theft f/auto,392631.38,property|theft f/auto,"38.943166334,-77.0849983193",-77.0849983193,3E,4300 - 4399 block of van ness street nw,3,2,others,property,202,"8/5/2026, 10:00:00 AM",141700.56,001004,2D1,38.943166334,26110307,"8/6/2026, 7:46:23 PM",7
000704 2,midnight,theft/other,,precinct 28,"6/23/2024, 2:55:00 PM",2024,,cluster 14,theft/other,393476.5,property|theft/other,"38.9290219749,-77.0752347833",-77.0752347833,3A,3800 - 3825 block of cathedral avenue nw,3,2,others,property,204,"6/23/2024, 11:55:00 AM",140129.67,000704,2D2,38.9290219749,24422428,"7/4/2024, 4:01:42 AM",6
001002 4,evening,theft/other,,precinct 29,"9/6/2024, 6:45:00 PM",2024,,cluster 14,theft/other,393645.65,property|theft/other,"38.934751414,-77.0732898841",-77.0732898841,3A,3700 - 3749 block of newark street nw,3,2,others,property,204,"9/6/2024, 4:53:00 PM",140765.55,001002,2D2,38.934751414,24137707,"9/6/2024, 8:44:32 PM",6
000903 2,evening,theft f/auto,,precinct 9,"8/23/2023, 5:00:00 PM",2023,,cluster 13,theft f/auto,391535.99,property|theft f/auto,"38.9337319912,-77.0976209202",-77.0976209202,3D,4830 - 4960 block of rockwood parkway nw,3,2,others,property,205,"8/23/2023, 2:00:00 PM",140654.36,000903,2D2,38.9337319912,23139012,"8/23/2023, 8:35:44 PM",7
000704 1,day,assault w/dangerous weapon,,precinct 28,"6/22/2023, 12:12:00 PM",2023,,cluster 14,assault w/dangerous weapon,393681,violent|assault w/dangerous weapon,"38.9304407462,-77.0728777576",-77.0728777576,3A,3000 - 3199 block of wisconsin avenue nw,3,2,others,violent,204,"6/22/2023, 12:10:00 PM",140287,000704,2D2,38.9304407462,23100415,"6/22/2023, 2:27:07 PM",3
001002 4,evening,theft/other,,precinct 29,"7/20/2024, 6:20:00 PM",2024,,cluster 14,theft/other,393645.65,property|theft/other,"38.934751414,-77.0732898841",-77.0732898841,3A,3700 - 3749 block of newark street nw,3,2,others,property,204,"7/20/2024, 5:31:00 PM",140765.55,001002,2D2,38.934751414,24111355,"7/20/2024, 6:25:47 PM",6
001002 4,evening,theft/other,,precinct 29,"11/30/2025, 5:48:00 PM",2025,,cluster 14,theft/other,393645.65,property|theft/other,"38.934751414,-77.0732898841",-77.0732898841,3A,3700 - 3749 block of newark street nw,3,2,others,property,204,"11/30/2025, 5:47:00 PM",140765.55,001002,2D2,38.934751414,25181193,"11/30/2025, 6:22:04 PM",6
001100 4,day,theft/other,,precinct 32,"7/19/2024, 9:49:00 AM",2024,,cluster 11,theft/other,393102.54,property|theft/other,"38.9496787299,-77.0795706737",-77.0795706737,3E,4000 - 4099 block of brandywine street nw,3,2,others,property,202,"7/14/2024, 3:00:00 PM",142423.07,001100,2D1,38.9496787299,24110514,"7/19/2024, 1:39:44 PM",6
000703 1,evening,theft/other,,precinct 28,"6/11/2026, 11:00:00 AM",2026,,cluster 14,theft/other,393203.59,property|theft/other,"38.9324226132,-77.0783859624",-77.0783859624,3A,3900 - 4099 block of massachusetts avenue nw,3,2,others,property,205,"6/11/2026, 9:00:00 AM",140507.4,000703,2D2,38.9324226132,26094405,"7/7/2026, 8:03:39 PM",6
001002 2,day,theft/other,,precinct 29,"9/25/2025, 10:50:00 PM",2025,,cluster 14,theft/other,393455.55,property|theft/other,"38.9403667792,-77.0754884077",-77.0754884077,3A,3901 - 3999 block of wisconsin avenue nw,3,2,others,property,204,"9/25/2025, 3:50:00 PM",141389.06,001002,2D2,38.9403667792,25425289,"12/8/2025, 9:01:16 AM",6
001004 2,day,theft/other,,precinct 31,"4/27/2023, 11:30:00 AM",2023,,cluster 11,theft/other,393070,property|theft/other,"38.9483536271,-77.0799445766",-77.0799445766,3E,4500 - 4537 block of wisconsin avenue nw,3,2,others,property,202,"4/27/2023, 10:31:00 AM",142276,001004,2D1,38.9483536271,23065314,"4/27/2023, 12:54:16 PM",6
000903 2,evening,theft f/auto,,precinct 9,"7/23/2026, 8:50:00 PM",2026,,cluster 13,theft f/auto,391821.4,property|theft f/auto,"38.9407944023,-77.0943384446",-77.0943384446,3D,3900 - 3999 block of 48th street nw,3,2,others,property,205,"7/23/2026, 11:00:00 AM",141438.05,000903,2D2,38.9407944023,26102923,"7/23/2026, 9:22:51 PM",7
001002 2,evening,theft f/auto,,precinct 29,"4/24/2026, 12:00:00 PM",2026,,cluster 14,theft f/auto,393455.55,property|theft f/auto,"38.9403667792,-77.0754884077",-77.0754884077,3A,3901 - 3999 block of wisconsin avenue nw,3,2,others,property,204,"4/24/2026, 6:40:00 AM",141389.06,001002,2D2,38.9403667792,26055213,"4/25/2026, 7:37:03 PM",7
000704 1,day,motor vehicle theft,,precinct 28,"7/9/2023, 8:00:00 AM",2023,,cluster 14,motor vehicle theft,393681.01,property|motor vehicle theft,"38.9304475926,-77.0728776493",-77.0728776493,3A,3000 - 3199 block of wisconsin avenue nw,3,2,others,property,204,"7/8/2023, 9:00:00 PM",140287.76,000704,2D2,38.9304475926,23110705,"7/9/2023, 8:38:00 AM",8
001003 3,evening,theft/other,,precinct 30,"5/31/2023, 5:20:00 PM",2023,,cluster 11,theft/other,391696,property|theft/other,"38.9451257591,-77.0957907276",-77.0957907276,3E,4800 - 4899 block of massachusetts avenue nw,3,2,others,property,202,"5/31/2023, 4:58:00 PM",141919,001003,2D1,38.9451257591,23086282,"5/31/2023, 5:30:45 PM",6
000804 1,evening,theft/other,,precinct 8,"2/8/2026, 5:15:00 PM",2026,,cluster 13,theft/other,391723.36,property|theft/other,"38.9274848967,-77.0954514965",-77.0954514965,3D,2600 - 3199 block of chain bridge road nw,3,2,others,property,205,"2/8/2026, 5:00:00 PM",139960.68,000804,2D2,38.9274848967,26017426,"2/8/2026, 5:57:56 PM",6
001004 2,evening,theft/other,,precinct 31,"8/25/2023, 9:40:00 PM",2023,,cluster 11,theft/other,393016.93,property|theft/other,"38.9503734019,-77.0805590756",-77.0805590756,3E,4600 - 4699 block of wisconsin avenue nw,3,2,others,property,202,"8/25/2023, 8:50:00 PM",142500.26,001004,2D1,38.9503734019,23140256,"8/25/2023, 9:52:56 PM",6
000703 1,evening,theft f/auto,,precinct 28,"10/9/2024, 12:00:00 PM",2024,,cluster 14,theft f/auto,393203.59,property|theft f/auto,"38.9324226132,-77.0783859624",-77.0783859624,3A,3900 - 4099 block of massachusetts avenue nw,3,2,others,property,205,"10/9/2024, 11:00:00 AM",140507.4,000703,2D2,38.9324226132,24156675,"10/9/2024, 3:46:03 PM",7
000804 3,day,theft f/auto,,precinct 8,"6/13/2026, 8:00:00 AM",2026,,cluster 13,theft f/auto,392310.32,property|theft f/auto,"38.9250587961,-77.0886792796",-77.0886792796,3D,4462 - 4599 block of dexter street nw,3,2,others,property,205,"5/13/2026, 6:00:00 AM",139690.77,000804,2D2,38.9250587961,26082749,"6/16/2026, 9:54:10 AM",7
001002 2,day,assault w/dangerous weapon,,precinct 29,"11/20/2024, 12:05:00 PM",2024,,cluster 14,assault w/dangerous weapon,393240.35,violent|assault w/dangerous weapon,"38.9367774178,-77.077966755",-77.077966755,3A,3900 - 3999 block of langley court nw,3,2,knife,violent,204,"11/20/2024, 12:01:00 PM",140990.79,001002,2D2,38.9367774178,24180447,"11/20/2024, 12:49:30 PM",3
001002 4,day,theft f/auto,,precinct 29,,2024,,cluster 14,theft f/auto,393525.51000795,property|theft f/auto,"38.935430393,-77.0746762677",-77.0746762677,3A,newark street nw and 38th street nw,3,2,others,property,204,"1/2/2024, 11:52:00 AM",140841.02000013,001002,2D2,38.935430393,24000809,"1/2/2024, 12:25:51 PM",7
001004 2,evening,theft/other,,precinct 31,"9/11/2023, 3:40:00 PM",2023,,cluster 11,theft/other,392990.76,property|theft/other,"38.9479135748,-77.0808581915",-77.0808581915,3E,4100 - 4199 block of albemarle street nw,3,2,others,property,202,"9/11/2023, 3:00:00 PM",142227.22,001004,2D1,38.9479135748,23423757,"9/19/2023, 3:53:48 PM",6
000903 2,day,theft f/auto,,precinct 9,"8/15/2023, 12:45:00 PM",2023,,cluster 13,theft f/auto,391604.25,property|theft f/auto,"38.9345736607,-77.0968347761",-77.0968347761,3D,4800 - 4999 block of indian lane nw,3,2,others,property,205,"8/15/2023, 10:00:00 AM",140747.72,000903,2D2,38.9345736607,23133972,"8/15/2023, 2:03:40 PM",7
000703 1,evening,theft f/auto,,precinct 28,"12/9/2022, 11:00:00 AM",2022,,cluster 14,theft f/auto,392960,property|theft f/auto,"38.9302821241,-77.0811929554",-77.0811929554,3A,4000 - 4299 block of cathedral avenue nw,3,2,others,property,205,"12/9/2022, 9:00:00 AM",140270,000703,2D2,38.9302821241,22179763,"12/10/2022, 4:37:38 PM",7
000704 1,midnight,motor vehicle theft,,precinct 28,"2/7/2025, 11:30:00 PM",2025,,cluster 14,motor vehicle theft,393474.06,property|motor vehicle theft,"38.9321148682,-77.0752661882",-77.0752661882,3A,3800 - 3899 block of woodley road nw,3,2,others,property,204,"2/7/2025, 10:15:00 PM",140473.01,000704,2D2,38.9321148682,25018760,"2/8/2025, 12:45:36 AM",8
001002 1,evening,theft/other,,precinct 10,"10/4/2025, 1:00:00 PM",2025,,cluster 14,theft/other,392798.58,property|theft/other,"38.9358388469,-77.0830611003",-77.0830611003,3A,4200 - 4349 block of massachusetts avenue nw,3,2,others,property,204,"10/2/2025, 12:00:00 AM",140886.99,001002,2D2,38.9358388469,25424322,"10/7/2025, 4:02:49 PM",6
001100 4,evening,motor vehicle theft,,precinct 32,"12/21/2025, 9:44:00 PM",2025,,cluster 11,motor vehicle theft,393113.91,property|motor vehicle theft,"38.9474950334,-77.0794370733",-77.0794370733,3E,4404 - 4499 block of wisconsin avenue nw,3,2,others,property,202,"12/21/2025, 8:46:00 PM",142180.65,001100,2D1,38.9474950334,25191539,"12/21/2025, 9:59:53 PM",8
001004 2,evening,theft/other,,precinct 31,"6/11/2025, 5:49:00 PM",2025,,cluster 11,theft/other,393070.63,property|theft/other,"38.9483570552,-77.0799373128",-77.0799373128,3E,4500 - 4537 block of wisconsin avenue nw,3,2,others,property,202,"6/11/2025, 5:39:00 PM",142276.38,001004,2D1,38.9483570552,25087525,"6/11/2025, 6:42:33 PM",6
001200 4,day,theft f/auto,,precinct 33,"7/27/2025, 7:15:00 AM",2025,,cluster 11,theft f/auto,393427.31,property|theft f/auto,"38.9431637312,-77.0758171227",-77.0758171227,3E,3800 - 3899 block of van ness street nw,3,2,others,property,202,"7/26/2025, 7:10:00 PM",141699.57,001200,2D1,38.9431637312,25423096,"8/7/2025, 7:32:16 AM",7
000600 4,day,motor vehicle theft,,precinct 27,"9/22/2023, 9:33:00 AM",2023,,cluster 15,motor vehicle theft,393763.81,property|motor vehicle theft,"38.9362831305,-77.0719285937",-77.0719285937,3A,3600 - 3687 block of ordway street nw,3,2,others,property,203,"9/21/2023, 11:00:00 PM",140935.49,000600,2D1,38.9362831305,23156464,"9/22/2023, 9:35:39 AM",8
001003 3,evening,theft/other,,precinct 30,"4/29/2024, 3:30:00 PM",2024,,cluster 11,theft/other,391696.79,property|theft/other,"38.945126307,-77.0957816153",-77.0957816153,3E,4800 - 4899 block of massachusetts avenue nw,3,2,others,property,202,"4/29/2024, 3:28:00 PM",141919.06,001003,2D1,38.945126307,24064081,"4/29/2024, 4:17:19 PM",6
001002 3,day,theft/other,,precinct 29,"10/15/2025, 9:20:00 PM",2025,,cluster 14,theft/other,393411.39,property|theft/other,"38.9383795808,-77.0759956628",-77.0759956628,3A,3600 - 3699 block of 38th street nw,3,2,others,property,204,"10/12/2025, 5:00:00 PM",141168.5,001002,2D2,38.9383795808,25424489,"10/16/2025, 11:01:55 AM",6
000904 2,day,burglary,,precinct 9,"11/18/2023, 8:00:00 AM",2023,,cluster 13,burglary,391587.02,property|burglary,"38.9460519441,-77.0970491269",-77.0970491269,3D,4900 - 4908 block of massachusetts avenue nw,3,2,others,property,205,"11/17/2023, 6:30:00 PM",142021.93,000904,2D2,38.9460519441,23189041,"11/18/2023, 10:59:54 AM",5
001100 4,evening,robbery,,precinct 32,,2023,,cluster 11,robbery,393038.96,violent|robbery,"38.9527100513,-77.0803075624",-77.0803075624,3E,4800 - 4899 block of 41st street nw,3,2,others,violent,202,"12/12/2023, 3:20:00 PM",142759.63,001100,2D1,38.9527100513,23201997,"12/12/2023, 4:52:47 PM",4
001002 2,day,theft/other,,precinct 29,"2/3/2023, 3:35:00 PM",2023,,cluster 14,theft/other,393431,property|theft/other,"38.9408795279,-77.0757721301",-77.0757721301,3A,3900 - 4099 block of wisconsin avenue nw,3,2,others,property,204,"2/3/2023, 9:02:00 AM",141446,001002,2D2,38.9408795279,23420662,"2/7/2023, 2:53:02 PM",6
001002 4,day,theft/other,,precinct 29,,2024,,cluster 14,theft/other,393645.65,property|theft/other,"38.934751414,-77.0732898841",-77.0732898841,3A,3700 - 3749 block of newark street nw,3,2,others,property,204,"8/19/2024, 1:56:00 PM",140765.55,001002,2D2,38.934751414,24127414,"8/19/2024, 2:34:44 PM",6
000600 4,day,theft f/auto,,precinct 29,,2024,,cluster 15,theft f/auto,393721.67,property|theft f/auto,"38.9396905773,-77.0724181001",-77.0724181001,3A,3700 - 3999 block of 37th street nw,3,2,others,property,203,"12/15/2024, 10:54:00 AM",141313.78,000600,2D1,38.9396905773,24193945,"12/15/2024, 12:03:21 PM",7
001100 4,day,theft/other,,precinct 32,,2025,,cluster 11,theft/other,393173.95,property|theft/other,"38.9487916125,-77.0787458915",-77.0787458915,3E,4500 - 4599 block of 40th street nw,3,2,others,property,202,"7/2/2025, 11:30:00 AM",142324.53,001100,2D1,38.9487916125,25099161,"7/2/2025, 12:09:44 PM",6
001003 1,day,burglary,,precinct 31,"6/21/2024, 8:20:00 AM",2024,,cluster 11,burglary,391897.21,property|burglary,"38.9496945627,-77.0934756611",-77.0934756611,3E,4700 - 4799 block of brandywine street nw,3,2,others,property,202,"6/21/2024, 8:00:00 AM",142425.97,001003,2D1,38.9496945627,24096195,"6/24/2024, 11:12:59 AM",5
001002 4,day,theft/other,,precinct 29,"10/8/2025, 1:00:00 PM",2025,,cluster 14,theft/other,393720.86,property|theft/other,"38.9340623694,-77.0724217259",-77.0724217259,3A,3300 - 3399 block of wisconsin avenue nw,3,2,others,property,204,"10/8/2025, 12:00:00 PM",140689,001002,2D2,38.9340623694,25154664,"10/10/2025, 12:56:19 PM",6
001100 4,evening,theft/other,,precinct 32,"10/31/2024, 4:17:00 PM",2024,,cluster 11,theft/other,393173.95,property|theft/other,"38.9487916125,-77.0787458915",-77.0787458915,3E,4500 - 4599 block of 40th street nw,3,2,others,property,202,"10/31/2024, 4:15:00 PM",142324.53,001100,2D1,38.9487916125,24169338,"10/31/2024, 7:19:10 PM",6
000804 3,evening,theft/other,,precinct 10,"6/11/2024, 4:27:00 PM",2024,,cluster 13,theft/other,392104.38,property|theft/other,"38.9328063652,-77.091064125",-77.091064125,3D,3200 - 3299 block of foxhall road nw,3,2,others,property,205,"6/11/2024, 4:27:00 PM",140551.02,000804,2D2,38.9328063652,24422213,"6/18/2024, 3:21:56 PM",6
001003 3,evening,theft f/auto,,precinct 30,"9/24/2024, 3:07:00 PM",2024,,cluster 11,theft f/auto,391696.79,property|theft f/auto,"38.945126307,-77.0957816153",-77.0957816153,3E,4800 - 4899 block of massachusetts avenue nw,3,2,others,property,202,"9/24/2024, 2:45:00 PM",141919.06,001003,2D1,38.945126307,24148048,"9/24/2024, 8:45:18 PM",7
000703 1,day,theft f/auto,,precinct 28,"9/25/2024, 1:20:00 PM",2024,,cluster 14,theft f/auto,392960.84,property|theft f/auto,"38.9302858242,-77.0811832718",-77.0811832718,3A,4000 - 4299 block of cathedral avenue nw,3,2,others,property,205,"9/25/2024, 11:00:00 AM",140270.41,000703,2D2,38.9302858242,24148510,"9/25/2024, 2:42:18 PM",7
001002 4,day,theft/other,,precinct 29,"1/3/2025, 12:54:00 PM",2025,,cluster 14,theft/other,393645.65,property|theft/other,"38.934751414,-77.0732898841",-77.0732898841,3A,3700 - 3749 block of newark street nw,3,2,others,property,204,"1/3/2025, 12:50:00 PM",140765.55,001002,2D2,38.934751414,25001272,"1/3/2025, 1:43:36 PM",6
001003 3,evening,theft/other,,precinct 30,"10/13/2024, 5:39:00 PM",2024,,cluster 11,theft/other,391696.79,property|theft/other,"38.945126307,-77.0957816153",-77.0957816153,3E,4800 - 4899 block of massachusetts avenue nw,3,2,others,property,202,"10/13/2024, 4:55:00 PM",141919.06,001003,2D1,38.945126307,24158972,"10/13/2024, 5:38:17 PM",6
001004 2,day,theft/other,,precinct 31,"10/17/2024, 12:00:00 PM",2024,,cluster 11,theft/other,392317.13,property|theft/other,"38.9515749383,-77.0886337033",-77.0886337033,3E,4700 - 4799 block of 45th street nw,3,2,others,property,202,"8/17/2024, 4:00:00 PM",142634.29,001004,2D1,38.9515749383,24161605,"10/18/2024, 1:04:28 PM",6
000903 2,day,theft f/auto,,precinct 9,"8/27/2024, 9:00:00 AM",2024,,cluster 13,theft f/auto,391696.79,property|theft f/auto,"38.945126307,-77.0957816153",-77.0957816153,3D,4800 - 4899 block of massachusetts avenue nw,3,2,others,property,205,"8/27/2024, 7:00:00 AM",141919.06,000903,2D2,38.945126307,24131912,"8/27/2024, 1:03:28 PM",7
000904 2,evening,theft f/auto,,precinct 9,"9/12/2023, 3:40:00 PM",2023,,cluster 13,theft f/auto,391560.97,property|theft f/auto,"38.9403181035,-77.0973418011",-77.0973418011,3D,4900 - 4999 block of sedgwick street nw,3,2,others,property,205,"9/12/2023, 3:10:00 PM",141385.45,000904,2D2,38.9403181035,23150799,"9/12/2023, 4:49:26 PM",7
001002 4,evening,theft/other,,precinct 29,"4/12/2025, 5:16:00 PM",2025,,cluster 14,theft/other,393720.86,property|theft/other,"38.9340623694,-77.0724217259",-77.0724217259,3A,3300 - 3399 block of wisconsin avenue nw,3,2,others,property,204,"4/12/2025, 4:08:00 PM",140689,001002,2D2,38.9340623694,25053187,"4/12/2025, 6:24:13 PM",6
001100 4,day,theft/other,,precinct 32,"10/9/2024, 3:00:00 PM",2024,,cluster 11,theft/other,393070.63,property|theft/other,"38.9483570552,-77.0799373128",-77.0799373128,3E,4500 - 4537 block of wisconsin avenue nw,3,2,others,property,202,"10/9/2024, 12:00:00 PM",142276.38,001100,2D1,38.9483570552,24157732,"10/11/2024, 2:09:17 PM",6
001004 2,evening,theft/other,,precinct 31,"12/5/2023, 3:45:00 PM",2023,,cluster 11,theft/other,393070.63,property|theft/other,"38.9483570552,-77.0799373128",-77.0799373128,3E,4500 - 4537 block of wisconsin avenue nw,3,2,others,property,202,"11/11/2023, 3:00:00 PM",142276.38,001004,2D1,38.9483570552,23201953,"12/12/2023, 7:18:43 PM",6
000704 1,day,theft/other,,precinct 28,"4/16/2023, 12:28:00 PM",2023,,cluster 14,theft/other,393632,property|theft/other,"38.9319267626,-77.073444411",-77.073444411,3A,3700 - 3799 block of woodley road nw,3,2,others,property,204,"4/13/2023, 7:00:00 PM",140452,000704,2D2,38.9319267626,23059143,"4/16/2023, 12:43:29 PM",6
001100 4,evening,theft/other,,precinct 32,"1/28/2024, 10:17:00 PM",2024,,cluster 11,theft/other,393039.43,property|theft/other,"38.9492466458,-77.0802982386",-77.0802982386,3E,4530 - 4599 block of wisconsin avenue nw,3,,others,property,,"1/28/2024, 10:14:00 PM",142375.16,001100,,38.9492466458,24014234,"1/28/2024, 10:41:52 PM",6
000904 1,day,theft/other,,precinct 8,"11/8/2022, 4:30:00 PM",2022,,cluster 13,theft/other,390919,property|theft/other,"38.9357314378,-77.1047400064",-77.1047400064,3D,5100 - 5199 block of loughboro road nw,3,2,others,property,205,"11/8/2022, 4:30:00 PM",140877,000904,2D2,38.9357314378,22163307,"11/9/2022, 10:08:43 AM",6
001004 2,day,theft/other,,precinct 31,"3/10/2025, 8:38:00 AM",2025,,cluster 11,theft/other,393070.63,property|theft/other,"38.9483570552,-77.0799373128",-77.0799373128,3E,4500 - 4537 block of wisconsin avenue nw,3,2,others,property,202,"3/10/2025, 8:15:00 AM",142276.38,001004,2D1,38.9483570552,25034356,"3/10/2025, 8:35:50 AM",6
001004 2,evening,theft f/auto,,precinct 31,"11/25/2022, 2:35:00 PM",2022,,cluster 11,theft f/auto,393016,property|theft f/auto,"38.9503710524,-77.0805698017",-77.0805698017,3E,4600 - 4699 block of wisconsin avenue nw,3,2,others,property,202,"11/25/2022, 12:00:00 PM",142500,001004,2D1,38.9503710524,22171806,"11/25/2022, 6:31:46 PM",7
000703 2,day,theft f/auto,,precinct 28,"12/1/2023, 11:08:00 AM",2023,,cluster 14,theft f/auto,392884.2,property|theft f/auto,"38.9268926783,-77.082063263",-77.082063263,3B,2800 - 2899 block of new mexico avenue nw,3,2,others,property,204,"12/1/2023, 11:00:00 AM",139893.81,000703,2D2,38.9268926783,23195689,"12/1/2023, 12:03:16 PM",7
001100 4,evening,theft/other,,precinct 32,,2024,,cluster 11,theft/other,393173.95,property|theft/other,"38.9487916125,-77.0787458915",-77.0787458915,3E,4500 - 4599 block of 40th street nw,3,2,others,property,202,"11/25/2024, 3:46:00 PM",142324.53,001100,2D1,38.9487916125,24183368,"11/25/2024, 4:06:43 PM",6
000804 1,evening,theft/other,,precinct 8,"9/9/2024, 2:09:00 PM",2024,,cluster 13,theft/other,391723.36,property|theft/other,"38.9274848967,-77.0954514965",-77.0954514965,3D,2600 - 3199 block of chain bridge road nw,3,2,others,property,205,"9/9/2024, 1:03:00 PM",139960.68,000804,2D2,38.9274848967,24139153,"9/9/2024, 3:58:02 PM",6
001004 2,evening,theft/other,,precinct 31,"3/8/2025, 6:06:00 PM",2025,,cluster 11,theft/other,393070.63,property|theft/other,"38.9483570552,-77.0799373128",-77.0799373128,3E,4500 - 4537 block of wisconsin avenue nw,3,2,others,property,202,"3/8/2025, 4:26:00 PM",142276.38,001004,2D1,38.9483570552,25033722,"3/8/2025, 7:21:58 PM",6
001100 4,day,theft/other,,precinct 32,"7/3/2025, 9:25:00 AM",2025,,cluster 11,theft/other,393173.95,property|theft/other,"38.9487916125,-77.0787458915",-77.0787458915,3E,4500 - 4599 block of 40th street nw,3,2,others,property,202,"7/3/2025, 9:20:00 AM",142324.53,001100,2D1,38.9487916125,25099713,"7/3/2025, 9:41:13 AM",6
001100 4,midnight,theft/other,,precinct 32,"10/22/2024, 4:30:00 AM",2024,,cluster 11,theft/other,393039.43,property|theft/other,"38.9492466458,-77.0802982386",-77.0802982386,3E,4530 - 4599 block of wisconsin avenue nw,3,2,others,property,202,"10/22/2024, 4:08:00 AM",142375.16,001100,2D1,38.9492466458,24163812,"10/22/2024, 4:30:02 AM",6
001004 2,midnight,burglary,,precinct 31,"9/18/2024, 11:59:00 PM",2024,,cluster 11,burglary,392579.9,property|burglary,"38.9510406648,-77.0856016053",-77.0856016053,3E,4311 - 4399 block of chesapeake street nw,3,2,others,property,202,"9/15/2024, 12:00:00 AM",142574.73,001004,2D1,38.9510406648,24145222,"9/20/2024, 12:43:47 AM",5
000703 2,evening,theft/other,,precinct 28,"2/19/2026, 4:00:00 PM",2026,,cluster 14,theft/other,393225.16,property|theft/other,"38.9269863572,-77.0781312291",-77.0781312291,3B,3900 - 3979 block of watson place nw,3,2,others,property,204,"2/19/2026, 6:30:00 AM",139903.91,000703,2D2,38.9269863572,26022576,"2/19/2026, 7:36:30 PM",6
000803 2,day,theft f/auto,,precinct 10,"4/10/2023, 12:00:00 PM",2023,,cluster 14,theft f/auto,392994,property|theft f/auto,"38.9341829904,-77.0808052509",-77.0808052509,3B,4100 - 4199 block of massachusetts avenue nw,3,2,others,property,205,"4/9/2023, 3:00:00 AM",140703,000803,2D2,38.9341829904,23055470,"4/10/2023, 12:05:35 PM",7
001004 2,evening,theft/other,,precinct 31,"1/5/2025, 5:45:00 PM",2025,,cluster 11,theft/other,393070.63,property|theft/other,"38.9483570552,-77.0799373128",-77.0799373128,3E,4500 - 4537 block of wisconsin avenue nw,3,2,others,property,202,"1/5/2025, 5:39:00 PM",142276.38,001004,2D1,38.9483570552,25002434,"1/5/2025, 5:48:40 PM",6
000600 4,evening,theft/other,,precinct 27,"10/29/2022, 6:08:00 PM",2022,,cluster 15,theft/other,393784,property|theft/other,"38.9346303412,-77.071694059",-77.071694059,3A,3600 - 3699 block of newark street nw,3,2,others,property,203,"10/29/2022, 6:01:00 PM",140752,000600,2D1,38.9346303412,22157421,"10/29/2022, 7:02:04 PM",6
000903 1,day,theft f/auto,,precinct 9,"1/5/2026, 12:30:00 PM",2026,,cluster 13,theft f/auto,392375.89,property|theft f/auto,"38.9394013931,-77.0879407978",-77.0879407978,3E,4400 - 4500 block of massachusetts avenue nw,3,2,others,property,205,"1/5/2026, 9:30:00 AM",141282.86,000903,2D2,38.9394013931,26001928,"1/5/2026, 1:35:08 PM",7
001004 2,evening,theft/other,,precinct 31,"2/16/2026, 1:27:00 PM",2026,,cluster 11,theft/other,393070.63,property|theft/other,"38.9483570552,-77.0799373128",-77.0799373128,3E,4500 - 4537 block of wisconsin avenue nw,3,2,others,property,202,"2/16/2026, 1:14:00 PM",142276.38,001004,2D1,38.9483570552,26021048,"2/16/2026, 4:41:26 PM",6
001004 2,day,theft f/auto,,precinct 31,"4/8/2026, 12:00:00 PM",2026,,cluster 11,theft f/auto,392976.85,property|theft f/auto,"38.9515608227,-77.0810228019",-77.0810228019,3E,4700 - 4799 block of wisconsin avenue nw,3,2,others,property,202,"4/8/2026, 11:52:00 AM",142632.11,001004,2D1,38.9515608227,26046193,"4/8/2026, 1:42:25 PM",7
000803 2,day,theft/other,,precinct 10,,2026,,cluster 14,theft/other,392583.69,property|theft/other,"38.9329722406,-77.0855362009",-77.0855362009,3B,3200 - 3299 block of new mexico avenue nw,3,2,others,property,205,"8/19/2026, 4:00:00 PM",140568.97,000803,2D2,38.9329722406,26117414,"8/20/2026, 11:47:37 AM",6
001100 4,evening,theft/other,,precinct 32,"2/3/2026, 12:40:00 PM",2026,,cluster 11,theft/other,393348.63,property|theft/other,"38.9507275689,-77.0767328516",-77.0767328516,3E,3814 - 3989 block of chesapeake street nw,3,2,others,property,202,"2/3/2026, 12:30:00 PM",142539.29,001100,2D1,38.9507275689,26015044,"2/3/2026, 5:34:42 PM",6
000903 2,evening,theft f/auto,,precinct 9,"9/6/2024, 4:27:00 PM",2024,,cluster 13,theft f/auto,391788.95,property|theft f/auto,"38.9324026948,-77.0947016017",-77.0947016017,3D,4800 - 4899 block of loughboro road nw,3,2,others,property,205,"9/6/2024, 3:29:00 PM",140506.53,000903,2D2,38.9324026948,24137648,"9/6/2024, 5:07:49 PM",7
001002 2,evening,theft/other,,precinct 29,"9/1/2025, 3:57:00 PM",2025,,cluster 14,theft/other,393391.9,property|theft/other,"38.9417022317,-77.0762240207",-77.0762240207,3A,4000 - 4099 block of wisconsin avenue nw,3,2,others,property,204,"9/1/2025, 3:24:00 PM",141537.36,001002,2D2,38.9417022317,25133508,"9/1/2025, 4:14:33 PM",6
001002 4,evening,theft f/auto,,precinct 29,,2023,,cluster 14,theft f/auto,393550.16,property|theft f/auto,"38.9360923238,-77.0743926472",-77.0743926472,3A,3400 - 3499 block of 38th street nw,3,2,others,property,204,"7/17/2023, 6:00:00 PM",140914.48,001002,2D2,38.9360923238,23124564,"7/31/2023, 5:36:10 PM",7
001002 2,day,theft/other,,precinct 29,"7/28/2025, 9:03:00 PM",2025,,cluster 14,theft/other,393254.53,property|theft/other,"38.9400305108,-77.0778067509",-77.0778067509,3A,10 - 99 block of ridge square nw,3,2,others,property,204,"7/28/2025, 9:02:00 PM",141351.9,001002,2D2,38.9400305108,25423064,"8/6/2025, 10:32:12 AM",6
001002 2,day,theft f/auto,,precinct 29,"4/19/2023, 1:40:00 PM",2023,,cluster 14,theft f/auto,393242,property|theft f/auto,"38.9383918066,-77.0779494887",-77.0779494887,3A,3700 - 3799 block of 39th street nw,3,2,others,property,204,"4/19/2023, 1:30:00 PM",141170,001002,2D2,38.9383918066,23060934,"4/19/2023, 2:18:42 PM",7
000704 1,evening,theft/other,,precinct 28,"2/17/2023, 10:00:00 PM",2023,,cluster 14,theft/other,393653,property|theft/other,"38.9334763424,-77.0732038014",-77.0732038014,3A,3700 - 3799 block of macomb street nw,3,2,others,property,204,"2/17/2023, 9:15:00 PM",140624,000704,2D2,38.9334763424,23026487,"2/17/2023, 10:28:56 PM",6
001003 2,midnight,burglary,,precinct 31,"7/7/2026, 10:15:00 PM",2026,,cluster 11,burglary,392231.72,property|burglary,"38.9521115303,-77.0896197137",-77.0896197137,3E,4500 - 4599 block of davenport street nw,3,2,others,property,202,"7/5/2026, 6:00:00 AM",142693.94,001003,2D1,38.9521115303,26094491,"7/8/2026, 12:57:05 AM",5
000600 3,day,theft f/auto,,precinct 27,"3/22/2023, 9:52:00 AM",2023,,cluster 15,theft f/auto,393720,property|theft f/auto,"38.9340623633,-77.0724316449",-77.0724316449,3A,3300 - 3399 block of wisconsin avenue nw,3,2,others,property,203,"3/21/2023, 7:00:00 PM",140689,000600,2D1,38.9340623633,23044332,"3/22/2023, 12:32:48 PM",7
001200 4,day,theft/other,,precinct 33,"6/23/2023, 12:25:00 PM",2023,,cluster 11,theft/other,393264,property|theft/other,"38.9443644692,-77.0777022411",-77.0777022411,3E,4227 - 4299 block of wisconsin avenue nw,3,2,others,property,202,"6/23/2023, 11:20:00 AM",141833,001200,2D1,38.9443644692,23100954,"6/23/2023, 12:53:06 PM",6
001003 3,evening,theft/other,,precinct 30,"8/16/2026, 4:47:00 PM",2026,,cluster 11,theft/other,392058.33,property|theft/other,"38.9470985888,-77.0916136066",-77.0916136066,3E,4600 - 4699 block of alton place nw,3,2,others,property,202,"7/20/2026, 4:46:00 PM",142137.63,001003,2D1,38.9470985888,26115305,"8/16/2026, 4:51:44 PM",6
000400 1,evening,theft/other,,precinct 12,"5/30/2023, 10:00:00 AM",2023,,cluster 15,theft/other,393681,property|theft/other,"38.9304407462,-77.0728777576",-77.0728777576,3C,3000 - 3199 block of wisconsin avenue nw,3,2,others,property,204,"5/29/2023, 10:30:00 PM",140287,000400,2D2,38.9304407462,23086258,"5/31/2023, 6:18:04 PM",6
001004 3,evening,theft f/auto,,precinct 30,"7/27/2025, 5:50:00 PM",2025,,cluster 11,theft f/auto,392990.76,property|theft f/auto,"38.9479135748,-77.0808581915",-77.0808581915,3E,4100 - 4199 block of albemarle street nw,3,2,others,property,202,"7/27/2025, 5:00:00 PM",142227.22,001004,2D1,38.9479135748,25113800,"7/27/2025, 7:24:23 PM",7
001100 4,day,theft/other,,precinct 32,"4/5/2023, 10:27:00 AM",2023,,cluster 11,theft/other,393173,property|theft/other,"38.9487868308,-77.0787568455",-77.0787568455,3E,4500 - 4599 block of 40th street nw,3,2,others,property,202,"4/5/2023, 10:25:00 AM",142324,001100,2D1,38.9487868308,23052502,"4/5/2023, 10:53:57 AM",6
000804 3,evening,theft f/auto,,precinct 8,"5/16/2026, 6:30:00 PM",2026,,cluster 13,theft f/auto,392516.67,property|theft f/auto,"38.9248829337,-77.0862993872",-77.0862993872,3D,2700 - 2799 block of 44th street nw,3,2,others,property,205,"5/16/2026, 5:00:00 PM",139671.05,000804,2D2,38.9248829337,26066306,"5/16/2026, 7:04:20 PM",7
001002 4,day,theft/other,,precinct 29,"6/14/2026, 12:59:00 PM",2026,,cluster 14,theft/other,393645.65,property|theft/other,"38.934751414,-77.0732898841",-77.0732898841,3A,3700 - 3749 block of newark street nw,3,2,others,property,204,"6/14/2026, 12:52:00 PM",140765.55,001002,2D2,38.934751414,26081800,"6/14/2026, 2:01:19 PM",6
001003 3,evening,theft/other,,precinct 30,"11/18/2025, 8:00:00 PM",2025,,cluster 11,theft/other,391696.79,property|theft/other,"38.945126307,-77.0957816153",-77.0957816153,3E,4800 - 4899 block of massachusetts avenue nw,3,2,others,property,202,"11/18/2025, 5:28:00 PM",141919.06,001003,2D1,38.945126307,25175479,"11/18/2025, 7:57:56 PM",6
001004 2,evening,theft/other,,precinct 31,"11/24/2025, 5:18:00 PM",2025,,cluster 11,theft/other,393070.63,property|theft/other,"38.9483570552,-77.0799373128",-77.0799373128,3E,4500 - 4537 block of wisconsin avenue nw,3,2,others,property,202,"11/24/2025, 4:07:00 PM",142276.38,001004,2D1,38.9483570552,25178587,"11/24/2025, 6:29:25 PM",6
001003 3,evening,theft f/auto,,precinct 30,"7/12/2024, 3:29:00 PM",2024,,cluster 11,theft f/auto,391696.79,property|theft f/auto,"38.945126307,-77.0957816153",-77.0957816153,3E,4800 - 4899 block of massachusetts avenue nw,3,2,others,property,202,"7/12/2024, 3:25:00 PM",141919.06,001003,2D1,38.945126307,24106825,"7/13/2024, 8:25:14 PM",7
001004 2,day,theft/other,,precinct 31,"11/2/2024, 2:07:00 PM",2024,,cluster 11,theft/other,393070.63,property|theft/other,"38.9483570552,-77.0799373128",-77.0799373128,3E,4500 - 4537 block of wisconsin avenue nw,3,2,others,property,202,"11/2/2024, 1:14:00 PM",142276.38,001004,2D1,38.9483570552,24170479,"11/2/2024, 2:23:23 PM",6
001002 4,day,theft/other,,precinct 29,"9/8/2025, 10:35:00 AM",2025,,cluster 14,theft/other,393645.65,property|theft/other,"38.934751414,-77.0732898841",-77.0732898841,3A,3700 - 3749 block of newark street nw,3,2,others,property,204,"9/8/2025, 10:34:00 AM",140765.55,001002,2D2,38.934751414,25137245,"9/8/2025, 12:54:58 PM",6
001004 2,day,theft/other,,precinct 31,"4/14/2026, 11:19:00 AM",2026,,cluster 11,theft/other,393070.63,property|theft/other,"38.9483570552,-77.0799373128",-77.0799373128,3E,4500 - 4537 block of wisconsin avenue nw,3,2,others,property,202,"4/14/2026, 11:13:00 AM",142276.38,001004,2D1,38.9483570552,26049348,"4/14/2026, 2:09:28 PM",6
001100 4,evening,theft/other,,precinct 32,"1/30/2025, 4:10:00 PM",2025,,cluster 11,theft/other,393173.95,property|theft/other,"38.9487916125,-77.0787458915",-77.0787458915,3E,4500 - 4599 block of 40th street nw,3,2,others,property,202,"1/30/2025, 3:51:00 PM",142324.53,001100,2D1,38.9487916125,25014451,"1/30/2025, 4:28:42 PM",6
000904 2,day,theft f/auto,,precinct 9,"9/8/2023, 12:54:00 PM",2023,,cluster 13,theft f/auto,391199.69,property|theft f/auto,"38.9353760342,-77.1015020283",-77.1015020283,3D,5022 - 5037 block of loughboro road nw,3,2,others,property,205,"9/8/2023, 10:15:00 AM",140837.23,000904,2D2,38.9353760342,23148352,"9/8/2023, 2:01:46 PM",7
000600 4,evening,theft f/auto,,precinct 29,"5/5/2025, 2:15:00 PM",2025,,cluster 15,theft f/auto,393721.67,property|theft f/auto,"38.9396905773,-77.0724181001",-77.0724181001,3A,3700 - 3999 block of 37th street nw,3,2,others,property,203,"5/5/2025, 6:15:00 AM",141313.78,000600,2D1,38.9396905773,25070249,"5/12/2025, 3:36:48 PM",7
001004 2,midnight,theft/other,,precinct 31,"5/2/2026, 5:01:00 AM",2026,,cluster 11,theft/other,392863.3,property|theft/other,"38.9479033601,-77.0823285513",-77.0823285513,3E,4200 - 4209 block of albemarle street nw,3,2,others,property,202,"5/2/2026, 2:11:00 AM",142226.2,001004,2D1,38.9479033601,26058921,"5/2/2026, 11:03:01 PM",6
000804 3,day,motor vehicle theft,,precinct 10,"5/13/2026, 4:00:00 AM",2026,,cluster 13,motor vehicle theft,392314.16,property|motor vehicle theft,"38.9282002076,-77.0886389006",-77.0886389006,3D,2900 - 2999 block of 45th street nw,3,2,others,property,205,"5/12/2026, 10:00:00 AM",140039.49,000804,2D2,38.9282002076,26064351,"5/13/2026, 7:23:05 AM",8
001002 1,day,theft/other,,precinct 10,"12/15/2022, 2:03:00 PM",2022,,cluster 14,theft/other,392798,property|theft/other,"38.935829924,-77.0830677796",-77.0830677796,3A,4200 - 4349 block of massachusetts avenue nw,3,2,others,property,204,"12/15/2022, 12:12:00 PM",140886,001002,2D2,38.935829924,22182322,"12/15/2022, 2:14:35 PM",6
000904 1,midnight,motor vehicle theft,,precinct 8,"8/7/2026, 5:00:00 AM",2026,,cluster 13,motor vehicle theft,391246.32,property|motor vehicle theft,"38.9324262829,-77.1009600248",-77.1009600248,3D,5000 - 5049 block of lowell street nw,3,2,others,property,205,"8/7/2026, 4:45:00 AM",140509.73,000904,2D2,38.9324262829,26110464,"8/7/2026, 5:26:18 AM",8
000804 3,day,motor vehicle theft,,precinct 10,"7/15/2025, 7:00:00 AM",2025,,cluster 13,motor vehicle theft,392366.92,property|motor vehicle theft,"38.9288728674,-77.0880312628",-77.0880312628,3D,4430 - 4499 block of hawthorne street nw,3,2,others,property,205,"7/14/2025, 6:00:00 PM",140114.11,000804,2D2,38.9288728674,25106652,"7/15/2025, 9:18:31 AM",8
001100 4,day,theft f/auto,,precinct 32,,2023,,cluster 11,theft f/auto,393348,property|theft f/auto,"38.9507249518,-77.0767401167",-77.0767401167,3E,3814 - 3989 block of chesapeake street nw,3,2,others,property,202,"4/17/2023, 12:00:00 PM",142539,001100,2D1,38.9507249518,23059701,"4/17/2023, 1:05:53 PM",7
001002 2,day,theft/other,,precinct 29,"6/10/2026, 10:18:00 AM",2026,,cluster 14,theft/other,393391.9,property|theft/other,"38.9417022317,-77.0762240207",-77.0762240207,3A,4000 - 4099 block of wisconsin avenue nw,3,2,others,property,204,"6/10/2026, 10:10:00 AM",141537.36,001002,2D2,38.9417022317,26079516,"6/10/2026, 11:00:58 AM",6
001002 4,evening,theft/other,,precinct 29,"4/7/2026, 3:30:00 PM",2026,,cluster 14,theft/other,393697.56,property|theft/other,"38.9350777081,-77.0726914964",-77.0726914964,3A,3400 - 3421 block of wisconsin avenue nw,3,2,others,property,204,"4/7/2026, 2:30:00 PM",140801.73,001002,2D2,38.9350777081,26045806,"4/7/2026, 6:49:10 PM",6
001004 3,day,theft f/auto,,precinct 30,"11/12/2024, 11:00:00 AM",2024,,cluster 11,theft f/auto,392631.49,property|theft f/auto,"38.9447828709,-77.0849989778",-77.0849989778,3E,4300 - 4399 block of warren street nw,3,2,others,property,202,"11/12/2024, 9:00:00 AM",141880.01,001004,2D1,38.9447828709,24177058,"11/14/2024, 12:19:33 PM",7
000904 2,evening,burglary,,precinct 9,"11/17/2023, 11:35:00 PM",2023,,cluster 13,burglary,391587.02,property|burglary,"38.9460519441,-77.0970491269",-77.0970491269,3D,4900 - 4908 block of massachusetts avenue nw,3,2,others,property,205,"11/17/2023, 11:00:00 PM",142021.93,000904,2D2,38.9460519441,23190838,"11/21/2023, 7:11:55 PM",5
001200 4,evening,theft/other,,precinct 33,"5/29/2026, 3:20:00 PM",2026,,cluster 11,theft/other,393227.28,property|theft/other,"38.9451386287,-77.0781266684",-77.0781266684,3E,4300 - 4326 block of wisconsin avenue nw,3,2,others,property,202,"5/29/2026, 2:22:00 PM",141918.97,001200,2D1,38.9451386287,26073080,"5/29/2026, 3:36:07 PM",6
001003 2,day,theft f/auto,,precinct 31,"2/16/2023, 8:00:00 AM",2023,,cluster 11,theft f/auto,392231,property|theft f/auto,"38.9533101637,-77.0896295273",-77.0896295273,3E,4500 - 4599 block of ellicott street nw,3,2,others,property,202,"2/15/2023, 11:00:00 AM",142827,001003,2D1,38.9533101637,23025563,"2/16/2023, 8:56:09 AM",7
000704 1,day,theft/other,,precinct 28,"11/13/2025, 10:47:00 AM",2025,,cluster 14,theft/other,393563.34,property|theft/other,"38.9293890733,-77.0742336494",-77.0742336494,3A,3701 - 3799 block of massachusetts avenue nw,3,2,others,property,204,"11/10/2025, 10:17:00 AM",140170.35,000704,2D2,38.9293890733,25172652,"11/13/2025, 10:47:34 AM",6
001002 2,evening,assault w/dangerous weapon,,precinct 29,"8/24/2026, 3:45:00 PM",2026,,cluster 14,assault w/dangerous weapon,393391.9,violent|assault w/dangerous weapon,"38.9417022317,-77.0762240207",-77.0762240207,3A,4000 - 4099 block of wisconsin avenue nw,3,2,others,violent,204,"8/24/2026, 2:14:00 PM",141537.36,001002,2D2,38.9417022317,26119618,"8/24/2026, 3:55:29 PM",3
001003 1,day,theft f/auto,,precinct 31,"4/28/2023, 7:00:00 AM",2023,,cluster 11,theft f/auto,391450,property|theft f/auto,"38.9487987752,-77.0986335417",-77.0986335417,3E,4900 - 4999 block of butterworth place nw,3,2,others,property,202,"4/27/2023, 10:00:00 PM",142327,001003,2D1,38.9487987752,23066488,"4/29/2023, 11:41:06 AM",7
001002 2,evening,theft f/auto,,precinct 29,"9/21/2025, 10:00:00 AM",2025,,cluster 14,theft f/auto,393455.55,property|theft f/auto,"38.9403667792,-77.0754884077",-77.0754884077,3A,3901 - 3999 block of wisconsin avenue nw,3,2,others,property,204,"9/20/2025, 4:00:00 PM",141389.06,001002,2D2,38.9403667792,25145213,"9/22/2025, 8:25:30 PM",7
000903 2,day,theft f/auto,,precinct 9,"4/14/2024, 9:00:00 AM",2024,,cluster 13,theft f/auto,391970.6,property|theft f/auto,"38.9417428196,-77.0926186852",-77.0926186852,3D,4000 - 4099 block of 47th street nw,3,2,others,property,205,"4/13/2024, 11:00:00 PM",141543.18,000903,2D2,38.9417428196,24055867,"4/14/2024, 11:04:11 AM",7
000902 1,evening,theft f/auto,,precinct 8,"8/9/2023, 7:16:00 PM",2023,,cluster 13,theft f/auto,391553.58,property|theft f/auto,"38.9301946009,-77.0974132103",-77.0974132103,3D,2900 - 3099 block of university terrace nw,3,2,others,property,205,"8/9/2023, 1:00:00 PM",140261.66,000902,2D2,38.9301946009,23130420,"8/9/2023, 7:37:58 PM",7
001002 4,day,theft f/auto,,precinct 29,"7/22/2024, 6:30:00 AM",2024,,cluster 14,theft f/auto,393525.51000795,property|theft f/auto,"38.935430393,-77.0746762677",-77.0746762677,3A,newark street nw and 38th street nw,3,2,others,property,204,"7/21/2024, 10:00:00 PM",140841.02000013,001002,2D2,38.935430393,24112216,"7/22/2024, 10:03:32 AM",7
001002 4,day,theft/other,,precinct 29,"9/21/2025, 12:32:00 PM",2025,,cluster 14,theft/other,393645.65,property|theft/other,"38.934751414,-77.0732898841",-77.0732898841,3A,3700 - 3749 block of newark street nw,3,2,others,property,204,"9/21/2025, 11:36:00 AM",140765.55,001002,2D2,38.934751414,25144463,"9/21/2025, 1:56:17 PM",6
000703 2,day,theft/other,,precinct 28,"5/1/2023, 12:06:00 PM",2023,,cluster 14,theft/other,393225,property|theft/other,"38.9269781584,-77.0781330653",-77.0781330653,3B,3900 - 3979 block of watson place nw,3,2,others,property,204,"5/1/2023, 12:05:00 PM",139903,000703,2D2,38.9269781584,23067687,"5/1/2023, 2:46:10 PM",6
001003 3,evening,burglary,,precinct 30,"4/30/2023, 2:58:00 PM",2023,,cluster 11,burglary,391696,property|burglary,"38.9451257591,-77.0957907276",-77.0957907276,3E,4800 - 4899 block of massachusetts avenue nw,3,2,others,property,202,"4/30/2023, 2:39:00 PM",141919,001003,2D1,38.9451257591,23067146,"4/30/2023, 3:35:43 PM",5
000600 3,evening,theft f/auto,,precinct 27,"11/8/2022, 8:26:00 PM",2022,,cluster 15,theft f/auto,393854,property|theft f/auto,"38.9340543025,-77.0708861206",-77.0708861206,3A,3300 - 3399 block of 36th street nw,3,2,others,property,203,"11/8/2022, 8:17:00 PM",140688,000600,2D1,38.9340543025,22163124,"11/8/2022, 8:27:30 PM",7
001002 2,evening,theft/other,,precinct 29,"2/28/2025, 5:13:00 PM",2025,,cluster 14,theft/other,393228.75,property|theft/other,"38.9392695625,-77.0781032811",-77.0781032811,3A,3800 - 3899 block of 39th street nw,3,2,others,property,204,"2/25/2025, 5:00:00 PM",141267.45,001002,2D2,38.9392695625,25029349,"2/28/2025, 8:00:58 PM",6
001004 2,evening,theft/other,,precinct 31,"6/21/2026, 2:16:00 PM",2026,,cluster 11,theft/other,393070.63,property|theft/other,"38.9483570552,-77.0799373128",-77.0799373128,3E,4500 - 4537 block of wisconsin avenue nw,3,2,others,property,202,"6/21/2026, 2:00:00 PM",142276.38,001004,2D1,38.9483570552,26085561,"6/21/2026, 8:51:35 PM",6
001200 3,day,motor vehicle theft,,precinct 33,"11/10/2025, 2:11:00 AM",2025,,cluster 11,motor vehicle theft,393630.67,property|motor vehicle theft,"38.9470877945,-77.0734753735",-77.0734753735,3E,3700 - 3799 block of alton place nw,3,2,others,property,202,"11/10/2025, 1:10:00 AM",142135.01,001200,2D1,38.9470877945,25171660,"11/11/2025, 2:28:48 PM",8
001100 4,evening,theft/other,,precinct 32,"5/9/2026, 8:07:00 PM",2026,,cluster 11,theft/other,393173.95,property|theft/other,"38.9487916125,-77.0787458915",-77.0787458915,3E,4500 - 4599 block of 40th street nw,3,2,others,property,202,"5/9/2026, 7:24:00 PM",142324.53,001100,2D1,38.9487916125,26062636,"5/9/2026, 8:07:34 PM",6
001003 1,day,theft/other,,precinct 31,"6/29/2023, 4:50:00 PM",2023,,cluster 11,theft/other,391450.16,property|theft/other,"38.9488012991,-77.0986316994",-77.0986316994,3E,4900 - 4999 block of butterworth place nw,3,2,others,property,202,"6/29/2023, 1:00:00 PM",142327.28,001003,2D1,38.9488012991,23422859,"7/6/2023, 1:32:38 PM",6
001100 4,evening,theft/other,,precinct 32,"7/31/2025, 9:45:00 PM",2025,,cluster 11,theft/other,393173.95,property|theft/other,"38.9487916125,-77.0787458915",-77.0787458915,3E,4500 - 4599 block of 40th street nw,3,2,others,property,202,"7/31/2025, 9:28:00 PM",142324.53,001100,2D1,38.9487916125,25116254,"7/31/2025, 9:46:04 PM",6
001002 4,day,theft/other,,precinct 29,"3/16/2025, 9:14:00 AM",2025,,cluster 14,theft/other,393645.65,property|theft/other,"38.934751414,-77.0732898841",-77.0732898841,3A,3700 - 3749 block of newark street nw,3,2,others,property,204,"3/16/2025, 8:26:00 AM",140765.55,001002,2D2,38.934751414,25037728,"3/16/2025, 10:41:07 AM",6
001002 1,evening,theft f/auto,,precinct 10,"10/7/2024, 5:30:00 PM",2024,,cluster 11,theft f/auto,392988.96,property|theft f/auto,"38.9431602522,-77.0808735636",-77.0808735636,3A,4100 - 4149 block of van ness street nw,3,2,others,property,204,"10/7/2024, 12:30:00 PM",141699.56,001002,2D2,38.9431602522,24155560,"10/7/2024, 6:20:36 PM",7
001100 4,day,theft/other,,precinct 32,"11/27/2023, 1:18:00 PM",2023,,cluster 11,theft/other,393039.43,property|theft/other,"38.9492466458,-77.0802982386",-77.0802982386,3E,4530 - 4599 block of wisconsin avenue nw,3,2,others,property,202,"11/27/2023, 12:49:00 PM",142375.16,001100,2D1,38.9492466458,23193519,"11/27/2023, 2:11:40 PM",6
000803 1,day,theft f/auto,,precinct 10,"11/19/2024, 1:45:00 PM",2024,,cluster 14,theft f/auto,392636.3,property|theft f/auto,"38.9372041501,-77.084934463",-77.084934463,3A,4300 - 4399 block of massachusetts avenue nw,3,2,others,property,205,"11/19/2024, 12:05:00 PM",141038.7,000803,2D2,38.9372041501,24180941,"11/21/2024, 12:22:07 PM",7
001100 4,midnight,theft/other,,precinct 32,"11/29/2024, 10:56:00 PM",2024,,cluster 11,theft/other,393173.95,property|theft/other,"38.9487916125,-77.0787458915",-77.0787458915,3E,4500 - 4599 block of 40th street nw,3,2,others,property,202,"11/29/2024, 10:56:00 PM",142324.53,001100,2D1,38.9487916125,24185470,"11/30/2024, 12:18:16 AM",6
001002 4,evening,theft/other,,precinct 29,"7/23/2023, 1:50:00 PM",2023,,cluster 14,theft/other,393697.56,property|theft/other,"38.9350777081,-77.0726914964",-77.0726914964,3A,3400 - 3421 block of wisconsin avenue nw,3,2,others,property,204,"7/23/2023, 1:00:00 PM",140801.73,001002,2D2,38.9350777081,23119444,"7/23/2023, 3:25:40 PM",6
001004 2,day,theft/other,,precinct 31,"3/4/2025, 1:09:00 PM",2025,,cluster 11,theft/other,393070.63,property|theft/other,"38.9483570552,-77.0799373128",-77.0799373128,3E,4500 - 4537 block of wisconsin avenue nw,3,2,others,property,202,"3/4/2025, 12:09:00 PM",142276.38,001004,2D1,38.9483570552,25031264,"3/4/2025, 1:22:42 PM",6
000704 1,day,theft/other,,precinct 28,"11/17/2022, 7:30:00 PM",2022,,cluster 14,theft/other,393563,property|theft/other,"38.9293859179,-77.0742375673",-77.0742375673,3A,3701 - 3799 block of massachusetts avenue nw,3,2,others,property,204,"11/14/2022, 10:00:00 PM",140170,000704,2D2,38.9293859179,22424009,"11/21/2022, 9:42:42 AM",6
001002 4,midnight,theft/other,,precinct 29,"6/7/2025, 9:59:00 PM",2025,,cluster 14,theft/other,393645.65,property|theft/other,"38.934751414,-77.0732898841",-77.0732898841,3A,3700 - 3749 block of newark street nw,3,2,others,property,204,"6/7/2025, 9:24:00 PM",140765.55,001002,2D2,38.934751414,25085280,"6/7/2025, 11:40:18 PM",6
001100 4,day,burglary,,precinct 32,,2025,,cluster 11,burglary,393113.91,property|burglary,"38.9474950334,-77.0794370733",-77.0794370733,3E,4404 - 4499 block of wisconsin avenue nw,3,2,others,property,202,"3/18/2025, 5:27:00 AM",142180.65,001100,2D1,38.9474950334,25038800,"3/18/2025, 9:31:50 AM",5
000703 2,day,theft f/auto,,precinct 28,,2023,,cluster 14,theft f/auto,392884,property|theft f/auto,"38.9268853799,-77.0820655611",-77.0820655611,3B,2800 - 2899 block of new mexico avenue nw,3,2,others,property,204,"4/26/2023, 1:04:00 PM",139893,000703,2D2,38.9268853799,23064803,"4/26/2023, 2:09:39 PM",7
001004 3,day,theft/other,,precinct 30,"1/26/2023, 12:00:00 AM",2023,,cluster 11,theft/other,392421,property|theft/other,"38.9478978538,-77.0874308929",-77.0874308929,3E,4400 - 4499 block of albemarle street nw,3,2,others,property,202,"1/21/2023, 12:00:00 AM",142226,001004,2D1,38.9478978538,23015054,"1/28/2023, 2:13:51 PM",6
001002 1,evening,theft f/auto,,precinct 10,"2/8/2025, 12:00:00 PM",2025,,cluster 14,theft f/auto,392917.82,property|theft f/auto,"38.9428386263,-77.0816938075",-77.0816938075,3A,4101 - 4199 block of nebraska avenue nw,3,2,others,property,204,"2/8/2025, 9:00:00 AM",141663.92,001002,2D2,38.9428386263,25023078,"2/16/2025, 7:34:44 PM",7
000600 3,evening,burglary,,precinct 27,"3/26/2025, 1:40:00 PM",2025,,cluster 15,burglary,393716.95,property|burglary,"38.9330137754,-77.072465757",-77.072465757,3A,3201 - 3299 block of wisconsin avenue nw,3,2,others,property,204,"3/26/2025, 11:32:00 AM",140572.6,000600,2D2,38.9330137754,25043569,"3/26/2025, 7:42:40 PM",5
001200 4,evening,theft f/auto,,precinct 33,"3/28/2023, 3:01:00 PM",2023,,cluster 11,theft f/auto,393344,property|theft f/auto,"38.9426805302,-77.0767775979",-77.0767775979,3A,4100 - 4199 block of wisconsin avenue nw,3,2,others,property,202,"3/28/2023, 1:34:00 PM",141646,001200,2D1,38.9426805302,23047882,"3/28/2023, 3:12:21 PM",7
001002 3,day,theft f/auto,,precinct 29,,2023,,cluster 14,theft f/auto,393340,property|theft f/auto,"38.9390321436,-77.076819807",-77.076819807,3A,3810 - 3899 block of rodman street nw,3,2,others,property,204,"1/23/2023, 11:23:00 AM",141241,001002,2D2,38.9390321436,23012047,"1/23/2023, 11:54:10 AM",7
001100 4,evening,theft/other,,precinct 32,"9/19/2023, 7:50:00 PM",2023,,cluster 11,theft/other,393039.43,property|theft/other,"38.9492466458,-77.0802982386",-77.0802982386,3E,4530 - 4599 block of wisconsin avenue nw,3,2,others,property,202,"9/19/2023, 7:10:00 PM",142375.16,001100,2D1,38.9492466458,23154976,"9/19/2023, 8:14:16 PM",6
001003 3,day,theft/other,,precinct 30,"8/1/2023, 9:27:00 AM",2023,,cluster 11,theft/other,391696.79,property|theft/other,"38.945126307,-77.0957816153",-77.0957816153,3E,4800 - 4899 block of massachusetts avenue nw,3,2,others,property,202,"8/1/2023, 9:25:00 AM",141919.06,001003,2D1,38.945126307,23124935,"8/1/2023, 10:34:31 AM",6
000704 1,evening,theft/other,,precinct 28,"4/3/2025, 1:00:00 PM",2025,,cluster 14,theft/other,393547.12,property|theft/other,"38.9308421742,-77.0744222304",-77.0744222304,3A,3100 - 3199 block of 38th street nw,3,2,others,property,204,"4/3/2025, 5:00:00 AM",140331.67,000704,2D2,38.9308421742,25050894,"4/8/2025, 4:06:15 PM",6
001002 4,evening,assault w/dangerous weapon,,precinct 29,"10/6/2022, 5:30:00 PM",2022,,cluster 14,assault w/dangerous weapon,393720,violent|assault w/dangerous weapon,"38.9340623633,-77.0724316449",-77.0724316449,3A,3300 - 3399 block of wisconsin avenue nw,3,2,knife,violent,204,"10/6/2022, 5:27:00 PM",140689,001002,2D2,38.9340623633,22145064,"10/6/2022, 6:39:50 PM",3
001200 4,day,theft/other,,precinct 33,"7/11/2023, 11:30:00 AM",2023,,cluster 11,theft/other,393344.88,property|theft/other,"38.9426890947,-77.0767674562",-77.0767674562,3A,4100 - 4199 block of wisconsin avenue nw,3,2,others,property,202,"6/27/2023, 5:00:00 PM",141646.95,001200,2D1,38.9426890947,23111933,"7/11/2023, 11:40:58 AM",6
001002 4,evening,theft/other,,precinct 29,"2/21/2025, 6:49:00 PM",2025,,cluster 14,theft/other,393645.65,property|theft/other,"38.934751414,-77.0732898841",-77.0732898841,3A,3700 - 3749 block of newark street nw,3,2,others,property,204,"2/21/2025, 5:35:00 PM",140765.55,001002,2D2,38.934751414,25025599,"2/21/2025, 7:30:14 PM",6
001003 1,day,motor vehicle theft,,precinct 31,"4/8/2024, 12:50:00 AM",2024,,cluster 11,motor vehicle theft,392058.98,property|motor vehicle theft,"38.9510398035,-77.0916111732",-77.0916111732,3E,4600 - 4699 block of chesapeake street nw,3,2,others,property,202,"4/7/2024, 11:50:00 PM",142575.14,001003,2D1,38.9510398035,24052880,"4/9/2024, 9:58:59 AM",8
000703 1,day,assault w/dangerous weapon,,precinct 28,"12/29/2025, 11:28:00 AM",2025,,cluster 14,assault w/dangerous weapon,393203.59,violent|assault w/dangerous weapon,"38.9324226132,-77.0783859624",-77.0783859624,3A,3900 - 4099 block of massachusetts avenue nw,3,2,knife,violent,205,"12/29/2025, 11:20:00 AM",140507.4,000703,2D2,38.9324226132,25194633,"12/29/2025, 12:34:38 PM",3
000804 3,day,theft f/auto,,precinct 10,"1/5/2023, 1:37:00 PM",2023,,cluster 13,theft f/auto,392419,property|theft f/auto,"38.9334755701,-77.0874362751",-77.0874362751,3D,4400 - 4499 block of macomb street nw,3,2,others,property,205,"1/5/2023, 12:23:00 PM",140625,000804,2D2,38.9334755701,23002526,"1/5/2023, 1:38:23 PM",7
001200 2,evening,theft f/auto,,precinct 33,"10/4/2022, 10:40:00 AM",2022,,cluster 11,theft f/auto,393501,property|theft f/auto,"38.9496811376,-77.0749739497",-77.0749739497,3E,3800 - 3813 block of brandywine street nw,3,2,others,property,202,"10/4/2022, 9:10:00 AM",142423,001200,2D1,38.9496811376,22145085,"10/6/2022, 8:29:50 PM",7
000703 1,evening,theft f/auto,,precinct 28,"8/29/2023, 12:45:00 PM",2023,,cluster 14,theft f/auto,393250.96,property|theft f/auto,"38.9303971911,-77.0778374123",-77.0778374123,3A,3000 - 3099 block of idaho avenue nw,3,2,others,property,205,"8/29/2023, 5:00:00 AM",140282.52,000703,2D2,38.9303971911,23143543,"8/31/2023, 5:08:18 PM",7
000600 4,day,theft f/auto,,precinct 27,,2023,,cluster 15,theft f/auto,393854.29999225,property|theft f/auto,"38.9346383128,-77.0708832412",-77.0708832412,3A,newark street nw and 36th street nw,3,2,others,property,203,"8/18/2023, 12:49:00 PM",140752.83001605,000600,2D1,38.9346383128,23135894,"8/18/2023, 1:37:34 PM",7
001003 3,evening,theft/other,,precinct 30,"10/4/2024, 7:12:00 PM",2024,,cluster 11,theft/other,391696.79,property|theft/other,"38.945126307,-77.0957816153",-77.0957816153,3E,4800 - 4899 block of massachusetts avenue nw,3,2,others,property,202,"10/4/2024, 6:08:00 PM",141919.06,001003,2D1,38.945126307,24153928,"10/4/2024, 7:31:30 PM",6
001100 4,evening,theft/other,,precinct 32,"9/26/2024, 4:34:00 PM",2024,,cluster 11,theft/other,393173.95,property|theft/other,"38.9487916125,-77.0787458915",-77.0787458915,3E,4500 - 4599 block of 40th street nw,3,2,others,property,202,"9/26/2024, 3:42:00 PM",142324.53,001100,2D1,38.9487916125,24149212,"9/26/2024, 6:37:24 PM",6
001004 2,day,theft/other,,precinct 31,,2026,,cluster 11,theft/other,393070.63,property|theft/other,"38.9483570552,-77.0799373128",-77.0799373128,3E,4500 - 4537 block of wisconsin avenue nw,3,2,others,property,202,"5/25/2026, 12:46:00 PM",142276.38,001004,2D1,38.9483570552,26070810,"5/25/2026, 1:04:33 PM",6
001100 4,evening,motor vehicle theft,,precinct 32,"1/11/2025, 7:57:00 PM",2025,,cluster 11,motor vehicle theft,393174.69,property|motor vehicle theft,"38.9503662642,-77.0787390941",-77.0787390941,3E,4620 - 4699 block of 40th street nw,3,2,others,property,202,"1/11/2025, 6:04:00 PM",142499.33,001100,2D1,38.9503662642,25004948,"1/11/2025, 6:57:08 PM",8
001100 4,day,theft/other,,precinct 32,"11/18/2024, 9:00:00 AM",2024,,cluster 11,theft/other,393173.95,property|theft/other,"38.9487916125,-77.0787458915",-77.0787458915,3E,4500 - 4599 block of 40th street nw,3,2,others,property,202,"11/18/2024, 8:45:00 AM",142324.53,001100,2D1,38.9487916125,24179168,"11/18/2024, 12:03:07 PM",6
001002 3,evening,theft/other,,precinct 29,"11/30/2024, 1:30:00 PM",2024,,cluster 14,theft/other,393411.39,property|theft/other,"38.9383795808,-77.0759956628",-77.0759956628,3A,3600 - 3699 block of 38th street nw,3,2,others,property,204,"11/20/2024, 2:40:00 PM",141168.5,001002,2D2,38.9383795808,24425003,"11/30/2024, 4:01:56 PM",6
001002 4,day,theft/other,,precinct 29,"4/18/2026, 11:00:00 AM",2026,,cluster 14,theft/other,393645.65,property|theft/other,"38.934751414,-77.0732898841",-77.0732898841,3A,3700 - 3749 block of newark street nw,3,2,others,property,204,"4/18/2026, 10:16:00 AM",140765.55,001002,2D2,38.934751414,26051366,"4/18/2026, 11:02:35 AM",6
000904 2,midnight,theft f/auto,,precinct 9,"6/8/2023, 2:30:00 PM",2023,,cluster 13,theft f/auto,391231,property|theft f/auto,"38.9471210777,-77.101157565",-77.101157565,3D,5100 - 5139 block of yuma street nw,3,2,others,property,205,"6/8/2023, 1:00:00 PM",142141,000904,2D2,38.9471210777,23093333,"6/11/2023, 3:03:03 AM",7
001003 3,midnight,theft/other,,precinct 30,"11/8/2024, 6:10:00 PM",2024,,cluster 11,theft/other,391696.79,property|theft/other,"38.945126307,-77.0957816153",-77.0957816153,3E,4800 - 4899 block of massachusetts avenue nw,3,,others,property,202,"11/8/2024, 6:01:00 PM",141919.06,001003,2D1,38.945126307,24173947,"11/8/2024, 11:10:03 PM",6
001003 1,day,theft f/auto,,precinct 31,"7/26/2023, 8:00:00 AM",2023,,cluster 11,theft f/auto,392058.58,property|theft f/auto,"38.9487980919,-77.0916129067",-77.0916129067,3E,4600 - 4699 block of butterworth place nw,3,2,others,property,202,"7/25/2023, 10:00:00 PM",142326.29,001003,2D1,38.9487980919,23121273,"7/26/2023, 12:19:07 PM",7
001200 2,day,theft f/auto,,precinct 32,"12/16/2023, 1:49:00 PM",2023,,cluster 11,theft f/auto,393319.01999175,property|theft f/auto,"38.9482469165,-77.0770717625",-77.0770717625,3E,39th street nw and nebraska avenue nw,3,2,others,property,202,"11/27/2023, 11:30:00 AM",142263.94000145,001200,2D1,38.9482469165,23204158,"12/16/2023, 1:52:03 PM",7
001003 1,day,theft/other,,precinct 31,"12/31/2022, 5:00:00 PM",2023,,cluster 11,theft/other,391897,property|theft/other,"38.9496858228,-77.0934780723",-77.0934780723,3E,4700 - 4799 block of brandywine street nw,3,2,others,property,202,"12/26/2022, 10:00:00 AM",142425,001003,2D1,38.9496858228,23420514,"2/7/2023, 1:13:34 PM",6
001002 4,evening,theft/other,,precinct 29,"5/27/2025, 9:30:00 AM",2025,,cluster 14,theft/other,393320.76,property|theft/other,"38.9345996466,-77.0770369414",-77.0770369414,3A,3300 - 3499 block of 39th street nw,3,2,others,property,204,"5/27/2025, 9:30:00 AM",140748.97,001002,2D2,38.9345996466,25422016,"5/28/2025, 8:31:30 PM",6
001003 1,evening,theft f/auto,,precinct 31,"7/15/2026, 2:30:00 PM",2026,,cluster 11,theft f/auto,391612.3,property|theft f/auto,"38.9492481411,-77.0967618441",-77.0967618441,3E,4520 - 4599 block of 49th street nw,3,2,others,property,202,"7/14/2026, 5:00:00 PM",142376.71,001003,2D1,38.9492481411,26098698,"7/15/2026, 7:33:58 PM",7
000903 2,midnight,theft f/auto,,precinct 9,"10/11/2024, 7:12:00 PM",2024,,cluster 13,theft f/auto,391696.79,property|theft f/auto,"38.945126307,-77.0957816153",-77.0957816153,3D,4800 - 4899 block of massachusetts avenue nw,3,2,others,property,205,"10/11/2024, 5:30:00 PM",141919.06,000903,2D2,38.945126307,24157976,"10/11/2024, 11:27:46 PM",7
001200 4,day,theft f/auto,,precinct 33,"11/17/2023, 7:00:00 AM",2023,,cluster 11,theft f/auto,393449.88,property|theft f/auto,"38.9422190208,-77.0755557725",-77.0755557725,3A,3800 - 3899 block of upton street nw,3,2,others,property,202,"11/16/2023, 11:00:00 PM",141594.68,001200,2D1,38.9422190208,23188404,"11/17/2023, 9:05:49 AM",7
000903 2,evening,theft f/auto,,precinct 9,"9/20/2024, 5:10:00 PM",2024,,cluster 13,theft f/auto,391604.25,property|theft f/auto,"38.9345736607,-77.0968347761",-77.0968347761,3D,4800 - 4999 block of indian lane nw,3,2,others,property,205,"9/20/2024, 5:00:00 PM",140747.72,000903,2D2,38.9345736607,24145602,"9/20/2024, 5:08:46 PM",7
001002 2,evening,theft/other,,precinct 29,"12/24/2023, 7:42:00 AM",2023,,cluster 14,theft/other,393254.53,property|theft/other,"38.9400305108,-77.0778067509",-77.0778067509,3A,10 - 99 block of ridge square nw,3,2,others,property,204,"12/24/2023, 7:38:00 AM",141351.9,001002,2D2,38.9400305108,23208366,"12/24/2023, 3:52:16 PM",6
001100 4,evening,theft/other,,precinct 32,"4/25/2023, 6:40:00 PM",2023,,cluster 11,theft/other,393173,property|theft/other,"38.9487868308,-77.0787568455",-77.0787568455,3E,4500 - 4599 block of 40th street nw,3,2,others,property,202,"4/25/2023, 6:06:00 PM",142324,001100,2D1,38.9487868308,23064363,"4/25/2023, 7:01:52 PM",6
001002 4,day,theft/other,,precinct 29,"8/24/2024, 1:16:00 PM",2024,,cluster 14,theft/other,393645.65,property|theft/other,"38.934751414,-77.0732898841",-77.0732898841,3A,3700 - 3749 block of newark street nw,3,2,others,property,204,"8/24/2024, 11:57:00 AM",140765.55,001002,2D2,38.934751414,24130314,"8/24/2024, 1:29:29 PM",6
001002 4,evening,theft/other,,precinct 29,,2025,,cluster 14,theft/other,393645.65,property|theft/other,"38.934751414,-77.0732898841",-77.0732898841,3A,3700 - 3749 block of newark street nw,3,2,others,property,204,"1/8/2025, 2:52:00 PM",140765.55,001002,2D2,38.934751414,25003470,"1/8/2025, 4:18:15 PM",6
000704 1,day,assault w/dangerous weapon,,precinct 28,,2024,,cluster 14,assault w/dangerous weapon,393563.34,violent|assault w/dangerous weapon,"38.9293890733,-77.0742336494",-77.0742336494,3A,3701 - 3799 block of massachusetts avenue nw,3,2,gun,violent,204,"6/11/2024, 5:02:00 AM",140170.35,000704,2D2,38.9293890733,24088591,"6/11/2024, 9:01:29 AM",3
001002 2,evening,theft/other,,precinct 29,"8/3/2024, 5:25:00 PM",2024,,cluster 14,theft/other,393254.53,property|theft/other,"38.9400305108,-77.0778067509",-77.0778067509,3A,10 - 99 block of ridge square nw,3,2,others,property,204,"8/3/2024, 5:20:00 PM",141351.9,001002,2D2,38.9400305108,24119004,"8/3/2024, 7:20:14 PM",6
001002 4,evening,theft/other,,precinct 29,"6/1/2026, 8:00:00 PM",2026,,cluster 14,theft/other,393550.16,property|theft/other,"38.9360923238,-77.0743926472",-77.0743926472,3A,3400 - 3499 block of 38th street nw,3,2,others,property,204,"6/1/2026, 7:20:00 PM",140914.48,001002,2D2,38.9360923238,26074903,"6/1/2026, 9:18:54 PM",6
001100 4,day,theft/other,,precinct 32,"9/23/2024, 10:40:00 AM",2024,,cluster 11,theft/other,393039.43,property|theft/other,"38.9492466458,-77.0802982386",-77.0802982386,3E,4530 - 4599 block of wisconsin avenue nw,3,2,others,property,202,"9/23/2024, 9:54:00 AM",142375.16,001100,2D1,38.9492466458,24147141,"9/23/2024, 10:40:02 AM",6
001100 4,evening,theft/other,,precinct 32,"11/12/2024, 4:43:00 PM",2024,,cluster 11,theft/other,393173.95,property|theft/other,"38.9487916125,-77.0787458915",-77.0787458915,3E,4500 - 4599 block of 40th street nw,3,,others,property,202,"11/12/2024, 4:40:00 PM",142324.53,001100,2D1,38.9487916125,24176099,"11/12/2024, 5:43:24 PM",6
001100 4,evening,theft/other,,precinct 32,"8/29/2025, 6:02:00 PM",2025,,cluster 11,theft/other,393039.43,property|theft/other,"38.9492466458,-77.0802982386",-77.0802982386,3E,4530 - 4599 block of wisconsin avenue nw,3,2,others,property,202,"8/29/2025, 5:42:00 PM",142375.16,001100,2D1,38.9492466458,25131986,"8/29/2025, 10:10:56 PM",6
001100 4,evening,theft/other,,precinct 32,"5/13/2025, 3:38:00 PM",2025,,cluster 11,theft/other,393173.95,property|theft/other,"38.9487916125,-77.0787458915",-77.0787458915,3E,4500 - 4599 block of 40th street nw,3,2,others,property,202,"5/13/2025, 3:35:00 PM",142324.53,001100,2D1,38.9487916125,25070864,"5/15/2025, 5:37:00 PM",6
001002 4,day,motor vehicle theft,,precinct 29,"1/9/2023, 6:00:00 PM",2023,,cluster 14,motor vehicle theft,393720,property|motor vehicle theft,"38.9340623633,-77.0724316449",-77.0724316449,3A,3300 - 3399 block of wisconsin avenue nw,3,2,others,property,204,"1/9/2023, 5:00:00 PM",140689,001002,2D2,38.9340623633,23005077,"1/10/2023, 11:01:18 AM",8
000703 2,day,theft f/auto,,precinct 28,"12/1/2022, 11:00:00 AM",2022,,cluster 14,theft f/auto,392884,property|theft f/auto,"38.9268853799,-77.0820655611",-77.0820655611,3B,2800 - 2899 block of new mexico avenue nw,3,2,others,property,204,"12/1/2022, 9:00:00 AM",139893,000703,2D2,38.9268853799,22175868,"12/3/2022, 12:22:05 PM",7
001002 2,day,theft/other,,precinct 30,"11/18/2025, 4:56:00 PM",2025,,cluster 11,theft/other,393135.7,property|theft/other,"38.9431623118,-77.079180894",-77.079180894,3A,3920 - 4099 block of van ness street nw,3,2,others,property,202,"11/18/2025, 4:56:00 PM",141699.66,001002,2D1,38.9431623118,25425003,"11/19/2025, 7:32:50 AM",6
001003 1,day,motor vehicle theft,,precinct 31,"1/3/2025, 9:08:00 AM",2025,,cluster 11,motor vehicle theft,391717.37,property|motor vehicle theft,"38.9503639114,-77.095551235",-77.095551235,3E,4600 - 4699 block of asbury place nw,3,2,others,property,202,"1/3/2025, 7:35:00 AM",142500.46,001003,2D1,38.9503639114,25001114,"1/3/2025, 11:22:56 AM",8
001100 4,day,theft/other,,precinct 32,"11/6/2024, 12:00:00 PM",2024,,cluster 11,theft/other,393070.63,property|theft/other,"38.9483570552,-77.0799373128",-77.0799373128,3E,4500 - 4537 block of wisconsin avenue nw,3,2,others,property,202,"11/6/2024, 10:43:00 AM",142276.38,001100,2D1,38.9483570552,24172605,"11/6/2024, 12:22:44 PM",6
001004 2,midnight,theft f/auto,,precinct 31,"4/8/2023, 4:30:00 PM",2023,,cluster 11,theft f/auto,392888,property|theft f/auto,"38.9492439915,-77.0820451565",-77.0820451565,3E,4540 - 4599 block of 42nd street nw,3,2,others,property,202,"4/8/2023, 6:00:00 AM",142375,001004,2D1,38.9492439915,23055275,"4/10/2023, 2:51:49 AM",7
001002 4,evening,theft/other,,precinct 29,"1/15/2025, 7:27:00 PM",2025,,cluster 14,theft/other,393645.65,property|theft/other,"38.934751414,-77.0732898841",-77.0732898841,3A,3700 - 3749 block of newark street nw,3,2,others,property,204,"1/15/2025, 7:20:00 PM",140765.55,001002,2D2,38.934751414,25007093,"1/15/2025, 7:52:37 PM",6
001100 4,day,theft/other,,precinct 32,,2023,,cluster 11,theft/other,393173,property|theft/other,"38.9487868308,-77.0787568455",-77.0787568455,3E,4500 - 4599 block of 40th street nw,3,2,others,property,202,"6/11/2023, 8:22:00 AM",142324,001100,2D1,38.9487868308,23093477,"6/11/2023, 9:52:46 AM",6
000803 2,evening,theft/other,,precinct 10,"5/7/2025, 1:58:00 PM",2025,,cluster 14,theft/other,392544.93,property|theft/other,"38.9337607693,-77.0859841914",-77.0859841914,3B,3300 - 3399 block of new mexico avenue nw,3,2,others,property,205,"5/7/2025, 1:56:00 PM",140656.54,000803,2D2,38.9337607693,25067300,"5/7/2025, 3:13:53 PM",6
000903 2,evening,theft f/auto,,precinct 9,"7/27/2025, 5:32:00 PM",2025,,cluster 13,theft f/auto,391696.79,property|theft f/auto,"38.945126307,-77.0957816153",-77.0957816153,3D,4800 - 4899 block of massachusetts avenue nw,3,2,others,property,205,"7/27/2025, 5:15:00 PM",141919.06,000903,2D2,38.945126307,25113795,"7/27/2025, 7:07:49 PM",7
001003 3,day,theft f/auto,,precinct 30,,2024,,cluster 11,theft f/auto,391696.79,property|theft f/auto,"38.945126307,-77.0957816153",-77.0957816153,3E,4800 - 4899 block of massachusetts avenue nw,3,2,others,property,202,"7/31/2024, 12:00:00 AM",141919.06,001003,2D1,38.945126307,24117076,"7/31/2024, 8:52:33 AM",7
001002 4,evening,theft/other,,precinct 29,"9/28/2025, 5:12:00 PM",2025,,cluster 14,theft/other,393645.65,property|theft/other,"38.934751414,-77.0732898841",-77.0732898841,3A,3700 - 3749 block of newark street nw,3,2,others,property,204,"9/28/2025, 5:11:00 PM",140765.55,001002,2D2,38.934751414,25148416,"9/28/2025, 6:20:02 PM",6
000703 1,evening,theft f/auto,,precinct 28,"12/16/2024, 10:30:00 AM",2024,,cluster 14,theft f/auto,393203.59,property|theft f/auto,"38.9324226132,-77.0783859624",-77.0783859624,3A,3900 - 4099 block of massachusetts avenue nw,3,2,others,property,205,"12/15/2024, 6:30:00 PM",140507.4,000703,2D2,38.9324226132,24195137,"12/18/2024, 3:35:14 PM",7
000904 2,day,theft f/auto,,precinct 9,"12/19/2025, 1:48:00 PM",2025,,cluster 13,theft f/auto,391611.33999017,property|theft f/auto,"38.9442403418,-77.096766121",-77.096766121,3D,49th street nw and fordham road nw,3,2,others,property,205,"12/19/2025, 12:26:00 PM",141820.80000104,000904,2D2,38.9442403418,25190345,"12/20/2025, 9:42:47 AM",7
001100 4,day,theft/other,,precinct 32,,2025,,cluster 11,theft/other,393173.95,property|theft/other,"38.9487916125,-77.0787458915",-77.0787458915,3E,4500 - 4599 block of 40th street nw,3,2,others,property,202,"8/4/2025, 10:19:00 AM",142324.53,001100,2D1,38.9487916125,25118154,"8/4/2025, 11:24:30 AM",6
001003 3,midnight,theft f/auto,,precinct 30,"2/15/2025, 2:30:00 PM",2025,,cluster 11,theft f/auto,391696.79,property|theft f/auto,"38.945126307,-77.0957816153",-77.0957816153,3E,4800 - 4899 block of massachusetts avenue nw,3,2,others,property,202,"2/15/2025, 1:30:00 PM",141919.06,001003,2D1,38.945126307,25022683,"2/15/2025, 11:30:37 PM",7
001002 4,day,theft/other,,precinct 29,"5/18/2024, 11:25:00 AM",2024,,cluster 14,theft/other,393720.86,property|theft/other,"38.9340623694,-77.0724217259",-77.0724217259,3A,3300 - 3399 block of wisconsin avenue nw,3,2,others,property,204,"5/18/2024, 11:15:00 AM",140689,001002,2D2,38.9340623694,24074542,"5/18/2024, 12:39:42 PM",6
001002 4,evening,theft/other,,precinct 29,"8/15/2024, 8:00:00 PM",2024,,cluster 14,theft/other,393645.65,property|theft/other,"38.934751414,-77.0732898841",-77.0732898841,3A,3700 - 3749 block of newark street nw,3,2,others,property,204,"8/15/2024, 7:57:00 PM",140765.55,001002,2D2,38.934751414,24125372,"8/15/2024, 9:19:58 PM",6
000904 2,evening,theft f/auto,,precinct 9,"9/10/2024, 4:05:00 PM",2024,,cluster 13,theft f/auto,391587.02,property|theft f/auto,"38.9460519441,-77.0970491269",-77.0970491269,3D,4900 - 4908 block of massachusetts avenue nw,3,2,others,property,205,"9/10/2024, 2:20:00 PM",142021.93,000904,2D2,38.9460519441,24139821,"9/10/2024, 9:13:55 PM",7
001100 4,evening,theft f/auto,,precinct 32,"2/17/2024, 10:00:00 PM",2024,,cluster 11,theft f/auto,393173.95,property|theft f/auto,"38.9487916125,-77.0787458915",-77.0787458915,3E,4500 - 4599 block of 40th street nw,3,2,others,property,202,"2/17/2024, 6:30:00 PM",142324.53,001100,2D1,38.9487916125,24026095,"2/19/2024, 5:45:12 PM",7
000704 2,evening,motor vehicle theft,,precinct 28,"10/11/2024, 2:49:00 AM",2024,,cluster 14,motor vehicle theft,393563.34,property|motor vehicle theft,"38.9293890733,-77.0742336494",-77.0742336494,3A,3701 - 3799 block of massachusetts avenue nw,3,2,others,property,204,"8/29/2024, 10:30:00 PM",140170.35,000704,2D2,38.9293890733,24133714,"8/30/2024, 6:21:03 PM",8
001002 1,evening,theft/other,,precinct 10,"7/26/2024, 5:00:00 PM",2024,,cluster 14,theft/other,392798.58,property|theft/other,"38.9358388469,-77.0830611003",-77.0830611003,3A,4200 - 4349 block of massachusetts avenue nw,3,2,others,property,204,"7/26/2024, 2:00:00 PM",140886.99,001002,2D2,38.9358388469,24114620,"7/26/2024, 6:18:20 PM",6
000600 3,day,burglary,,precinct 27,"4/21/2026, 2:58:00 PM",2026,,cluster 15,burglary,393716.95,property|burglary,"38.9330137754,-77.072465757",-77.072465757,3A,3201 - 3299 block of wisconsin avenue nw,3,2,others,property,204,"4/21/2026, 1:14:00 PM",140572.6,000600,2D2,38.9330137754,26052892,"4/21/2026, 2:58:23 PM",5
001004 2,evening,theft/other,,precinct 31,"10/2/2024, 3:37:00 PM",2024,,cluster 11,theft/other,393070.63,property|theft/other,"38.9483570552,-77.0799373128",-77.0799373128,3E,4500 - 4537 block of wisconsin avenue nw,3,2,others,property,202,"10/2/2024, 2:06:00 PM",142276.38,001004,2D1,38.9483570552,24152641,"10/2/2024, 4:31:17 PM",6
001004 3,evening,theft/other,,precinct 30,"1/25/2024, 4:00:00 PM",2024,,cluster 11,theft/other,393113.91,property|theft/other,"38.9474950334,-77.0794370733",-77.0794370733,3E,4404 - 4499 block of wisconsin avenue nw,3,2,others,property,202,"1/25/2024, 9:00:00 AM",142180.65,001004,2D1,38.9474950334,24420520,"2/10/2024, 5:22:32 PM",6
001004 2,day,theft/other,,precinct 31,,2023,,cluster 11,theft/other,393070,property|theft/other,"38.9483536271,-77.0799445766",-77.0799445766,3E,4500 - 4537 block of wisconsin avenue nw,3,2,others,property,202,"3/18/2023, 11:37:00 AM",142276,001004,2D1,38.9483536271,23042151,"3/18/2023, 12:17:37 PM",6
001100 4,day,theft/other,,precinct 32,"11/17/2025, 4:16:00 PM",2025,,cluster 11,theft/other,393070.63,property|theft/other,"38.9483570552,-77.0799373128",-77.0799373128,3E,4500 - 4537 block of wisconsin avenue nw,3,2,others,property,202,"11/17/2025, 4:15:00 PM",142276.38,001100,2D1,38.9483570552,25424997,"11/18/2025, 11:32:39 AM",6
001002 3,evening,motor vehicle theft,,precinct 29,"11/26/2024, 6:15:00 PM",2024,,cluster 14,motor vehicle theft,393468.43,property|motor vehicle theft,"38.9394409131,-77.075338862",-77.075338862,3A,3800 - 3809 block of rodman street nw,3,2,others,property,204,"11/26/2024, 5:12:00 PM",141286.27,001002,2D2,38.9394409131,24184014,"11/26/2024, 6:21:23 PM",8
001004 2,day,robbery,,precinct 31,"10/24/2022, 11:30:00 AM",2022,,cluster 11,robbery,393039,violent|robbery,"38.949245201,-77.0803031975",-77.0803031975,3E,4530 - 4599 block of wisconsin avenue nw,3,2,knife,violent,202,"10/24/2022, 10:15:00 AM",142375,001004,2D1,38.949245201,22154468,"10/24/2022, 12:39:37 PM",4
001004 2,day,theft/other,,precinct 31,"3/10/2024, 5:15:00 PM",2024,,cluster 11,theft/other,393070.63,property|theft/other,"38.9483570552,-77.0799373128",-77.0799373128,3E,4500 - 4537 block of wisconsin avenue nw,3,2,others,property,202,"3/10/2024, 5:00:00 PM",142276.38,001004,2D1,38.9483570552,24037007,"3/11/2024, 12:04:45 PM",6
000904 2,day,theft f/auto,,precinct 9,"8/12/2024, 2:02:00 PM",2024,,cluster 13,theft f/auto,391507.52,property|theft f/auto,"38.9435866043,-77.097962823",-77.097962823,3D,4200 - 4246 block of fordham road nw,3,2,others,property,205,"8/12/2024, 12:30:00 PM",141748.34,000904,2D2,38.9435866043,24123516,"8/12/2024, 2:34:17 PM",7
001002 2,evening,theft/other,,precinct 29,"1/9/2025, 6:41:00 PM",2025,,cluster 14,theft/other,393254.53,property|theft/other,"38.9400305108,-77.0778067509",-77.0778067509,3A,10 - 99 block of ridge square nw,3,2,others,property,204,"1/9/2025, 6:20:00 PM",141351.9,001002,2D2,38.9400305108,25004056,"1/9/2025, 8:49:16 PM",6
001003 1,evening,theft f/auto,,precinct 31,"9/4/2026, 7:30:00 AM",2026,,cluster 11,theft f/auto,392058.84,property|theft f/auto,"38.9496918048,-77.0916110559",-77.0916110559,3E,4600 - 4699 block of brandywine street nw,3,2,others,property,202,"9/1/2026, 9:00:00 PM",142425.5,001003,2D1,38.9496918048,26126198,"9/5/2026, 3:08:27 PM",7
001002 2,day,burglary,,precinct 30,"3/13/2025, 5:25:00 AM",2025,,cluster 11,burglary,393264.52,property|burglary,"38.9443651038,-77.0776962434",-77.0776962434,3A,4227 - 4299 block of wisconsin avenue nw,3,2,others,property,202,"3/13/2025, 5:21:00 AM",141833.07,001002,2D1,38.9443651038,25036091,"3/13/2025, 8:51:35 AM",5
000704 1,evening,sex abuse,,precinct 28,"10/26/2022, 3:42:00 PM",2022,,cluster 14,sex abuse,393681,violent|sex abuse,"38.9304407462,-77.0728777576",-77.0728777576,3A,3000 - 3199 block of wisconsin avenue nw,3,2,others,violent,204,"10/26/2022, 3:41:00 PM",140287,000704,2D2,38.9304407462,22155685,"10/26/2022, 3:49:16 PM",2
000704 2,midnight,theft f/auto,,precinct 28,"6/23/2023, 2:00:00 PM",2023,,cluster 14,theft f/auto,393563,property|theft f/auto,"38.9293859179,-77.0742375673",-77.0742375673,3A,3701 - 3799 block of massachusetts avenue nw,3,2,others,property,204,"6/23/2023, 1:00:00 PM",140170,000704,2D2,38.9293859179,23102458,"6/26/2023, 12:15:01 AM",7
001004 2,evening,theft/other,,precinct 31,"5/1/2023, 8:10:00 PM",2023,,cluster 11,theft/other,393070,property|theft/other,"38.9483536271,-77.0799445766",-77.0799445766,3E,4500 - 4537 block of wisconsin avenue nw,3,2,others,property,202,"5/1/2023, 7:36:00 PM",142276,001004,2D1,38.9483536271,23067993,"5/1/2023, 8:17:09 PM",6
001004 2,evening,theft/other,,precinct 31,"2/13/2025, 3:43:00 PM",2025,,cluster 11,theft/other,393070.63,property|theft/other,"38.9483570552,-77.0799373128",-77.0799373128,3E,4500 - 4537 block of wisconsin avenue nw,3,2,others,property,202,"2/13/2025, 1:37:00 PM",142276.38,001004,2D1,38.9483570552,25021472,"2/13/2025, 3:43:42 PM",6
001100 4,day,theft/other,,precinct 32,"12/31/2023, 11:41:00 AM",2023,,cluster 11,theft/other,393039.43,property|theft/other,"38.9492466458,-77.0802982386",-77.0802982386,3E,4530 - 4599 block of wisconsin avenue nw,3,2,others,property,202,"12/31/2023, 11:40:00 AM",142375.16,001100,2D1,38.9492466458,23211647,"12/31/2023, 12:03:17 PM",6
000803 3,day,theft/other,,precinct 10,"5/1/2026, 1:35:00 PM",2026,,cluster 14,theft/other,392960.84,property|theft/other,"38.9302858242,-77.0811832718",-77.0811832718,3B,4000 - 4299 block of cathedral avenue nw,3,2,others,property,205,"5/1/2026, 11:00:00 AM",140270.41,000803,2D2,38.9302858242,26421676,"5/6/2026, 10:15:49 AM",6
001200 4,day,theft/other,,precinct 33,,2025,,cluster 11,theft/other,393227.28,property|theft/other,"38.9451386287,-77.0781266684",-77.0781266684,3E,4300 - 4326 block of wisconsin avenue nw,3,2,others,property,202,"10/23/2025, 7:44:00 AM",141918.97,001200,2D1,38.9451386287,25161244,"10/23/2025, 8:45:31 AM",6
001002 2,evening,theft/other,,precinct 29,"5/8/2025, 8:00:00 PM",2025,,cluster 14,theft/other,393391.9,property|theft/other,"38.9417022317,-77.0762240207",-77.0762240207,3A,4000 - 4099 block of wisconsin avenue nw,3,2,others,property,204,"5/8/2025, 6:00:00 PM",141537.36,001002,2D2,38.9417022317,25068145,"5/8/2025, 9:00:51 PM",6
000703 1,day,theft f/auto,,precinct 28,"12/5/2025, 2:00:00 PM",2025,,cluster 14,theft f/auto,392960.84,property|theft f/auto,"38.9302858242,-77.0811832718",-77.0811832718,3A,4000 - 4299 block of cathedral avenue nw,3,2,others,property,205,"12/5/2025, 9:00:00 AM",140270.41,000703,2D2,38.9302858242,25183987,"12/6/2025, 11:13:13 AM",7
001002 4,day,theft/other,,precinct 29,"3/6/2025, 8:13:00 AM",2025,,cluster 14,theft/other,393645.65,property|theft/other,"38.934751414,-77.0732898841",-77.0732898841,3A,3700 - 3749 block of newark street nw,3,2,others,property,204,"3/6/2025, 8:09:00 AM",140765.55,001002,2D2,38.934751414,25032211,"3/6/2025, 8:46:50 AM",6
001002 2,day,theft/other,,precinct 29,"10/11/2024, 9:30:00 AM",2024,,cluster 14,theft/other,393254.53,property|theft/other,"38.9400305108,-77.0778067509",-77.0778067509,3A,10 - 99 block of ridge square nw,3,2,others,property,204,"10/10/2024, 6:00:00 PM",141351.9,001002,2D2,38.9400305108,24159233,"10/14/2024, 11:04:58 AM",6
000904 2,day,theft f/auto,,precinct 9,"12/13/2023, 2:55:00 PM",2023,,cluster 13,theft f/auto,391294.36,property|theft f/auto,"38.9390766825,-77.100415324",-77.100415324,3D,5000 - 5099 block of sedgwick street nw,3,2,others,property,205,"12/13/2023, 12:00:00 PM",141247.93,000904,2D2,38.9390766825,23202504,"12/17/2023, 12:25:55 PM",7
000600 3,day,motor vehicle theft,,precinct 27,"4/10/2025, 8:30:00 AM",2025,,cluster 15,motor vehicle theft,393782.27,property|motor vehicle theft,"38.9325385116,-77.0717119085",-77.0717119085,3A,3600 - 3699 block of lowell street nw,3,2,others,property,204,"4/9/2025, 10:30:00 AM",140519.79,000600,2D2,38.9325385116,25051967,"4/10/2025, 9:43:32 AM",8
000703 1,evening,theft f/auto,,precinct 28,"3/22/2024, 7:58:00 PM",2024,,cluster 14,theft f/auto,393203.59,property|theft f/auto,"38.9324226132,-77.0783859624",-77.0783859624,3A,3900 - 4099 block of massachusetts avenue nw,3,2,others,property,205,"3/16/2024, 10:00:00 PM",140507.4,000703,2D2,38.9324226132,24043554,"3/22/2024, 8:05:26 PM",7
001200 4,evening,theft f/auto,,precinct 33,"9/24/2024, 12:00:00 AM",2024,,cluster 11,theft f/auto,393449.88,property|theft f/auto,"38.9422190208,-77.0755557725",-77.0755557725,3A,3800 - 3899 block of upton street nw,3,2,others,property,202,"9/23/2024, 12:00:00 AM",141594.68,001200,2D1,38.9422190208,24148016,"9/24/2024, 6:30:14 PM",7
001100 4,day,theft/other,,precinct 32,,2025,,cluster 11,theft/other,393039.43,property|theft/other,"38.9492466458,-77.0802982386",-77.0802982386,3E,4530 - 4599 block of wisconsin avenue nw,3,2,others,property,202,"1/13/2025, 1:11:00 PM",142375.16,001100,2D1,38.9492466458,25005793,"1/13/2025, 2:01:56 PM",6
001002 4,day,theft/other,,precinct 29,"2/15/2025, 7:45:00 AM",2025,,cluster 14,theft/other,393550.16,property|theft/other,"38.9360923238,-77.0743926472",-77.0743926472,3A,3400 - 3499 block of 38th street nw,3,2,others,property,204,"2/10/2025, 1:00:00 PM",140914.48,001002,2D2,38.9360923238,25022870,"2/16/2025, 2:02:47 PM",6
001002 4,evening,theft/other,,precinct 29,"3/4/2025, 4:45:00 PM",2025,,cluster 14,theft/other,393645.65,property|theft/other,"38.934751414,-77.0732898841",-77.0732898841,3A,3700 - 3749 block of newark street nw,3,2,others,property,204,"3/4/2025, 4:43:00 PM",140765.55,001002,2D2,38.934751414,25031404,"3/4/2025, 6:28:38 PM",6
001002 1,day,theft/other,,precinct 10,"12/17/2022, 2:00:00 AM",2022,,cluster 14,theft/other,392798,property|theft/other,"38.935829924,-77.0830677796",-77.0830677796,3A,4200 - 4349 block of massachusetts avenue nw,3,2,others,property,204,"12/16/2022, 10:00:00 PM",140886,001002,2D2,38.935829924,22185364,"12/21/2022, 12:55:05 PM",6
001002 2,evening,theft/other,,precinct 29,"2/15/2023, 11:15:00 PM",2023,,cluster 14,theft/other,393254.53,property|theft/other,"38.9400305108,-77.0778067509",-77.0778067509,3A,10 - 99 block of ridge square nw,3,2,others,property,204,"2/15/2023, 10:55:00 PM",141351.9,001002,2D2,38.9400305108,23034162,"3/3/2023, 9:16:16 PM",6
001004 2,evening,theft/other,,precinct 31,"12/29/2023, 3:45:00 PM",2023,,cluster 11,theft/other,393070.63,property|theft/other,"38.9483570552,-77.0799373128",-77.0799373128,3E,4500 - 4537 block of wisconsin avenue nw,3,2,others,property,202,"12/29/2023, 2:08:00 PM",142276.38,001004,2D1,38.9483570552,23210648,"12/29/2023, 4:18:36 PM",6
001004 2,day,theft/other,,precinct 31,"12/23/2023, 10:21:00 AM",2024,,cluster 11,theft/other,393070.63,property|theft/other,"38.9483570552,-77.0799373128",-77.0799373128,3E,4500 - 4537 block of wisconsin avenue nw,3,2,others,property,202,"12/23/2023, 10:12:00 AM",142276.38,001004,2D1,38.9483570552,24043788,"3/23/2024, 12:27:25 PM",6
000600 4,day,theft f/auto,,precinct 27,"4/17/2024, 6:00:00 AM",2024,,cluster 15,theft f/auto,393962.14,property|theft f/auto,"38.9390881669,-77.0696437829",-77.0696437829,3A,3500 - 3599 block of rodman street nw,3,2,others,property,203,"4/16/2024, 9:00:00 PM",141246.72,000600,2D1,38.9390881669,24058051,"4/18/2024, 12:05:15 PM",7
001004 2,day,theft/other,,precinct 31,"6/23/2023, 3:16:00 PM",2023,,cluster 11,theft/other,393070,property|theft/other,"38.9483536271,-77.0799445766",-77.0799445766,3E,4500 - 4537 block of wisconsin avenue nw,3,2,others,property,202,"6/23/2023, 3:16:00 PM",142276,001004,2D1,38.9483536271,23104007,"6/28/2023, 12:18:29 PM",6
001100 4,day,theft/other,,precinct 32,"9/13/2024, 11:15:00 AM",2024,,cluster 11,theft/other,393039.43,property|theft/other,"38.9492466458,-77.0802982386",-77.0802982386,3E,4530 - 4599 block of wisconsin avenue nw,3,2,others,property,202,"9/13/2024, 10:26:00 AM",142375.16,001100,2D1,38.9492466458,24141286,"9/13/2024, 11:35:32 AM",6
001004 2,day,burglary,,precinct 31,"8/5/2024, 2:00:00 AM",2024,,cluster 11,burglary,392978.18,property|burglary,"38.9496874735,-77.0810053294",-77.0810053294,3E,4100 - 4151 block of brandywine street nw,3,2,others,property,202,"8/4/2024, 11:57:00 PM",142424.15,001004,2D1,38.9496874735,24121492,"8/8/2024, 12:15:38 PM",5
001100 4,evening,theft/other,,precinct 32,"5/1/2026, 6:31:00 PM",2026,,cluster 11,theft/other,393173.95,property|theft/other,"38.9487916125,-77.0787458915",-77.0787458915,3E,4500 - 4599 block of 40th street nw,3,2,others,property,202,"5/1/2026, 6:30:00 PM",142324.53,001100,2D1,38.9487916125,26058308,"5/1/2026, 6:57:46 PM",6
001002 3,day,theft/other,,precinct 29,"3/24/2024, 2:05:00 PM",2024,,cluster 14,theft/other,393558.37,property|theft/other,"38.9370775311,-77.0742989795",-77.0742989795,3A,3800 - 3814 block of porter street nw,3,2,others,property,204,"7/24/2023, 2:05:00 PM",141023.84,001002,2D2,38.9370775311,24421181,"4/3/2024, 8:42:28 AM",6
000704 1,day,theft/other,,precinct 28,"5/28/2026, 1:03:00 PM",2026,,cluster 14,theft/other,393685.84,property|theft/other,"38.9307918346,-77.0728222959",-77.0728222959,3A,3021 - 3199 block of wisconsin avenue nw,3,2,others,property,204,"5/28/2026, 1:03:00 PM",140325.97,000704,2D2,38.9307918346,26422056,"6/4/2026, 1:01:56 PM",6
001100 4,evening,theft/other,,precinct 32,"11/12/2024, 6:50:00 PM",2024,,cluster 11,theft/other,393039.43,property|theft/other,"38.9492466458,-77.0802982386",-77.0802982386,3E,4530 - 4599 block of wisconsin avenue nw,3,2,others,property,202,"11/12/2024, 6:40:00 PM",142375.16,001100,2D1,38.9492466458,24176190,"11/12/2024, 8:53:02 PM",6
001002 2,day,theft/other,,precinct 29,"4/3/2026, 1:00:00 PM",2026,,cluster 14,theft/other,393254.53,property|theft/other,"38.9400305108,-77.0778067509",-77.0778067509,3A,10 - 99 block of ridge square nw,3,2,others,property,204,"4/3/2026, 12:40:00 PM",141351.9,001002,2D2,38.9400305108,26043604,"4/3/2026, 1:53:19 PM",6
001004 2,day,theft/other,,precinct 31,"4/14/2026, 8:58:00 AM",2026,,cluster 11,theft/other,393070.63,property|theft/other,"38.9483570552,-77.0799373128",-77.0799373128,3E,4500 - 4537 block of wisconsin avenue nw,3,2,others,property,202,"4/14/2026, 8:39:00 AM",142276.38,001004,2D1,38.9483570552,26049347,"4/14/2026, 1:51:54 PM",6
001004 2,day,theft/other,,precinct 31,"3/4/2026, 11:34:00 AM",2026,,cluster 11,theft/other,393070.63,property|theft/other,"38.9483570552,-77.0799373128",-77.0799373128,3E,4500 - 4537 block of wisconsin avenue nw,3,2,others,property,202,"3/4/2026, 10:32:00 AM",142276.38,001004,2D1,38.9483570552,26028493,"3/4/2026, 12:45:00 PM",6
001002 4,evening,theft/other,,precinct 29,"6/20/2026, 11:55:00 AM",2026,,cluster 14,theft/other,393645.65,property|theft/other,"38.934751414,-77.0732898841",-77.0732898841,3A,3700 - 3749 block of newark street nw,3,2,others,property,204,"6/20/2026, 8:53:00 AM",140765.55,001002,2D2,38.934751414,26085077,"6/20/2026, 4:38:34 PM",6
000600 4,evening,theft/other,,precinct 27,"1/3/2023, 5:24:00 PM",2023,,cluster 15,theft/other,393784,property|theft/other,"38.9346303412,-77.071694059",-77.071694059,3A,3600 - 3699 block of newark street nw,3,2,others,property,203,"1/3/2023, 5:20:00 PM",140752,000600,2D1,38.9346303412,23001520,"1/3/2023, 7:00:57 PM",6
001100 4,day,theft/other,,precinct 32,,2023,,cluster 11,theft/other,393070,property|theft/other,"38.9483536271,-77.0799445766",-77.0799445766,3E,4500 - 4537 block of wisconsin avenue nw,3,2,others,property,202,"1/22/2023, 12:00:00 AM",142276,001100,2D1,38.9483536271,23011677,"1/23/2023, 12:54:26 PM",6
000400 1,day,burglary,,precinct 12,"8/8/2026, 12:11:00 AM",2026,,cluster 15,burglary,393685.84,property|burglary,"38.9307918346,-77.0728222959",-77.0728222959,3C,3021 - 3199 block of wisconsin avenue nw,3,2,others,property,204,"8/7/2026, 10:00:00 PM",140325.97,000400,2D2,38.9307918346,26113032,"8/12/2026, 11:11:48 AM",5
001100 4,evening,theft/other,,precinct 32,"11/10/2024, 5:35:00 PM",2024,,cluster 11,theft/other,393039.43,property|theft/other,"38.9492466458,-77.0802982386",-77.0802982386,3E,4530 - 4599 block of wisconsin avenue nw,3,,others,property,202,"11/10/2024, 5:27:00 PM",142375.16,001100,2D1,38.9492466458,24175020,"11/10/2024, 6:25:30 PM",6
000703 2,day,theft f/auto,,precinct 28,"4/28/2023, 1:53:00 PM",2023,,cluster 14,theft f/auto,392960,property|theft f/auto,"38.9302821241,-77.0811929554",-77.0811929554,3B,4000 - 4299 block of cathedral avenue nw,3,2,others,property,204,"4/26/2023, 12:00:00 AM",140270,000703,2D2,38.9302821241,23066001,"4/28/2023, 1:57:40 PM",7
000704 1,evening,theft/other,,precinct 28,"3/4/2025, 4:45:00 AM",2025,,cluster 14,theft/other,393685.84,property|theft/other,"38.9307918346,-77.0728222959",-77.0728222959,3A,3021 - 3199 block of wisconsin avenue nw,3,2,others,property,204,"3/4/2025, 4:40:00 AM",140325.97,000704,2D2,38.9307918346,25031152,"3/4/2025, 6:37:15 PM",6
000703 2,day,theft f/auto,,precinct 28,"12/6/2023, 12:00:00 PM",2024,,cluster 14,theft f/auto,393245.04,property|theft f/auto,"38.9290989586,-77.0779042699",-77.0779042699,3B,3900 - 3999 block of cathedral avenue nw,3,2,others,property,204,"12/6/2023, 10:30:00 AM",140138.41,000703,2D2,38.9290989586,24016118,"2/1/2024, 12:41:05 PM",7
001002 4,day,theft/other,,precinct 29,"9/29/2025, 9:02:00 AM",2025,,cluster 14,theft/other,393645.65,property|theft/other,"38.934751414,-77.0732898841",-77.0732898841,3A,3700 - 3749 block of newark street nw,3,2,others,property,204,"9/29/2025, 9:01:00 AM",140765.55,001002,2D2,38.934751414,25148699,"9/29/2025, 11:01:14 AM",6
001004 2,day,theft/other,,precinct 31,"11/17/2024, 8:21:00 AM",2024,,cluster 11,theft/other,393070.63,property|theft/other,"38.9483570552,-77.0799373128",-77.0799373128,3E,4500 - 4537 block of wisconsin avenue nw,3,2,others,property,202,"11/17/2024, 8:19:00 AM",142276.38,001004,2D1,38.9483570552,24178622,"11/17/2024, 8:46:47 AM",6
001002 4,day,theft/other,,precinct 29,"1/17/2025, 12:56:00 PM",2025,,cluster 14,theft/other,393645.65,property|theft/other,"38.934751414,-77.0732898841",-77.0732898841,3A,3700 - 3749 block of newark street nw,3,2,others,property,204,"1/17/2025, 12:54:00 PM",140765.55,001002,2D2,38.934751414,25007849,"1/17/2025, 2:04:04 PM",6
000600 4,evening,theft f/auto,,precinct 29,"3/2/2023, 2:00:00 PM",2023,,cluster 15,theft f/auto,393721,property|theft f/auto,"38.9377377552,-77.0724238445",-77.0724238445,3A,3600 - 3699 block of 37th street nw,3,2,others,property,203,"3/2/2023, 7:00:00 AM",141097,000600,2D1,38.9377377552,23036190,"3/7/2023, 4:25:29 PM",7
000903 2,day,burglary,,precinct 9,"10/6/2023, 3:45:00 AM",2023,,cluster 13,burglary,392004.04,property|burglary,"38.9384855479,-77.0922287427",-77.0922287427,3D,3700 - 3799 block of university avenue nw,3,2,others,property,205,"10/6/2023, 3:40:00 AM",141181.56,000903,2D2,38.9384855479,23164836,"10/6/2023, 10:38:52 AM",5
000904 2,evening,theft f/auto,,precinct 9,"9/1/2023, 2:30:00 PM",2023,,cluster 13,theft f/auto,391528.76,property|theft f/auto,"38.9369211281,-77.0977086788",-77.0977086788,3D,4900 - 4999 block of hillbrook lane nw,3,2,others,property,205,"9/1/2023, 12:30:00 PM",141008.39,000904,2D2,38.9369211281,23144191,"9/1/2023, 3:52:16 PM",7
001002 4,day,theft/other,,precinct 29,"3/2/2025, 12:15:00 PM",2025,,cluster 14,theft/other,393645.65,property|theft/other,"38.934751414,-77.0732898841",-77.0732898841,3A,3700 - 3749 block of newark street nw,3,2,others,property,204,"3/2/2025, 12:11:00 PM",140765.55,001002,2D2,38.934751414,25030206,"3/2/2025, 2:07:39 PM",6
000703 2,day,theft/other,,precinct 28,"9/11/2025, 5:30:00 AM",2025,,cluster 14,theft/other,392884.2,property|theft/other,"38.9268926783,-77.082063263",-77.082063263,3B,2800 - 2899 block of new mexico avenue nw,3,2,others,property,204,"9/10/2025, 5:00:00 AM",139893.81,000703,2D2,38.9268926783,25139005,"9/11/2025, 1:48:26 PM",6
001002 2,evening,theft/other,,precinct 29,"6/29/2024, 6:00:00 PM",2024,,cluster 11,theft/other,393344.88,property|theft/other,"38.9426890947,-77.0767674562",-77.0767674562,3A,4100 - 4199 block of wisconsin avenue nw,3,2,knife,property,202,"6/29/2024, 4:51:00 PM",141646.95,001002,2D1,38.9426890947,24099478,"6/29/2024, 6:03:45 PM",6
001004 3,day,motor vehicle theft,,precinct 30,"9/15/2024, 7:45:00 AM",2024,,cluster 11,motor vehicle theft,392421.66,property|motor vehicle theft,"38.9462848377,-77.087421301",-77.087421301,3E,4400 - 4499 block of yuma street nw,3,2,others,property,202,"9/14/2024, 6:30:00 PM",142046.94,001004,2D1,38.9462848377,24142414,"9/15/2024, 9:44:12 AM",8
000904 1,day,theft f/auto,,precinct 8,"4/14/2022, 5:00:00 PM",2022,,cluster 13,theft f/auto,391414,property|theft f/auto,"38.9308449087,-77.0990239009",-77.0990239009,3D,2953 - 3099 block of arizona avenue nw,3,2,others,property,205,"10/28/2019, 3:00:00 PM",140334,000904,2D2,38.9308449087,22169684,"11/21/2022, 2:55:39 PM",7
001002 2,evening,theft/other,,precinct 29,"10/27/2025, 7:45:00 PM",2025,,cluster 14,theft/other,393254.53,property|theft/other,"38.9400305108,-77.0778067509",-77.0778067509,3A,10 - 99 block of ridge square nw,3,2,others,property,204,"10/27/2025, 6:30:00 PM",141351.9,001002,2D2,38.9400305108,25424657,"10/29/2025, 8:01:36 PM",6
000600 4,day,theft f/auto,,precinct 27,"2/17/2023, 7:30:00 AM",2023,,cluster 15,theft f/auto,393766,property|theft f/auto,"38.9355400517,-77.0719025847",-77.0719025847,3A,3600 - 3699 block of norton place nw,3,2,others,property,203,"2/17/2023, 12:00:00 AM",140853,000600,2D1,38.9355400517,23420880,"2/18/2023, 2:22:13 PM",7
001200 4,evening,theft f/auto,,precinct 33,"5/8/2023, 11:30:00 AM",2023,,cluster 11,theft f/auto,393627,property|theft f/auto,"38.9439708132,-77.0735144956",-77.0735144956,3E,3700 - 3799 block of veazey street nw,3,2,others,property,202,"5/8/2023, 10:30:00 AM",141789,001200,2D1,38.9439708132,23072375,"5/8/2023, 7:38:50 PM",7
000904 2,day,theft f/auto,,precinct 9,"6/13/2025, 12:00:00 PM",2025,,cluster 13,theft f/auto,391226.69,property|theft f/auto,"38.9402560949,-77.101197539",-77.101197539,3D,5032 - 5135 block of tilden street nw,3,2,others,property,205,"6/13/2025, 11:40:00 AM",141378.93,000904,2D2,38.9402560949,25091066,"6/18/2025, 9:40:31 AM",7
001002 2,day,theft/other,,precinct 29,"8/22/2026, 12:30:00 PM",2026,,cluster 14,theft/other,393455.55,property|theft/other,"38.9403667792,-77.0754884077",-77.0754884077,3A,3901 - 3999 block of wisconsin avenue nw,3,2,others,property,204,"8/22/2026, 11:30:00 AM",141389.06,001002,2D2,38.9403667792,26423325,"8/28/2026, 12:46:58 PM",6
001003 1,evening,theft f/auto,,precinct 31,"1/26/2023, 11:00:00 PM",2023,,cluster 11,theft f/auto,392058,property|theft f/auto,"38.9496872931,-77.0916207405",-77.0916207405,3E,4600 - 4699 block of brandywine street nw,3,2,others,property,202,"1/26/2023, 5:30:00 PM",142425,001003,2D1,38.9496872931,23020188,"2/6/2023, 5:41:37 PM",7
001002 4,evening,theft/other,,precinct 29,"2/22/2025, 5:00:00 PM",2025,,cluster 14,theft/other,393645.65,property|theft/other,"38.934751414,-77.0732898841",-77.0732898841,3A,3700 - 3749 block of newark street nw,3,2,others,property,204,"2/22/2025, 4:30:00 PM",140765.55,001002,2D2,38.934751414,25026103,"2/22/2025, 5:21:22 PM",6
000704 1,day,motor vehicle theft,,precinct 28,"8/8/2026, 5:20:00 AM",2026,,cluster 14,motor vehicle theft,393421.66,property|motor vehicle theft,"38.930583246,-77.0758689081",-77.0758689081,3A,3800 - 3899 block of massachusetts avenue nw,3,2,others,property,204,"8/7/2026, 11:30:00 PM",140303.03,000704,2D2,38.930583246,26110999,"8/8/2026, 7:05:39 AM",8
001002 2,day,theft/other,,precinct 29,"4/18/2025, 9:30:00 AM",2025,,cluster 14,theft/other,393254.53,property|theft/other,"38.9400305108,-77.0778067509",-77.0778067509,3A,10 - 99 block of ridge square nw,3,2,others,property,204,"4/18/2025, 9:01:00 AM",141351.9,001002,2D2,38.9400305108,25056149,"4/18/2025, 10:19:35 AM",6
000902 1,midnight,theft f/auto,,precinct 8,"9/12/2023, 3:15:00 PM",2023,,cluster 13,theft f/auto,391553.58,property|theft f/auto,"38.9301946009,-77.0974132103",-77.0974132103,3D,2900 - 3099 block of university terrace nw,3,2,others,property,205,"9/12/2023, 8:15:00 AM",140261.66,000902,2D2,38.9301946009,23151055,"9/13/2023, 1:13:06 AM",7
001003 1,day,theft f/auto,,precinct 31,"4/21/2023, 11:10:00 AM",2023,,cluster 11,theft f/auto,392231,property|theft f/auto,"38.9479052023,-77.0896227315",-77.0896227315,3E,4500 - 4599 block of albemarle street nw,3,2,others,property,202,"4/21/2023, 7:30:00 AM",142227,001003,2D1,38.9479052023,23062026,"4/21/2023, 11:57:37 AM",7
001100 4,day,theft/other,,precinct 32,"8/27/2025, 10:57:00 AM",2025,,cluster 11,theft/other,393173.95,property|theft/other,"38.9487916125,-77.0787458915",-77.0787458915,3E,4500 - 4599 block of 40th street nw,3,2,others,property,202,"8/27/2025, 9:32:00 AM",142324.53,001100,2D1,38.9487916125,25130661,"8/27/2025, 12:27:50 PM",6
000703 1,day,motor vehicle theft,,precinct 28,"12/25/2024, 8:30:00 AM",2024,,cluster 14,motor vehicle theft,393203.59,property|motor vehicle theft,"38.9324226132,-77.0783859624",-77.0783859624,3A,3900 - 4099 block of massachusetts avenue nw,3,2,others,property,205,"12/24/2024, 9:30:00 PM",140507.4,000703,2D2,38.9324226132,24199094,"12/25/2024, 9:55:04 AM",8
001200 4,evening,theft/other,,precinct 33,"2/15/2025, 10:00:00 PM",2025,,cluster 11,theft/other,393344.88,property|theft/other,"38.9426890947,-77.0767674562",-77.0767674562,3A,4100 - 4199 block of wisconsin avenue nw,3,2,others,property,202,"2/15/2025, 5:30:00 PM",141646.95,001200,2D1,38.9426890947,25022563,"2/15/2025, 5:37:33 PM",6
001004 2,day,theft/other,,precinct 31,"1/28/2026, 12:12:00 PM",2026,,cluster 11,theft/other,393070.63,property|theft/other,"38.9483570552,-77.0799373128",-77.0799373128,3E,4500 - 4537 block of wisconsin avenue nw,3,2,others,property,202,"1/28/2026, 12:10:00 PM",142276.38,001004,2D1,38.9483570552,26012314,"1/28/2026, 12:56:58 PM",6
001002 2,midnight,theft/other,,precinct 29,"3/26/2024, 11:40:00 PM",2024,,cluster 14,theft/other,393254.53,property|theft/other,"38.9400305108,-77.0778067509",-77.0778067509,3A,10 - 99 block of ridge square nw,3,2,others,property,204,"3/26/2024, 11:35:00 PM",141351.9,001002,2D2,38.9400305108,24045795,"3/27/2024, 5:51:29 AM",6
001002 2,day,theft/other,,precinct 29,"10/27/2024, 10:20:00 AM",2024,,cluster 14,theft/other,393391.9,property|theft/other,"38.9417022317,-77.0762240207",-77.0762240207,3A,4000 - 4099 block of wisconsin avenue nw,3,2,others,property,204,"10/27/2024, 9:24:00 AM",141537.36,001002,2D2,38.9417022317,24168468,"10/30/2024, 8:01:16 AM",6
001100 4,evening,robbery,,precinct 32,"9/30/2022, 8:40:00 PM",2022,,cluster 11,robbery,393173,violent|robbery,"38.9487868308,-77.0787568455",-77.0787568455,3E,4500 - 4599 block of 40th street nw,3,2,others,violent,202,"9/30/2022, 7:19:00 PM",142324,001100,2D1,38.9487868308,22141855,"9/30/2022, 8:50:57 PM",4
001200 4,midnight,motor vehicle theft,,precinct 33,"10/6/2022, 4:15:00 AM",2022,,cluster 11,motor vehicle theft,393321,property|motor vehicle theft,"38.9443739127,-77.0770447352",-77.0770447352,3E,4210 - 4299 block of 39th street nw,3,2,others,property,202,"10/5/2022, 7:30:00 PM",141834,001200,2D1,38.9443739127,22144701,"10/6/2022, 4:56:49 AM",8
001100 4,evening,theft/other,,precinct 32,"3/31/2026, 1:45:00 PM",2026,,cluster 11,theft/other,393070.63,property|theft/other,"38.9483570552,-77.0799373128",-77.0799373128,3E,4500 - 4537 block of wisconsin avenue nw,3,2,others,property,202,"3/31/2026, 12:16:00 PM",142276.38,001100,2D1,38.9483570552,26042243,"3/31/2026, 8:01:18 PM",6
001002 4,day,robbery,,precinct 29,"5/30/2023, 10:25:00 AM",2023,,cluster 14,robbery,393653,violent|robbery,"38.9361788317,-77.0732065761",-77.0732065761,3A,3500 - 3502 block of wisconsin avenue nw,3,2,others,violent,204,"5/30/2023, 10:20:00 AM",140924,001002,2D2,38.9361788317,23085428,"5/30/2023, 11:30:34 AM",4
001100 4,midnight,theft/other,,precinct 32,"12/29/2024, 10:11:00 PM",2024,,cluster 11,theft/other,393039.43,property|theft/other,"38.9492466458,-77.0802982386",-77.0802982386,3E,4530 - 4599 block of wisconsin avenue nw,3,2,others,property,202,"12/29/2024, 10:09:00 PM",142375.16,001100,2D1,38.9492466458,24201218,"12/29/2024, 11:18:14 PM",6
001100 4,evening,theft/other,,precinct 32,"6/19/2024, 7:30:00 AM",2024,,cluster 11,theft/other,393102.54,property|theft/other,"38.9496787299,-77.0795706737",-77.0795706737,3E,4000 - 4099 block of brandywine street nw,3,2,others,property,202,"6/19/2024, 7:01:00 AM",142423.07,001100,2D1,38.9496787299,24093502,"6/19/2024, 7:52:38 PM",6
001004 2,day,theft/other,,precinct 31,"10/20/2023, 8:23:00 AM",2023,,cluster 11,theft/other,392925.4,property|theft/other,"38.9527101349,-77.0816176726",-77.0816176726,3E,4800 - 4899 block of wisconsin avenue nw,3,2,knife,property,202,"10/20/2023, 8:20:00 AM",142759.74,001004,2D1,38.9527101349,23172820,"10/20/2023, 8:46:33 AM",6
001004 3,day,theft f/auto,,precinct 30,"11/9/2023, 11:00:00 AM",2023,,cluster 11,theft f/auto,392526.67,property|theft f/auto,"38.9459107228,-77.0862094865",-77.0862094865,3E,4315 - 4399 block of 44th street nw,3,,others,property,,"11/8/2023, 8:00:00 PM",142005.31,001004,,38.9459107228,23184229,"11/9/2023, 2:03:19 PM",7
001200 4,day,motor vehicle theft,,precinct 33,"12/18/2024, 6:54:00 AM",2024,,cluster 11,motor vehicle theft,393427.3,property|motor vehicle theft,"38.9455301164,-77.0758197548",-77.0758197548,3E,3800 - 3899 block of windom place nw,3,2,others,property,202,"12/17/2024, 8:30:00 PM",141962.26,001200,2D1,38.9455301164,24195498,"12/18/2024, 8:50:07 AM",8
001100 4,midnight,theft f/auto,,precinct 32,"5/23/2024, 3:40:00 AM",2024,,cluster 11,theft f/auto,393070.63,property|theft f/auto,"38.9483570552,-77.0799373128",-77.0799373128,3E,4500 - 4537 block of wisconsin avenue nw,3,2,others,property,202,"5/22/2024, 10:00:00 PM",142276.38,001100,2D1,38.9483570552,24077334,"5/23/2024, 4:34:43 AM",7
000703 2,day,theft f/auto,,precinct 28,,2023,,cluster 14,theft f/auto,393225,property|theft f/auto,"38.9269781584,-77.0781330653",-77.0781330653,3B,3900 - 3979 block of watson place nw,3,2,others,property,204,"2/8/2023, 12:00:00 AM",139903,000703,2D2,38.9269781584,23021629,"2/9/2023, 10:38:26 AM",7
001100 4,midnight,theft/other,,precinct 32,"12/9/2023, 3:58:00 AM",2023,,cluster 11,theft/other,393039.43,property|theft/other,"38.9492466458,-77.0802982386",-77.0802982386,3E,4530 - 4599 block of wisconsin avenue nw,3,2,others,property,202,"12/9/2023, 3:50:00 AM",142375.16,001100,2D1,38.9492466458,23200199,"12/9/2023, 4:32:56 AM",6
001004 2,evening,theft/other,,precinct 31,"11/14/2023, 2:34:00 PM",2023,,cluster 11,theft/other,393070.63,property|theft/other,"38.9483570552,-77.0799373128",-77.0799373128,3E,4500 - 4537 block of wisconsin avenue nw,3,2,others,property,202,"11/14/2023, 2:32:00 PM",142276.38,001004,2D1,38.9483570552,23186964,"11/14/2023, 3:36:14 PM",6
001100 4,evening,theft/other,,precinct 32,"11/27/2023, 4:47:00 PM",2023,,cluster 11,theft/other,393039.43,property|theft/other,"38.9492466458,-77.0802982386",-77.0802982386,3E,4530 - 4599 block of wisconsin avenue nw,3,2,others,property,202,"11/27/2023, 4:40:00 PM",142375.16,001100,2D1,38.9492466458,23193690,"11/27/2023, 6:58:31 PM",6
001002 2,evening,theft f/auto,,precinct 29,"11/28/2022, 10:50:00 AM",2022,,cluster 14,theft f/auto,393340,property|theft f/auto,"38.9390321436,-77.076819807",-77.076819807,3A,3810 - 3899 block of rodman street nw,3,2,others,property,204,"11/28/2022, 9:00:00 AM",141241,001002,2D2,38.9390321436,22173179,"11/28/2022, 6:23:52 PM",7
001004 2,day,theft/other,,precinct 31,"12/6/2022, 9:30:00 AM",2022,,cluster 11,theft/other,392527,property|theft/other,"38.9491419036,-77.0862095873",-77.0862095873,3E,4516 - 4599 block of 44th street nw,3,2,others,property,202,"12/6/2022, 8:30:00 AM",142364,001004,2D1,38.9491419036,22177340,"12/6/2022, 11:32:40 AM",6
000600 4,evening,theft/other,,precinct 29,"10/8/2022, 7:14:00 PM",2022,,cluster 15,theft/other,393721,property|theft/other,"38.939683546,-77.0724258211",-77.0724258211,3A,3700 - 3999 block of 37th street nw,3,2,others,property,203,"10/8/2022, 6:30:00 PM",141313,000600,2D1,38.939683546,22146185,"10/8/2022, 7:46:45 PM",6
001002 2,midnight,motor vehicle theft,,precinct 29,,2023,,cluster 14,motor vehicle theft,393431,property|motor vehicle theft,"38.9408795279,-77.0757721301",-77.0757721301,3A,3900 - 4099 block of wisconsin avenue nw,3,2,others,property,204,"1/21/2023, 8:00:00 AM",141446,001002,2D2,38.9408795279,23014159,"1/27/2023, 12:30:07 AM",8
001100 4,day,theft/other,,precinct 32,"4/27/2023, 12:15:00 PM",2023,,cluster 11,theft/other,393173,property|theft/other,"38.9487868308,-77.0787568455",-77.0787568455,3E,4500 - 4599 block of 40th street nw,3,2,others,property,202,"4/27/2023, 12:10:00 PM",142324,001100,2D1,38.9487868308,23065353,"4/27/2023, 1:04:57 PM",6
001003 3,day,burglary,,precinct 30,"4/29/2023, 12:36:00 PM",2023,,cluster 11,burglary,391696,property|burglary,"38.9451257591,-77.0957907276",-77.0957907276,3E,4800 - 4899 block of massachusetts avenue nw,3,2,others,property,202,"4/29/2023, 12:20:00 PM",141919,001003,2D1,38.9451257591,23066525,"4/29/2023, 1:13:16 PM",5
000704 1,day,theft/other,,precinct 28,"2/3/2023, 5:30:00 PM",2023,,cluster 14,theft/other,393563,property|theft/other,"38.9293859179,-77.0742375673",-77.0742375673,3A,3701 - 3799 block of massachusetts avenue nw,3,2,others,property,204,"2/3/2023, 4:45:00 PM",140170,000704,2D2,38.9293859179,23024340,"2/14/2023, 9:26:51 AM",6
001100 4,day,theft/other,,precinct 32,"11/7/2023, 6:00:00 PM",2023,,cluster 11,theft/other,392976.85,property|theft/other,"38.9515608227,-77.0810228019",-77.0810228019,3E,4700 - 4799 block of wisconsin avenue nw,3,2,others,property,202,"11/7/2023, 5:45:00 PM",142632.11,001100,2D1,38.9515608227,23184204,"11/9/2023, 12:14:48 PM",6
000803 1,day,motor vehicle theft,,precinct 10,"11/16/2023, 8:00:00 AM",2023,,cluster 14,motor vehicle theft,392720.5,property|motor vehicle theft,"38.9358184753,-77.0839616505",-77.0839616505,3A,4333 - 4337 block of westover place nw,3,2,others,property,205,"11/15/2023, 4:30:00 PM",140884.8,000803,2D2,38.9358184753,23187941,"11/16/2023, 11:27:45 AM",8
001004 2,day,theft/other,,precinct 31,"11/21/2022, 7:16:00 AM",2022,,cluster 11,theft/other,392684,property|theft/other,"38.9496837215,-77.084399054",-77.084399054,3E,4300 - 4317 block of brandywine street nw,3,2,others,property,202,"11/20/2022, 2:15:00 AM",142424,001004,2D1,38.9496837215,22169553,"11/21/2022, 7:35:08 AM",6
001200 3,day,theft/other,,precinct 33,"11/25/2022, 10:00:00 AM",2022,,cluster 11,theft/other,393322,property|theft/other,"38.9466800397,-77.0770356918",-77.0770356918,3E,4400 - 4415 block of 39th street nw,3,2,others,property,202,"11/25/2022, 10:00:00 AM",142090,001200,2D1,38.9466800397,22424093,"11/28/2022, 8:22:39 AM",6
000600 4,day,theft/other,,precinct 27,"10/18/2022, 12:00:00 AM",2022,,cluster 15,theft/other,393784,property|theft/other,"38.9346303412,-77.071694059",-77.071694059,3A,3600 - 3699 block of newark street nw,3,2,others,property,203,"10/17/2022, 4:00:00 PM",140752,000600,2D1,38.9346303412,22152332,"10/21/2022, 11:02:23 AM",6
001002 4,evening,sex abuse,,precinct 29,"9/30/2005, 5:30:00 AM",2022,,cluster 14,sex abuse,393528,violent|sex abuse,"38.9342861774,-77.0746463504",-77.0746463504,3A,3300 - 3399 block of idaho avenue nw,3,2,others,violent,204,"9/30/2004, 5:30:00 AM",140714,001002,2D2,38.9342861774,22141728,"9/30/2022, 7:11:15 PM",2
000904 2,day,theft f/auto,,precinct 9,"6/2/2023, 3:30:00 PM",2023,,cluster 13,theft f/auto,391265,property|theft f/auto,"38.9414371925,-77.1007573135",-77.1007573135,3D,4000 - 4099 block of 51st street nw,3,2,others,property,205,"6/2/2023, 1:45:00 PM",141510,000904,2D2,38.9414371925,23088885,"6/4/2023, 1:44:52 PM",7
001002 4,evening,theft/other,,precinct 29,"3/30/2023, 1:30:00 PM",2023,,cluster 14,theft/other,393645,property|theft/other,"38.9347464547,-77.073297376",-77.073297376,3A,3700 - 3749 block of newark street nw,3,2,others,property,204,"3/30/2023, 12:50:00 PM",140765,001002,2D2,38.9347464547,23049060,"3/30/2023, 3:24:54 PM",6
001002 2,day,theft/other,,precinct 29,"9/3/2023, 10:23:00 AM",2023,,cluster 14,theft/other,393254.53,property|theft/other,"38.9400305108,-77.0778067509",-77.0778067509,3A,10 - 99 block of ridge square nw,3,2,others,property,204,"9/3/2023, 10:15:00 AM",141351.9,001002,2D2,38.9400305108,23145292,"9/3/2023, 12:33:22 PM",6
001002 2,day,theft/other,,precinct 30,"5/3/2024, 10:21:00 AM",2024,,cluster 11,theft/other,393227.28,property|theft/other,"38.9451386287,-77.0781266684",-77.0781266684,3A,4300 - 4326 block of wisconsin avenue nw,3,2,others,property,202,"5/3/2024, 10:12:00 AM",141918.97,001002,2D1,38.9451386287,24066258,"5/3/2024, 12:02:47 PM",6
000904 1,evening,theft f/auto,,precinct 8,"11/3/2023, 3:47:00 PM",2023,,cluster 13,theft f/auto,391234.62,property|theft f/auto,"38.9315260569,-77.1010936897",-77.1010936897,3D,5000 - 5098 block of klingle street nw,3,2,others,property,205,"11/3/2023, 2:34:00 PM",140409.81,000904,2D2,38.9315260569,23180887,"11/3/2023, 4:15:25 PM",7
000904 2,evening,theft f/auto,,precinct 9,"9/12/2023, 3:23:00 PM",2023,,cluster 13,theft f/auto,391516.92,property|theft f/auto,"38.9413432725,-77.0978513125",-77.0978513125,3D,4900 - 4999 block of tilden street nw,3,2,others,property,205,"9/12/2023, 3:20:00 PM",141499.3,000904,2D2,38.9413432725,23150789,"9/12/2023, 4:32:24 PM",7
000600 4,day,theft f/auto,,precinct 29,"9/7/2023, 12:00:00 PM",2023,,cluster 15,theft f/auto,393431.08,property|theft f/auto,"38.9408803392,-77.0757712082",-77.0757712082,3A,3900 - 4099 block of wisconsin avenue nw,3,2,others,property,203,"9/7/2023, 8:00:00 AM",141446.09,000600,2D1,38.9408803392,23148791,"9/9/2023, 7:05:12 AM",7
001004 2,day,theft f/auto,,precinct 31,"5/16/2023, 5:00:00 PM",2023,,cluster 11,theft f/auto,392527,property|theft f/auto,"38.9482500846,-77.0862085088",-77.0862085088,3E,4500 - 4515 block of 44th street nw,3,2,others,property,202,"5/15/2023, 5:00:00 PM",142265,001004,2D1,38.9482500846,23077568,"5/17/2023, 12:08:32 PM",7
000904 2,evening,theft f/auto,,precinct 9,"7/13/2023, 3:20:00 PM",2023,,cluster 13,theft f/auto,391194.34,property|theft f/auto,"38.9422097581,-77.1015734702",-77.1015734702,3D,5100 - 5199 block of upton street nw,3,2,others,property,205,"7/13/2023, 9:00:00 AM",141595.84,000904,2D2,38.9422097581,23113293,"7/13/2023, 6:09:48 PM",7
001200 4,day,theft/other,,precinct 33,"11/3/2022, 8:15:00 AM",2022,,cluster 11,theft/other,393875,property|theft/other,"38.9422069536,-77.0706519914",-77.0706519914,3F,3600 - 3699 block of upton street nw,3,2,others,property,202,"11/3/2022, 8:10:00 AM",141593,001200,2D1,38.9422069536,22423799,"11/4/2022, 10:02:55 AM",6
000904 2,day,theft f/auto,,precinct 9,"6/12/2023, 2:30:00 PM",2023,,cluster 13,theft f/auto,391243,property|theft f/auto,"38.9439232592,-77.1010146038",-77.1010146038,3D,5018 - 5099 block of warren street nw,3,2,others,property,205,"6/8/2023, 12:30:00 PM",141786,000904,2D2,38.9439232592,23094160,"6/12/2023, 12:04:14 PM",7
001004 2,evening,theft/other,,precinct 31,"3/8/2023, 3:05:00 PM",2023,,cluster 11,theft/other,393070,property|theft/other,"38.9483536271,-77.0799445766",-77.0799445766,3E,4500 - 4537 block of wisconsin avenue nw,3,2,others,property,202,"3/8/2023, 2:52:00 PM",142276,001004,2D1,38.9483536271,23036723,"3/8/2023, 3:52:07 PM",6
001003 3,evening,robbery,,precinct 30,"10/14/2023, 7:35:00 PM",2023,,cluster 11,robbery,391821.85000636,violent|robbery,"38.9462879264,-77.0943405233",-77.0943405233,3E,yuma street nw and 48th street nw,3,2,others,violent,202,"10/14/2023, 7:30:00 PM",142047.88000125,001003,2D1,38.9462879264,23169728,"10/14/2023, 8:40:23 PM",4
001004 2,evening,theft/other,,precinct 31,"1/27/2024, 12:00:00 PM",2024,,cluster 11,theft/other,393070.63,property|theft/other,"38.9483570552,-77.0799373128",-77.0799373128,3E,4500 - 4537 block of wisconsin avenue nw,3,2,others,property,202,"1/27/2024, 11:42:00 AM",142276.38,001004,2D1,38.9483570552,24027235,"2/21/2024, 7:36:09 PM",6
001200 2,evening,theft f/auto,,precinct 33,"11/9/2023, 11:30:00 AM",2023,,cluster 11,theft f/auto,393427.59,property|theft f/auto,"38.9478983946,-77.0758189282",-77.0758189282,3E,3800 - 3899 block of albemarle street nw,3,2,others,property,202,"11/9/2023, 8:00:00 AM",142225.16,001200,2D1,38.9478983946,23189255,"11/18/2023, 6:55:22 PM",7
001002 4,day,theft/other,,precinct 29,"1/22/2024, 5:33:00 PM",2024,,cluster 14,theft/other,393720.86,property|theft/other,"38.9340623694,-77.0724217259",-77.0724217259,3A,3300 - 3399 block of wisconsin avenue nw,3,2,others,property,204,"1/22/2024, 5:30:00 PM",140689,001002,2D2,38.9340623694,24011756,"1/24/2024, 1:22:56 PM",6
000803 3,midnight,theft f/auto,,precinct 10,"8/31/2023, 11:30:00 AM",2023,,cluster 14,theft f/auto,392960.84,property|theft f/auto,"38.9302858242,-77.0811832718",-77.0811832718,3B,4000 - 4299 block of cathedral avenue nw,3,2,others,property,205,"8/31/2023, 7:00:00 AM",140270.41,000803,2D2,38.9302858242,23146906,"9/6/2023, 12:20:42 AM",7
001004 2,evening,motor vehicle theft,,precinct 31,"7/20/2024, 2:37:00 PM",2024,,cluster 11,motor vehicle theft,393070.63,property|motor vehicle theft,"38.9483570552,-77.0799373128",-77.0799373128,3E,4500 - 4537 block of wisconsin avenue nw,3,2,others,property,202,"7/20/2024, 2:30:00 PM",142276.38,001004,2D1,38.9483570552,24111348,"7/21/2024, 4:51:28 PM",8
001100 4,evening,theft/other,,precinct 32,"1/30/2024, 1:40:00 PM",2024,,cluster 11,theft/other,393039.43,property|theft/other,"38.9492466458,-77.0802982386",-77.0802982386,3E,4530 - 4599 block of wisconsin avenue nw,3,2,others,property,202,"1/30/2024, 1:38:00 PM",142375.16,001100,2D1,38.9492466458,24016838,"2/2/2024, 3:41:26 PM",6
001003 1,evening,theft f/auto,,precinct 31,"7/3/2023, 12:00:00 PM",2023,,cluster 11,theft f/auto,391611,property|theft f/auto,"38.9483499139,-77.0967756217",-77.0967756217,3E,4500 - 4521 block of 49th street nw,3,2,others,property,202,"7/2/2023, 3:00:00 PM",142277,001003,2D1,38.9483499139,23107821,"7/4/2023, 7:32:55 PM",7
001003 3,evening,theft f/auto,,precinct 30,"8/15/2023, 12:30:00 PM",2023,,cluster 11,theft f/auto,391696.79,property|theft f/auto,"38.945126307,-77.0957816153",-77.0957816153,3E,4800 - 4899 block of massachusetts avenue nw,3,2,others,property,202,"8/15/2023, 10:00:00 AM",141919.06,001003,2D1,38.945126307,23134068,"8/15/2023, 4:15:31 PM",7
000902 1,day,theft f/auto,,precinct 8,"7/3/2024, 11:00:00 AM",2024,,cluster 13,theft f/auto,391553.58,property|theft f/auto,"38.9301946009,-77.0974132103",-77.0974132103,3D,2900 - 3099 block of university terrace nw,3,2,others,property,205,"7/3/2024, 10:00:00 AM",140261.66,000902,2D2,38.9301946009,24104479,"7/8/2024, 11:58:27 AM",7
001003 3,evening,theft f/auto,,precinct 30,"11/15/2024, 6:51:00 PM",2024,,cluster 11,theft f/auto,391696.79,property|theft f/auto,"38.945126307,-77.0957816153",-77.0957816153,3E,4800 - 4899 block of massachusetts avenue nw,3,2,others,property,202,"11/15/2024, 5:31:00 PM",141919.06,001003,2D1,38.945126307,24177794,"11/15/2024, 10:36:51 PM",7
001100 4,evening,theft/other,,precinct 32,"9/13/2024, 8:41:00 PM",2024,,cluster 11,theft/other,393039.43,property|theft/other,"38.9492466458,-77.0802982386",-77.0802982386,3E,4530 - 4599 block of wisconsin avenue nw,3,2,others,property,202,"9/13/2024, 8:09:00 PM",142375.16,001100,2D1,38.9492466458,24141661,"9/13/2024, 9:06:55 PM",6
001002 4,evening,theft/other,,precinct 29,"7/24/2024, 2:50:00 PM",2024,,cluster 14,theft/other,393645.65,property|theft/other,"38.934751414,-77.0732898841",-77.0732898841,3A,3700 - 3749 block of newark street nw,3,2,others,property,204,"7/24/2024, 2:45:00 PM",140765.55,001002,2D2,38.934751414,24113459,"7/24/2024, 4:29:28 PM",6
001100 4,midnight,theft/other,,precinct 32,"10/20/2024, 9:20:00 PM",2024,,cluster 11,theft/other,393039.43,property|theft/other,"38.9492466458,-77.0802982386",-77.0802982386,3E,4530 - 4599 block of wisconsin avenue nw,3,2,others,property,202,"10/20/2024, 9:14:00 PM",142375.16,001100,2D1,38.9492466458,24163064,"10/21/2024, 4:42:39 AM",6
001100 4,day,theft/other,,precinct 32,"11/12/2024, 11:07:00 AM",2024,,cluster 11,theft/other,393173.95,property|theft/other,"38.9487916125,-77.0787458915",-77.0787458915,3E,4500 - 4599 block of 40th street nw,3,2,others,property,202,"11/12/2024, 11:04:00 AM",142324.53,001100,2D1,38.9487916125,24175963,"11/12/2024, 2:04:34 PM",6
001002 2,day,theft f/auto,,precinct 29,"10/7/2024, 7:30:00 AM",2024,,cluster 14,theft f/auto,393307.83999174,property|theft f/auto,"38.9357006324,-77.07718715",-77.07718715,3A,newark street nw and 39th street nw,3,2,others,property,204,"10/6/2024, 10:00:00 PM",140871.20000016,001002,2D2,38.9357006324,24155288,"10/7/2024, 1:52:15 PM",7
001200 3,day,theft f/auto,,precinct 33,"5/10/2024, 11:38:00 AM",2024,,cluster 11,theft f/auto,393427.59,property|theft f/auto,"38.9478983946,-77.0758189282",-77.0758189282,3E,3800 - 3899 block of albemarle street nw,3,2,others,property,202,"5/10/2024, 11:26:00 AM",142225.16,001200,2D1,38.9478983946,24070099,"5/10/2024, 12:23:25 PM",7
000803 2,evening,theft/other,,precinct 10,"7/5/2024, 5:10:00 PM",2024,,cluster 14,theft/other,392544.93,property|theft/other,"38.9337607693,-77.0859841914",-77.0859841914,3B,3300 - 3399 block of new mexico avenue nw,3,2,others,property,205,"7/5/2024, 4:54:00 PM",140656.54,000803,2D2,38.9337607693,24102926,"7/5/2024, 6:04:55 PM",6
001002 2,midnight,theft/other,,precinct 30,"8/13/2025, 4:28:00 PM",2025,,cluster 11,theft/other,393135.7,property|theft/other,"38.9431623118,-77.079180894",-77.079180894,3A,3920 - 4099 block of van ness street nw,3,2,others,property,202,"8/13/2025, 3:01:00 PM",141699.66,001002,2D1,38.9431623118,25123340,"8/13/2025, 11:37:19 PM",6
001100 4,evening,robbery,,precinct 32,"7/16/2024, 11:50:00 AM",2024,,cluster 11,robbery,393174.69,violent|robbery,"38.9503662642,-77.0787390941",-77.0787390941,3E,4620 - 4699 block of 40th street nw,3,2,others,violent,202,"7/16/2024, 11:45:00 AM",142499.33,001100,2D1,38.9503662642,24108947,"7/16/2024, 3:01:59 PM",4
001002 2,day,theft f/auto,,precinct 29,"11/24/2023, 8:00:00 PM",2023,,cluster 14,theft f/auto,393320.76,property|theft f/auto,"38.9345996466,-77.0770369414",-77.0770369414,3A,3300 - 3499 block of 39th street nw,3,2,others,property,204,"11/20/2023, 9:00:00 PM",140748.97,001002,2D2,38.9345996466,23194554,"11/29/2023, 10:19:19 AM",7
001100 4,day,theft/other,,precinct 32,"5/17/2025, 2:31:00 PM",2025,,cluster 11,theft/other,393194.51,property|theft/other,"38.9487768183,-77.0785086932",-77.0785086932,3E,4500 - 4599 block of fort drive nw,3,2,others,property,202,"5/17/2025, 1:43:00 PM",142322.87,001100,2D1,38.9487768183,25073137,"5/17/2025, 2:34:36 PM",6
001003 3,day,theft f/auto,,precinct 30,"2/3/2025, 4:00:00 PM",2025,,cluster 11,theft f/auto,391696.79,property|theft f/auto,"38.945126307,-77.0957816153",-77.0957816153,3E,4800 - 4899 block of massachusetts avenue nw,3,2,others,property,202,"2/3/2025, 12:30:00 PM",141919.06,001003,2D1,38.945126307,25017416,"2/5/2025, 2:10:59 PM",7
001100 4,evening,theft/other,,precinct 32,"11/27/2024, 2:09:00 PM",2024,,cluster 11,theft/other,393173.95,property|theft/other,"38.9487916125,-77.0787458915",-77.0787458915,3E,4500 - 4599 block of 40th street nw,3,2,others,property,202,"11/27/2024, 2:08:00 PM",142324.53,001100,2D1,38.9487916125,24184461,"11/27/2024, 3:06:09 PM",6
001002 4,evening,theft/other,,precinct 29,"3/28/2024, 5:39:00 PM",2024,,cluster 14,theft/other,393645.65,property|theft/other,"38.934751414,-77.0732898841",-77.0732898841,3A,3700 - 3749 block of newark street nw,3,2,others,property,204,"3/28/2024, 3:55:00 PM",140765.55,001002,2D2,38.934751414,24046686,"3/28/2024, 9:44:00 PM",6
000803 2,day,theft f/auto,,precinct 10,"3/28/2025, 12:05:00 PM",2025,,cluster 14,theft f/auto,392544.93,property|theft f/auto,"38.9337607693,-77.0859841914",-77.0859841914,3B,3300 - 3399 block of new mexico avenue nw,3,2,others,property,205,"3/28/2025, 11:55:00 AM",140656.54,000803,2D2,38.9337607693,25044683,"3/28/2025, 1:45:09 PM",7
000903 2,evening,theft f/auto,,precinct 9,"9/23/2025, 9:25:00 AM",2025,,cluster 13,theft f/auto,391696.79,property|theft f/auto,"38.945126307,-77.0957816153",-77.0957816153,3D,4800 - 4899 block of massachusetts avenue nw,3,2,others,property,205,"9/23/2025, 9:20:00 AM",141919.06,000903,2D2,38.945126307,25145413,"9/23/2025, 3:20:34 PM",7
001100 4,evening,theft/other,,precinct 32,"11/16/2024, 3:00:00 PM",2024,,cluster 11,theft/other,393348.63,property|theft/other,"38.9507275689,-77.0767328516",-77.0767328516,3E,3814 - 3989 block of chesapeake street nw,3,2,others,property,202,"11/16/2024, 1:00:00 PM",142539.29,001100,2D1,38.9507275689,24178282,"11/16/2024, 4:12:27 PM",6
001004 2,evening,theft f/auto,,precinct 31,"1/21/2024, 7:00:00 AM",2024,,cluster 11,theft f/auto,392422.13,property|theft f/auto,"38.9503683821,-77.0874208869",-77.0874208869,3E,4400 - 4499 block of burlington place nw,3,2,others,property,202,"1/20/2024, 10:00:00 PM",142500.25,001004,2D1,38.9503683821,24420350,"2/1/2024, 8:42:23 PM",7
001002 4,day,theft/other,,precinct 29,"12/12/2024, 1:30:00 PM",2024,,cluster 14,theft/other,393645.65,property|theft/other,"38.934751414,-77.0732898841",-77.0732898841,3A,3700 - 3749 block of newark street nw,3,2,others,property,204,"12/12/2024, 1:29:00 PM",140765.55,001002,2D2,38.934751414,24192364,"12/12/2024, 2:01:05 PM",6
000904 2,day,theft f/auto,,precinct 9,"7/31/2024, 8:20:00 AM",2024,,cluster 13,theft f/auto,391587.02,property|theft f/auto,"38.9460519441,-77.0970491269",-77.0970491269,3D,4900 - 4908 block of massachusetts avenue nw,3,2,others,property,205,"7/31/2024, 8:20:00 AM",142021.93,000904,2D2,38.9460519441,24117161,"7/31/2024, 12:55:48 PM",7
001004 2,evening,theft/other,,precinct 31,,2024,,cluster 11,theft/other,393070.63,property|theft/other,"38.9483570552,-77.0799373128",-77.0799373128,3E,4500 - 4537 block of wisconsin avenue nw,3,2,others,property,202,"11/26/2024, 3:58:00 PM",142276.38,001004,2D1,38.9483570552,24183966,"11/26/2024, 5:13:16 PM",6
001100 4,midnight,theft f/auto,,precinct 32,"6/19/2025, 9:15:00 PM",2025,,cluster 11,theft f/auto,393070.63,property|theft f/auto,"38.9483570552,-77.0799373128",-77.0799373128,3E,4500 - 4537 block of wisconsin avenue nw,3,2,others,property,202,"6/19/2025, 9:00:00 PM",142276.38,001100,2D1,38.9483570552,25092065,"6/20/2025, 12:40:35 AM",7
001200 4,evening,theft/other,,precinct 33,"7/29/2024, 10:31:00 PM",2024,,cluster 11,theft/other,393532.32,property|theft/other,"38.9435693428,-77.0746062383",-77.0746062383,3E,4200 - 4211 block of 38th street nw,3,2,others,property,202,"7/29/2024, 9:54:00 PM",141744.51,001200,2D1,38.9435693428,24116362,"7/29/2024, 10:51:09 PM",6
001003 2,evening,theft/other,,precinct 31,"6/28/2024, 7:00:00 AM",2024,,cluster 11,theft/other,392145.92,property|theft/other,"38.9515747754,-77.090608874",-77.090608874,3E,4700 - 4799 block of 46th street nw,3,2,others,property,202,"6/28/2024, 12:30:00 AM",142634.44,001003,2D1,38.9515747754,24422503,"7/11/2024, 10:22:43 PM",6
001002 4,evening,theft/other,,precinct 29,"12/4/2024, 10:37:00 AM",2024,,cluster 14,theft/other,393645.65,property|theft/other,"38.934751414,-77.0732898841",-77.0732898841,3A,3700 - 3749 block of newark street nw,3,2,others,property,204,"12/4/2024, 9:53:00 AM",140765.55,001002,2D2,38.934751414,24187714,"12/4/2024, 4:58:01 PM",6
000904 2,day,theft f/auto,,precinct 9,"12/9/2024, 8:30:00 AM",2024,,cluster 13,theft f/auto,391101.18,property|theft f/auto,"38.9379858251,-77.1026419918",-77.1026419918,3D,5101 - 5148 block of rockwood parkway nw,3,2,others,property,205,"12/8/2024, 7:00:00 PM",141127.05,000904,2D2,38.9379858251,24190537,"12/9/2024, 10:50:15 AM",7
001100 4,day,theft/other,,precinct 32,"11/15/2024, 11:08:00 AM",2024,,cluster 11,theft/other,393039.43,property|theft/other,"38.9492466458,-77.0802982386",-77.0802982386,3E,4530 - 4599 block of wisconsin avenue nw,3,2,others,property,202,"11/15/2024, 11:00:00 AM",142375.16,001100,2D1,38.9492466458,24177590,"11/15/2024, 12:09:58 PM",6
001002 2,midnight,theft f/auto,,precinct 29,"10/23/2024, 5:30:00 AM",2024,,cluster 14,theft f/auto,393234.25570367,property|theft f/auto,"38.9389201387,-77.0780393928",-77.0780393928,3A,rodman street nw and 39th street nw,3,2,others,property,204,"10/22/2024, 8:30:00 PM",141228.65616049,001002,2D2,38.9389201387,24164477,"10/23/2024, 6:48:55 AM",7
001100 4,evening,theft/other,,precinct 32,"1/4/2023, 8:45:00 PM",2023,,cluster 11,theft/other,393102,property|theft/other,"38.9496780951,-77.0795769026",-77.0795769026,3E,4000 - 4099 block of brandywine street nw,3,2,others,property,202,"1/4/2023, 8:00:00 PM",142423,001100,2D1,38.9496780951,23002209,"1/4/2023, 9:42:40 PM",6
001002 4,evening,theft/other,,precinct 29,"1/21/2025, 5:30:00 PM",2025,,cluster 14,theft/other,393645.65,property|theft/other,"38.934751414,-77.0732898841",-77.0732898841,3A,3700 - 3749 block of newark street nw,3,2,others,property,204,"1/21/2025, 5:28:00 PM",140765.55,001002,2D2,38.934751414,25009869,"1/21/2025, 6:02:28 PM",6
001100 4,evening,theft/other,,precinct 32,"1/19/2025, 4:50:00 PM",2025,,cluster 11,theft/other,393173.95,property|theft/other,"38.9487916125,-77.0787458915",-77.0787458915,3E,4500 - 4599 block of 40th street nw,3,2,others,property,202,"1/19/2025, 4:42:00 PM",142324.53,001100,2D1,38.9487916125,25008947,"1/19/2025, 5:00:59 PM",6
001002 4,evening,theft/other,,precinct 29,"7/13/2024, 8:40:00 PM",2024,,cluster 14,theft/other,393645.65,property|theft/other,"38.934751414,-77.0732898841",-77.0732898841,3A,3700 - 3749 block of newark street nw,3,2,others,property,204,"7/13/2024, 8:35:00 PM",140765.55,001002,2D2,38.934751414,24107529,"7/13/2024, 9:42:36 PM",6
001100 4,evening,motor vehicle theft,,precinct 32,"7/9/2025, 11:08:00 AM",2025,,cluster 11,motor vehicle theft,393173.95,property|motor vehicle theft,"38.9487916125,-77.0787458915",-77.0787458915,3E,4500 - 4599 block of 40th street nw,3,2,others,property,202,"7/9/2025, 10:05:00 AM",142324.53,001100,2D1,38.9487916125,25103226,"7/9/2025, 4:51:13 PM",8
001100 4,evening,theft/other,,precinct 32,"11/14/2024, 7:16:00 PM",2024,,cluster 11,theft/other,393070.63,property|theft/other,"38.9483570552,-77.0799373128",-77.0799373128,3E,4500 - 4537 block of wisconsin avenue nw,3,,others,property,202,"11/14/2024, 6:30:00 PM",142276.38,001100,2D1,38.9483570552,24177295,"11/14/2024, 8:30:11 PM",6
001002 2,evening,theft/other,,precinct 29,"9/16/2026, 5:30:00 PM",2026,,cluster 14,theft/other,393254.53,property|theft/other,"38.9400305108,-77.0778067509",-77.0778067509,3A,10 - 99 block of ridge square nw,3,2,others,property,204,"9/16/2026, 5:01:00 PM",141351.9,001002,2D2,38.9400305108,26132364,"9/16/2026, 5:30:50 PM",6
000804 3,day,theft f/auto,,precinct 10,"10/28/2025, 1:56:00 PM",2025,,cluster 14,theft f/auto,392960.84,property|theft f/auto,"38.9302858242,-77.0811832718",-77.0811832718,3B,4000 - 4299 block of cathedral avenue nw,3,2,others,property,204,"10/28/2025, 1:29:00 PM",140270.41,000804,2D2,38.9302858242,25164022,"10/28/2025, 2:18:24 PM",7
001002 4,day,theft/other,,precinct 29,"1/6/2026, 7:27:00 AM",2026,,cluster 14,theft/other,393645.65,property|theft/other,"38.934751414,-77.0732898841",-77.0732898841,3A,3700 - 3749 block of newark street nw,3,2,others,property,204,"1/6/2026, 7:24:00 AM",140765.55,001002,2D2,38.934751414,26002248,"1/6/2026, 8:06:37 AM",6
001100 4,day,theft/other,,precinct 32,"11/29/2025, 9:10:00 AM",2025,,cluster 11,theft/other,393039.43,property|theft/other,"38.9492466458,-77.0802982386",-77.0802982386,3E,4530 - 4599 block of wisconsin avenue nw,3,2,others,property,202,"11/29/2025, 8:57:00 AM",142375.16,001100,2D1,38.9492466458,25180638,"11/29/2025, 9:29:57 AM",6
000703 1,evening,theft/other,,precinct 28,"8/18/2025, 12:50:00 PM",2025,,cluster 14,theft/other,393203.59,property|theft/other,"38.9324226132,-77.0783859624",-77.0783859624,3A,3900 - 4099 block of massachusetts avenue nw,3,2,others,property,205,"8/15/2025, 12:50:00 PM",140507.4,000703,2D2,38.9324226132,25423586,"8/20/2025, 3:32:00 PM",6
000903 2,day,theft/other,,precinct 9,"3/29/2025, 10:25:00 PM",2025,,cluster 13,theft/other,391821.46,property|theft/other,"38.9417420744,-77.0943390065",-77.0943390065,3D,4000 - 4099 block of 48th street nw,3,2,others,property,205,"3/29/2025, 10:25:00 PM",141543.25,000903,2D2,38.9417420744,25421268,"4/14/2025, 11:33:42 AM",6
001100 4,evening,motor vehicle theft,,precinct 32,"2/23/2026, 12:05:00 PM",2026,,cluster 11,motor vehicle theft,393070.63,property|motor vehicle theft,"38.9483570552,-77.0799373128",-77.0799373128,3E,4500 - 4537 block of wisconsin avenue nw,3,2,others,property,202,"2/23/2026, 12:00:00 PM",142276.38,001100,2D1,38.9483570552,26024674,"2/24/2026, 5:18:42 PM",8
000703 1,evening,theft f/auto,,precinct 28,"7/26/2026, 8:45:00 PM",2026,,cluster 14,theft f/auto,393203.59,property|theft f/auto,"38.9324226132,-77.0783859624",-77.0783859624,3A,3900 - 4099 block of massachusetts avenue nw,3,2,others,property,205,"7/26/2026, 6:45:00 PM",140507.4,000703,2D2,38.9324226132,26423017,"8/5/2026, 6:31:22 PM",7
001100 4,evening,theft/other,,precinct 32,"10/31/2025, 4:55:00 PM",2025,,cluster 11,theft/other,393039.43,property|theft/other,"38.9492466458,-77.0802982386",-77.0802982386,3E,4530 - 4599 block of wisconsin avenue nw,3,2,others,property,202,"10/31/2025, 4:20:00 PM",142375.16,001100,2D1,38.9492466458,25165799,"10/31/2025, 5:37:40 PM",6
001002 4,evening,theft/other,,precinct 29,"8/16/2025, 5:00:00 PM",2025,,cluster 14,theft/other,393645.65,property|theft/other,"38.934751414,-77.0732898841",-77.0732898841,3A,3700 - 3749 block of newark street nw,3,2,others,property,204,"8/16/2025, 4:55:00 PM",140765.55,001002,2D2,38.934751414,25124980,"8/16/2025, 5:58:48 PM",6
001004 2,day,theft/other,,precinct 31,"2/4/2026, 12:30:00 PM",2026,,cluster 11,theft/other,393070.63,property|theft/other,"38.9483570552,-77.0799373128",-77.0799373128,3E,4500 - 4537 block of wisconsin avenue nw,3,2,others,property,202,"2/4/2026, 12:05:00 PM",142276.38,001004,2D1,38.9483570552,26015367,"2/4/2026, 2:15:45 PM",6
001004 2,evening,theft/other,,precinct 31,"7/18/2026, 5:40:00 PM",2026,,cluster 11,theft/other,393070.63,property|theft/other,"38.9483570552,-77.0799373128",-77.0799373128,3E,4500 - 4537 block of wisconsin avenue nw,3,2,others,property,202,"7/18/2026, 4:59:00 PM",142276.38,001004,2D1,38.9483570552,26100218,"7/18/2026, 5:40:44 PM",6
001004 2,evening,theft/other,,precinct 31,"6/7/2026, 5:46:00 PM",2026,,cluster 11,theft/other,393070.63,property|theft/other,"38.9483570552,-77.0799373128",-77.0799373128,3E,4500 - 4537 block of wisconsin avenue nw,3,2,others,property,202,"6/7/2026, 4:35:00 PM",142276.38,001004,2D1,38.9483570552,26078067,"6/7/2026, 6:07:56 PM",6
001003 3,evening,theft/other,,precinct 30,"10/25/2025, 7:05:00 PM",2025,,cluster 11,theft/other,391696.79,property|theft/other,"38.945126307,-77.0957816153",-77.0957816153,3E,4800 - 4899 block of massachusetts avenue nw,3,2,others,property,202,"10/25/2025, 6:58:00 PM",141919.06,001003,2D1,38.945126307,25162658,"10/25/2025, 7:27:43 PM",6
001003 3,evening,theft/other,,precinct 30,,2026,,cluster 11,theft/other,391696.79,property|theft/other,"38.945126307,-77.0957816153",-77.0957816153,3E,4800 - 4899 block of massachusetts avenue nw,3,2,others,property,202,"6/18/2026, 8:39:00 PM",141919.06,001003,2D1,38.945126307,26084131,"6/18/2026, 9:02:40 PM",6
001002 2,day,theft/other,,precinct 29,"12/4/2025, 10:00:00 PM",2025,,cluster 14,theft/other,393455.55,property|theft/other,"38.9403667792,-77.0754884077",-77.0754884077,3A,3901 - 3999 block of wisconsin avenue nw,3,2,others,property,204,"12/4/2025, 8:00:00 PM",141389.06,001002,2D2,38.9403667792,25425288,"12/8/2025, 9:01:21 AM",6
000904 2,evening,theft f/auto,,precinct 9,"10/28/2022, 3:53:00 PM",2022,,cluster 13,theft f/auto,391294,property|theft f/auto,"38.9390683012,-77.1004194647",-77.1004194647,3D,5000 - 5099 block of sedgwick street nw,3,2,others,property,205,"10/28/2022, 12:00:00 PM",141247,000904,2D2,38.9390683012,22156771,"10/28/2022, 3:56:58 PM",7
000703 1,evening,theft/other,,precinct 28,"8/26/2026, 3:07:00 PM",2026,,cluster 14,theft/other,393203.59,property|theft/other,"38.9324226132,-77.0783859624",-77.0783859624,3A,3900 - 4099 block of massachusetts avenue nw,3,2,others,property,205,"8/22/2026, 3:05:00 PM",140507.4,000703,2D2,38.9324226132,26120663,"8/26/2026, 3:24:35 PM",6
000804 3,evening,theft f/auto,,precinct 10,"10/11/2023, 11:00:00 AM",2023,,cluster 13,theft f/auto,392224.56,property|theft f/auto,"38.9288732407,-77.0896730821",-77.0896730821,3D,4500 - 4599 block of hawthorne street nw,3,2,others,property,205,"10/11/2023, 9:00:00 AM",140114.29,000804,2D2,38.9288732407,23169191,"10/13/2023, 9:02:22 PM",7
000803 1,day,theft f/auto,,precinct 10,"12/12/2023, 8:45:00 AM",2023,,cluster 14,theft f/auto,392798.58,property|theft f/auto,"38.9358388469,-77.0830611003",-77.0830611003,3A,4200 - 4349 block of massachusetts avenue nw,3,2,others,property,205,"12/11/2023, 8:00:00 PM",140886.99,000803,2D2,38.9358388469,23201747,"12/12/2023, 9:19:40 AM",7
000703 1,day,theft f/auto,,precinct 28,"7/7/2025, 12:00:00 PM",2025,,cluster 14,theft f/auto,393203.59,property|theft f/auto,"38.9324226132,-77.0783859624",-77.0783859624,3A,3900 - 4099 block of massachusetts avenue nw,3,2,others,property,205,"7/7/2025, 10:00:00 AM",140507.4,000703,2D2,38.9324226132,25102798,"7/14/2025, 1:51:25 PM",7
000704 1,evening,theft/other,,precinct 28,"12/2/2023, 1:31:00 AM",2023,,cluster 14,theft/other,393574.79,property|theft/other,"38.9327442999,-77.0741050841",-77.0741050841,3A,3200 - 3299 block of 38th street nw,3,2,others,property,204,"12/2/2023, 1:29:00 AM",140542.8,000704,2D2,38.9327442999,23425352,"12/5/2023, 5:21:59 PM",6
001004 2,evening,theft/other,,precinct 31,"4/27/2026, 6:44:00 PM",2026,,cluster 11,theft/other,393070.63,property|theft/other,"38.9483570552,-77.0799373128",-77.0799373128,3E,4500 - 4537 block of wisconsin avenue nw,3,2,others,property,202,"4/27/2026, 6:24:00 PM",142276.38,001004,2D1,38.9483570552,26056194,"4/27/2026, 8:01:49 PM",6
001100 4,evening,theft/other,,precinct 32,"5/4/2026, 4:11:00 PM",2026,,cluster 11,theft/other,393102.54,property|theft/other,"38.9496787299,-77.0795706737",-77.0795706737,3E,4000 - 4099 block of brandywine street nw,3,2,others,property,202,"5/4/2026, 3:08:00 PM",142423.07,001100,2D1,38.9496787299,26059718,"5/4/2026, 4:15:11 PM",6
001100 4,day,theft/other,,precinct 32,"11/22/2022, 8:35:00 AM",2022,,cluster 11,theft/other,393173,property|theft/other,"38.9487868308,-77.0787568455",-77.0787568455,3E,4500 - 4599 block of 40th street nw,3,2,others,property,202,"11/22/2022, 8:20:00 AM",142324,001100,2D1,38.9487868308,22170095,"11/22/2022, 10:44:13 AM",6
001002 4,day,theft/other,,precinct 29,"10/23/2022, 1:30:00 PM",2022,,cluster 14,theft/other,393720,property|theft/other,"38.9340623633,-77.0724316449",-77.0724316449,3A,3300 - 3399 block of wisconsin avenue nw,3,2,others,property,204,"10/23/2022, 1:00:00 PM",140689,001002,2D2,38.9340623633,22154025,"10/23/2022, 1:43:11 PM",6
000803 2,evening,theft/other,,precinct 10,"11/8/2022, 2:52:00 PM",2022,,cluster 14,theft/other,392544,property|theft/other,"38.9337558969,-77.0859949118",-77.0859949118,3B,3300 - 3399 block of new mexico avenue nw,3,2,others,property,205,"11/8/2022, 2:50:00 PM",140656,000803,2D2,38.9337558969,22162913,"11/8/2022, 9:12:12 PM",6
000703 1,evening,assault w/dangerous weapon,,precinct 28,"5/31/2026, 10:11:00 PM",2026,,cluster 14,assault w/dangerous weapon,393250.96,violent|assault w/dangerous weapon,"38.9303971911,-77.0778374123",-77.0778374123,3A,3000 - 3099 block of idaho avenue nw,3,2,gun,violent,205,"5/31/2026, 12:33:00 PM",140282.52,000703,2D2,38.9303971911,26074157,"5/31/2026, 10:10:23 PM",3
001100 4,day,theft/other,,precinct 32,"11/17/2022, 6:20:00 AM",2022,,cluster 11,theft/other,393039,property|theft/other,"38.949245201,-77.0803031975",-77.0803031975,3E,4530 - 4599 block of wisconsin avenue nw,3,2,others,property,202,"11/17/2022, 6:15:00 AM",142375,001100,2D1,38.949245201,22167455,"11/17/2022, 7:18:28 AM",6
000704 1,day,theft f/auto,,precinct 28,"4/20/2026, 9:50:00 AM",2026,,cluster 14,theft f/auto,393421.66,property|theft f/auto,"38.930583246,-77.0758689081",-77.0758689081,3A,3800 - 3899 block of massachusetts avenue nw,3,2,others,property,204,"4/20/2026, 9:38:00 AM",140303.03,000704,2D2,38.930583246,26052311,"4/20/2026, 11:08:09 AM",7
001200 4,midnight,theft f/auto,,precinct 33,"1/6/2023, 11:50:00 AM",2023,,cluster 11,theft f/auto,393627,property|theft f/auto,"38.9422141979,-77.0735126842",-77.0735126842,3A,3700 - 3799 block of upton street nw,3,2,others,property,202,"1/5/2023, 8:00:00 AM",141594,001200,2D1,38.9422141979,23002909,"1/6/2023, 5:05:46 AM",7
001003 3,day,theft/other,,precinct 30,"7/5/2026, 8:23:00 AM",2026,,cluster 11,theft/other,391696.79,property|theft/other,"38.945126307,-77.0957816153",-77.0957816153,3E,4800 - 4899 block of massachusetts avenue nw,3,2,others,property,202,"7/5/2026, 7:50:00 AM",141919.06,001003,2D1,38.945126307,26092970,"7/5/2026, 8:23:49 AM",6
001004 2,midnight,robbery,,precinct 31,"1/25/2023, 11:02:00 PM",2023,,cluster 11,robbery,392824,violent|robbery,"38.9505046289,-77.0827849348",-77.0827849348,3E,4200 - 4269 block of river road nw,3,2,knife,violent,202,"1/25/2023, 7:17:00 PM",142515,001004,2D1,38.9505046289,23013558,"1/26/2023, 12:38:11 AM",4
001002 4,evening,theft/other,,precinct 29,"3/18/2024, 8:55:00 PM",2024,,cluster 14,theft/other,393645.65,property|theft/other,"38.934751414,-77.0732898841",-77.0732898841,3A,3700 - 3749 block of newark street nw,3,2,others,property,204,"3/18/2024, 8:50:00 PM",140765.55,001002,2D2,38.934751414,24041334,"3/18/2024, 9:49:10 PM",6
000903 2,evening,theft f/auto,,precinct 9,"7/7/2023, 3:00:00 PM",2023,,cluster 13,theft f/auto,391832.75,property|theft f/auto,"38.9350778468,-77.0941999714",-77.0941999714,3D,4800 - 4899 block of glenbrook road nw,3,2,others,property,205,"7/7/2023, 1:00:00 PM",140803.45,000903,2D2,38.9350778468,23109709,"7/7/2023, 4:27:27 PM",7
001002 4,day,theft/other,,precinct 29,"7/16/2025, 7:42:00 AM",2025,,cluster 14,theft/other,393720.86,property|theft/other,"38.9340623694,-77.0724217259",-77.0724217259,3A,3300 - 3399 block of wisconsin avenue nw,3,2,others,property,204,"7/16/2025, 6:50:00 AM",140689,001002,2D2,38.9340623694,25107201,"7/16/2025, 7:36:49 AM",6
001004 2,evening,theft/other,,precinct 31,"11/27/2023, 12:27:00 PM",2023,,cluster 11,theft/other,393070.63,property|theft/other,"38.9483570552,-77.0799373128",-77.0799373128,3E,4500 - 4537 block of wisconsin avenue nw,3,2,others,property,202,"11/27/2023, 12:20:00 PM",142276.38,001004,2D1,38.9483570552,23425247,"11/30/2023, 9:42:08 PM",6
000904 2,day,theft f/auto,,precinct 9,"3/7/2025, 8:15:00 PM",2025,,cluster 13,theft f/auto,391587.02,property|theft f/auto,"38.9460519441,-77.0970491269",-77.0970491269,3D,4900 - 4908 block of massachusetts avenue nw,3,2,others,property,205,"3/7/2025, 6:15:00 PM",142021.93,000904,2D2,38.9460519441,25033445,"3/8/2025, 8:23:35 AM",7
001002 4,evening,theft f/auto,,precinct 29,"1/28/2025, 4:25:00 PM",2025,,cluster 14,theft f/auto,393292.65,property|theft f/auto,"38.9362926319,-77.0773629933",-77.0773629933,3A,3500 - 3599 block of 39th street nw,3,2,others,property,204,"1/26/2025, 4:00:00 PM",140936.93,001002,2D2,38.9362926319,25013360,"1/28/2025, 4:57:22 PM",7
001004 2,evening,theft f/auto,,precinct 31,"9/3/2023, 9:00:00 PM",2023,,cluster 11,theft f/auto,393070.63,property|theft f/auto,"38.9483570552,-77.0799373128",-77.0799373128,3E,4500 - 4537 block of wisconsin avenue nw,3,2,others,property,202,"9/3/2023, 8:00:00 AM",142276.38,001004,2D1,38.9483570552,23145938,"9/4/2023, 4:04:35 PM",7
001003 3,evening,theft/other,,precinct 30,"6/19/2023, 7:00:00 PM",2023,,cluster 11,theft/other,391696,property|theft/other,"38.9451257591,-77.0957907276",-77.0957907276,3E,4800 - 4899 block of massachusetts avenue nw,3,2,others,property,202,"6/19/2023, 6:55:00 PM",141919,001003,2D1,38.9451257591,23098770,"6/19/2023, 8:55:06 PM",6
001100 4,evening,theft/other,,precinct 32,,2025,,cluster 11,theft/other,393039.43,property|theft/other,"38.9492466458,-77.0802982386",-77.0802982386,3E,4530 - 4599 block of wisconsin avenue nw,3,2,others,property,202,"2/18/2025, 7:58:00 PM",142375.16,001100,2D1,38.9492466458,25024165,"2/18/2025, 10:07:49 PM",6
001004 2,day,theft/other,,precinct 31,"7/8/2024, 9:39:00 AM",2024,,cluster 11,theft/other,392925.4,property|theft/other,"38.9527101349,-77.0816176726",-77.0816176726,3E,4800 - 4899 block of wisconsin avenue nw,3,2,others,property,202,"6/29/2024, 11:22:00 AM",142759.74,001004,2D1,38.9527101349,24108910,"7/16/2024, 12:36:58 PM",6
001003 3,day,theft/other,,precinct 30,"7/19/2023, 7:30:00 AM",2023,,cluster 11,theft/other,391696.79,property|theft/other,"38.945126307,-77.0957816153",-77.0957816153,3E,4800 - 4899 block of massachusetts avenue nw,3,2,others,property,202,"7/19/2023, 7:25:00 AM",141919.06,001003,2D1,38.945126307,23116791,"7/19/2023, 9:59:14 AM",6
001004 2,midnight,theft/other,,precinct 31,"1/15/2023, 2:41:00 PM",2023,,cluster 11,theft/other,392824,property|theft/other,"38.9505046289,-77.0827849348",-77.0827849348,3E,4200 - 4269 block of river road nw,3,2,others,property,202,"1/15/2023, 1:40:00 PM",142515,001004,2D1,38.9505046289,23007865,"1/16/2023, 5:43:00 AM",6
001100 4,evening,theft/other,,precinct 32,,2023,,cluster 11,theft/other,393039.43,property|theft/other,"38.9492466458,-77.0802982386",-77.0802982386,3E,4530 - 4599 block of wisconsin avenue nw,3,2,others,property,202,"7/20/2023, 2:54:00 PM",142375.16,001100,2D1,38.9492466458,23117618,"7/20/2023, 3:37:34 PM",6
000704 2,evening,motor vehicle theft,,precinct 28,"11/11/2025, 9:30:00 PM",2025,,cluster 14,motor vehicle theft,393319.05,property|motor vehicle theft,"38.9282730122,-77.0770498273",-77.0770498273,3A,2900 - 2999 block of 39th street nw,3,2,others,property,204,"11/9/2025, 9:00:00 PM",140046.66,000704,2D2,38.9282730122,25171878,"11/11/2025, 9:36:58 PM",8
001004 3,evening,theft f/auto,,precinct 30,"8/13/2026, 3:30:00 PM",2026,,cluster 11,theft f/auto,392421.59,property|theft f/auto,"38.9455339972,-77.0874211878",-77.0874211878,3E,4400 - 4499 block of windom place nw,3,2,others,property,202,"8/13/2026, 10:45:00 AM",141963.59,001004,2D1,38.9455339972,26114448,"8/14/2026, 8:43:55 PM",7
001004 3,day,theft f/auto,,precinct 30,"1/5/2026, 10:48:00 AM",2026,,cluster 11,theft f/auto,392858.43,property|theft f/auto,"38.9437014093,-77.0823798755",-77.0823798755,3E,4200 - 4298 block of 42nd street nw,3,2,others,property,202,"1/5/2026, 10:38:00 AM",141759.75,001004,2D1,38.9437014093,26001882,"1/5/2026, 12:13:55 PM",7
001004 3,evening,theft/other,,precinct 30,"5/10/2023, 7:00:00 AM",2023,,cluster 11,theft/other,392888,property|theft/other,"38.947091014,-77.0820426786",-77.0820426786,3E,4400 - 4499 block of 42nd street nw,3,2,others,property,202,"5/7/2023, 5:00:00 PM",142136,001004,2D1,38.947091014,23073492,"5/10/2023, 5:59:40 PM",6
001004 2,midnight,theft/other,,precinct 31,"11/3/2022, 9:30:00 PM",2022,,cluster 11,theft/other,393070,property|theft/other,"38.9483536271,-77.0799445766",-77.0799445766,3E,4500 - 4537 block of wisconsin avenue nw,3,2,others,property,202,"11/3/2022, 9:00:00 PM",142276,001004,2D1,38.9483536271,22160336,"11/3/2022, 11:53:21 PM",6
000703 1,evening,theft/other,,precinct 28,"1/21/2023, 10:10:00 PM",2023,,cluster 14,theft/other,393203,property|theft/other,"38.9324190053,-77.0783927631",-77.0783927631,3A,3900 - 4099 block of massachusetts avenue nw,3,2,others,property,205,"1/21/2023, 9:40:00 PM",140507,000703,2D2,38.9324190053,23011359,"1/21/2023, 10:47:18 PM",6
001003 3,day,theft/other,,precinct 30,"6/21/2024, 1:55:00 PM",2024,,cluster 11,theft/other,391696.79,property|theft/other,"38.945126307,-77.0957816153",-77.0957816153,3E,4800 - 4899 block of massachusetts avenue nw,3,2,others,property,202,"6/21/2024, 1:14:00 PM",141919.06,001003,2D1,38.945126307,24094491,"6/21/2024, 1:48:05 PM",6
001002 4,evening,theft/other,,precinct 29,"5/2/2024, 7:27:00 PM",2024,,cluster 14,theft/other,393645.65,property|theft/other,"38.934751414,-77.0732898841",-77.0732898841,3A,3700 - 3749 block of newark street nw,3,2,others,property,204,"5/2/2024, 5:55:00 PM",140765.55,001002,2D2,38.934751414,24065943,"5/2/2024, 9:06:16 PM",6
001004 2,evening,motor vehicle theft,,precinct 31,"9/17/2023, 3:20:00 PM",2023,,cluster 11,motor vehicle theft,393016.93,property|motor vehicle theft,"38.9503734019,-77.0805590756",-77.0805590756,3E,4600 - 4699 block of wisconsin avenue nw,3,2,others,property,202,"9/17/2023, 2:44:00 PM",142500.26,001004,2D1,38.9503734019,23153685,"9/17/2023, 3:50:48 PM",8
001002 4,day,theft/other,,precinct 29,"5/14/2023, 9:15:00 PM",2023,,cluster 14,theft/other,393720,property|theft/other,"38.9340623633,-77.0724316449",-77.0724316449,3A,3300 - 3399 block of wisconsin avenue nw,3,2,others,property,204,"5/14/2023, 5:00:00 PM",140689,001002,2D2,38.9340623633,23077004,"5/16/2023, 1:15:49 PM",6
001003 3,evening,theft f/auto,,precinct 30,"2/27/2023, 12:45:00 PM",2023,,cluster 11,theft f/auto,392058,property|theft f/auto,"38.9470929106,-77.0916174061",-77.0916174061,3E,4600 - 4699 block of alton place nw,3,2,others,property,202,"2/27/2023, 12:11:00 PM",142137,001003,2D1,38.9470929106,23031645,"2/27/2023, 5:00:41 PM",7
001004 2,evening,theft/other,,precinct 31,"9/14/2023, 2:16:00 PM",2023,,cluster 11,theft/other,392853.33,property|theft/other,"38.9521073489,-77.082448427",-77.082448427,3E,4200 - 4299 block of davenport street nw,3,2,others,property,202,"9/14/2023, 8:30:00 AM",142692.89,001004,2D1,38.9521073489,23153275,"9/16/2023, 8:51:19 PM",6
001100 4,evening,theft/other,,precinct 32,"4/6/2023, 7:03:00 PM",2023,,cluster 11,theft/other,393173,property|theft/other,"38.9487868308,-77.0787568455",-77.0787568455,3E,4500 - 4599 block of 40th street nw,3,2,others,property,202,"4/6/2023, 5:03:00 PM",142324,001100,2D1,38.9487868308,23053460,"4/6/2023, 8:50:05 PM",6
001002 2,evening,theft/other,,precinct 29,"9/16/2023, 2:30:00 PM",2023,,cluster 14,theft/other,393254.53,property|theft/other,"38.9400305108,-77.0778067509",-77.0778067509,3A,10 - 99 block of ridge square nw,3,2,others,property,204,"9/16/2023, 2:15:00 PM",141351.9,001002,2D2,38.9400305108,23153143,"9/16/2023, 3:04:14 PM",6
000704 1,day,motor vehicle theft,,precinct 28,"5/15/2026, 8:48:00 AM",2026,,cluster 14,motor vehicle theft,393319.51,property|motor vehicle theft,"38.9324480949,-77.0770490336",-77.0770490336,3A,3150 - 3299 block of 39th street nw,3,2,others,property,204,"5/13/2026, 7:00:00 PM",140510.13,000704,2D2,38.9324480949,26065546,"5/15/2026, 12:39:24 PM",8
001003 3,day,theft f/auto,,precinct 30,"11/29/2022, 1:22:00 PM",2022,,cluster 11,theft f/auto,392058,property|theft f/auto,"38.9462821658,-77.0916163642",-77.0916163642,3E,4600 - 4699 block of yuma street nw,3,2,others,property,202,"11/29/2022, 1:20:00 PM",142047,001003,2D1,38.9462821658,22173665,"11/29/2022, 2:11:05 PM",7
001004 3,evening,burglary,,precinct 30,"4/7/2023, 3:00:00 PM",2023,,cluster 11,burglary,392421,property|burglary,"38.9478978538,-77.0874308929",-77.0874308929,3E,4400 - 4499 block of albemarle street nw,3,2,others,property,202,"3/23/2023, 9:30:00 AM",142226,001004,2D1,38.9478978538,23056273,"4/11/2023, 5:42:25 PM",5
000804 3,evening,theft f/auto,,precinct 10,"11/22/2023, 3:30:00 PM",2023,,cluster 13,theft f/auto,392471.97,property|theft f/auto,"38.9302760065,-77.0868214437",-77.0868214437,3D,4400 - 4434 block of cathedral avenue nw,3,2,others,property,205,"11/22/2023, 3:07:00 PM",140269.77,000804,2D2,38.9302760065,23191225,"11/22/2023, 4:37:10 PM",7
001004 2,day,theft/other,,precinct 31,"12/14/2022, 2:40:00 PM",2022,,cluster 11,theft/other,392422,property|theft/other,"38.9521047246,-77.0874245162",-77.0874245162,3E,4400 - 4499 block of davenport street nw,3,2,others,property,202,"12/14/2022, 2:40:00 PM",142693,001004,2D1,38.9521047246,22424332,"12/15/2022, 11:22:30 AM",6
000803 2,day,theft/other,,precinct 10,,2025,,cluster 14,theft/other,392544.93,property|theft/other,"38.9337607693,-77.0859841914",-77.0859841914,3B,3300 - 3399 block of new mexico avenue nw,3,2,others,property,205,"10/23/2025, 8:57:00 AM",140656.54,000803,2D2,38.9337607693,25161273,"10/23/2025, 9:35:59 AM",6
001004 2,day,robbery,,precinct 31,"10/25/2023, 10:44:00 AM",2023,,cluster 11,robbery,393070.63,violent|robbery,"38.9483570552,-77.0799373128",-77.0799373128,3E,4500 - 4537 block of wisconsin avenue nw,3,2,others,violent,202,"10/25/2023, 10:42:00 AM",142276.38,001004,2D1,38.9483570552,23175640,"10/25/2023, 11:53:31 AM",4
000904 2,day,theft f/auto,,precinct 9,"5/27/2025, 12:30:00 PM",2025,,cluster 13,theft f/auto,391587.02,property|theft f/auto,"38.9460519441,-77.0970491269",-77.0970491269,3D,4900 - 4908 block of massachusetts avenue nw,3,2,others,property,205,"5/27/2025, 11:00:00 AM",142021.93,000904,2D2,38.9460519441,25423426,"8/14/2025, 11:01:29 AM",7
001002 3,evening,theft/other,,precinct 29,"11/25/2024, 7:00:00 AM",2024,,cluster 14,theft/other,393411.39,property|theft/other,"38.9383795808,-77.0759956628",-77.0759956628,3A,3600 - 3699 block of 38th street nw,3,2,others,property,204,"11/22/2024, 6:03:00 PM",141168.5,001002,2D2,38.9383795808,24424901,"11/25/2024, 3:41:19 PM",6
001003 2,day,theft f/auto,,precinct 31,"2/28/2023, 11:50:00 AM",2023,,cluster 11,theft f/auto,391897,property|theft f/auto,"38.9521000386,-77.0934812383",-77.0934812383,3E,4700 - 4799 block of davenport street nw,3,2,others,property,202,"2/28/2023, 10:00:00 AM",142693,001003,2D1,38.9521000386,23032075,"2/28/2023, 12:49:56 PM",7
001100 4,evening,theft/other,,precinct 32,"8/8/2023, 3:00:00 PM",2023,,cluster 11,theft/other,393102.54,property|theft/other,"38.9496787299,-77.0795706737",-77.0795706737,3E,4000 - 4099 block of brandywine street nw,3,2,others,property,202,"8/8/2023, 2:00:00 PM",142423.07,001100,2D1,38.9496787299,23129526,"8/8/2023, 3:22:31 PM",6
001004 2,day,theft/other,,precinct 31,"8/11/2026, 12:00:00 PM",2026,,cluster 11,theft/other,393070.63,property|theft/other,"38.9483570552,-77.0799373128",-77.0799373128,3E,4500 - 4537 block of wisconsin avenue nw,3,2,others,property,202,"8/11/2026, 11:50:00 AM",142276.38,001004,2D1,38.9483570552,26112548,"8/11/2026, 1:00:27 PM",6
001002 4,day,theft/other,,precinct 29,"9/7/2024, 1:55:00 PM",2024,,cluster 14,theft/other,393645.65,property|theft/other,"38.934751414,-77.0732898841",-77.0732898841,3A,3700 - 3749 block of newark street nw,3,2,others,property,204,"9/7/2024, 1:40:00 PM",140765.55,001002,2D2,38.934751414,24138108,"9/7/2024, 2:45:55 PM",6
001004 2,day,theft/other,,precinct 31,"10/11/2025, 2:50:00 PM",2025,,cluster 11,theft/other,393070.63,property|theft/other,"38.9483570552,-77.0799373128",-77.0799373128,3E,4500 - 4537 block of wisconsin avenue nw,3,2,others,property,202,"10/11/2025, 2:10:00 PM",142276.38,001004,2D1,38.9483570552,25155283,"10/11/2025, 2:40:14 PM",6
001002 3,evening,theft/other,,precinct 29,"10/17/2025, 3:30:00 PM",2025,,cluster 14,theft/other,393411.39,property|theft/other,"38.9383795808,-77.0759956628",-77.0759956628,3A,3600 - 3699 block of 38th street nw,3,2,others,property,204,"10/12/2025, 12:01:00 AM",141168.5,001002,2D2,38.9383795808,25158268,"10/17/2025, 3:33:10 PM",6
001100 4,evening,theft/other,,precinct 32,"10/19/2022, 5:05:00 PM",2022,,cluster 11,theft/other,393039,property|theft/other,"38.949245201,-77.0803031975",-77.0803031975,3E,4530 - 4599 block of wisconsin avenue nw,3,2,others,property,202,"10/19/2022, 4:33:00 PM",142375,001100,2D1,38.949245201,22151947,"10/19/2022, 5:59:16 PM",6
000903 1,day,theft/other,,precinct 9,"9/10/2026, 12:30:00 PM",2026,,cluster 13,theft/other,392375.89,property|theft/other,"38.9394013931,-77.0879407978",-77.0879407978,3E,4400 - 4500 block of massachusetts avenue nw,3,2,others,property,205,"9/10/2026, 12:14:00 PM",141282.86,000903,2D2,38.9394013931,26128812,"9/10/2026, 1:20:57 PM",6
001004 2,evening,theft/other,,precinct 31,"11/11/2022, 7:28:00 PM",2022,,cluster 11,theft/other,393070,property|theft/other,"38.9483536271,-77.0799445766",-77.0799445766,3E,4500 - 4537 block of wisconsin avenue nw,3,2,others,property,202,"11/11/2022, 6:22:00 PM",142276,001004,2D1,38.9483536271,22164733,"11/11/2022, 7:44:07 PM",6
000904 1,day,theft f/auto,,precinct 8,"8/22/2025, 12:00:00 PM",2025,,cluster 13,theft f/auto,391227.55,property|theft f/auto,"38.9337162641,-77.101178338",-77.101178338,3D,5000 - 5099 block of millwood lane nw,3,2,others,property,205,"8/22/2025, 8:00:00 AM",140652.95,000904,2D2,38.9337162641,25127989,"8/22/2025, 2:26:19 PM",7
000803 2,day,theft/other,,precinct 10,"4/1/2026, 8:30:00 AM",2026,,cluster 14,theft/other,392583.69,property|theft/other,"38.9329722406,-77.0855362009",-77.0855362009,3B,3200 - 3299 block of new mexico avenue nw,3,2,others,property,205,"3/31/2026, 6:00:00 PM",140568.97,000803,2D2,38.9329722406,26042582,"4/1/2026, 1:45:34 PM",6
001100 4,day,theft/other,,precinct 32,"5/29/2023, 1:30:00 PM",2023,,cluster 11,theft/other,393173,property|theft/other,"38.9487868308,-77.0787568455",-77.0787568455,3E,4500 - 4599 block of 40th street nw,3,2,others,property,202,"5/29/2023, 1:25:00 PM",142324,001100,2D1,38.9487868308,23084962,"5/29/2023, 2:35:21 PM",6
001200 4,day,theft/other,,precinct 33,"6/2/2024, 8:09:00 AM",2024,,cluster 11,theft/other,393265.8,property|theft/other,"38.9455323164,-77.07768275",-77.07768275,3E,3900 - 3999 block of windom place nw,3,2,others,property,202,"6/1/2024, 8:06:00 AM",141962.64,001200,2D1,38.9455323164,24086896,"6/8/2024, 8:41:31 AM",6
000600 4,day,theft f/auto,,precinct 27,"12/16/2022, 11:02:00 AM",2022,,cluster 15,theft f/auto,393854,property|theft f/auto,"38.9350902568,-77.0708871505",-77.0708871505,3C,3400 - 3420 block of 36th street nw,3,2,others,property,203,"12/15/2022, 12:00:00 AM",140803,000600,2D1,38.9350902568,22182751,"12/16/2022, 11:54:26 AM",7
001100 4,evening,theft/other,,precinct 32,"3/20/2023, 3:00:00 PM",2023,,cluster 11,theft/other,393102,property|theft/other,"38.9496780951,-77.0795769026",-77.0795769026,3E,4000 - 4099 block of brandywine street nw,3,2,others,property,202,"2/19/2023, 3:00:00 PM",142423,001100,2D1,38.9496780951,23421347,"3/22/2023, 3:52:16 PM",6
001002 4,evening,theft/other,,precinct 29,"2/13/2024, 5:36:00 PM",2024,,cluster 14,theft/other,393645.65,property|theft/other,"38.934751414,-77.0732898841",-77.0732898841,3A,3700 - 3749 block of newark street nw,3,2,others,property,204,"2/13/2024, 5:28:00 PM",140765.55,001002,2D2,38.934751414,24022923,"2/13/2024, 6:51:24 PM",6
001004 2,evening,theft/other,,precinct 31,"12/5/2023, 8:40:00 PM",2023,,cluster 11,theft/other,393070.63,property|theft/other,"38.9483570552,-77.0799373128",-77.0799373128,3E,4500 - 4537 block of wisconsin avenue nw,3,2,others,property,202,"12/5/2023, 7:35:00 PM",142276.38,001004,2D1,38.9483570552,23199281,"12/7/2023, 5:42:11 PM",6
001002 2,evening,theft f/auto,,precinct 29,"7/2/2024, 4:27:00 PM",2024,,cluster 14,theft f/auto,393240.35,property|theft f/auto,"38.9367774178,-77.077966755",-77.077966755,3A,3900 - 3999 block of langley court nw,3,2,others,property,204,"7/2/2024, 9:00:00 AM",140990.79,001002,2D2,38.9367774178,24101127,"7/2/2024, 5:25:12 PM",7
001100 4,evening,theft/other,,precinct 32,"7/10/2024, 6:30:00 PM",2024,,cluster 11,theft/other,393194.51,property|theft/other,"38.9487768183,-77.0785086932",-77.0785086932,3E,4500 - 4599 block of fort drive nw,3,2,others,property,202,"7/10/2024, 5:45:00 PM",142322.87,001100,2D1,38.9487768183,24106966,"7/12/2024, 8:25:44 PM",6
001004 3,midnight,theft/other,,precinct 30,"9/6/2024, 9:52:00 PM",2024,,cluster 11,theft/other,393113.91,property|theft/other,"38.9474950334,-77.0794370733",-77.0794370733,3E,4404 - 4499 block of wisconsin avenue nw,3,2,others,property,202,"9/6/2024, 9:23:00 PM",142180.65,001004,2D1,38.9474950334,24137827,"9/9/2024, 2:14:04 AM",6
001100 4,midnight,theft/other,,precinct 32,"9/10/2024, 1:10:00 AM",2024,,cluster 11,theft/other,393039.43,property|theft/other,"38.9492466458,-77.0802982386",-77.0802982386,3E,4530 - 4599 block of wisconsin avenue nw,3,2,others,property,202,"9/10/2024, 12:37:00 AM",142375.16,001100,2D1,38.9492466458,24139491,"9/10/2024, 1:10:13 AM",6
001004 2,evening,theft/other,,precinct 31,"5/7/2026, 12:00:00 AM",2026,,cluster 11,theft/other,393070.63,property|theft/other,"38.9483570552,-77.0799373128",-77.0799373128,3E,4500 - 4537 block of wisconsin avenue nw,3,2,others,property,202,"5/7/2026, 12:00:00 AM",142276.38,001004,2D1,38.9483570552,26061320,"5/7/2026, 4:38:43 PM",6
001200 4,day,theft f/auto,,precinct 33,"2/13/2024, 1:58:00 PM",2024,,cluster 12,theft f/auto,393876.83,property|theft f/auto,"38.9451794294,-77.0706338273",-77.0706338273,3F,4300 - 4325 block of reno road nw,3,2,others,property,203,"2/13/2024, 1:57:00 PM",141922.97,001200,2D1,38.9451794294,24022801,"2/14/2024, 9:16:21 AM",7
001004 2,evening,theft/other,,precinct 31,"1/31/2024, 4:27:00 PM",2024,,cluster 11,theft/other,393070.63,property|theft/other,"38.9483570552,-77.0799373128",-77.0799373128,3E,4500 - 4537 block of wisconsin avenue nw,3,2,others,property,202,"1/17/2024, 8:53:00 PM",142276.38,001004,2D1,38.9483570552,24015839,"1/31/2024, 6:47:43 PM",6
001002 2,day,theft/other,,precinct 29,"8/1/2026, 1:05:00 PM",2026,,cluster 14,theft/other,393254.53,property|theft/other,"38.9400305108,-77.0778067509",-77.0778067509,3A,10 - 99 block of ridge square nw,3,2,others,property,204,"8/1/2026, 12:50:00 PM",141351.9,001002,2D2,38.9400305108,26107456,"8/1/2026, 1:30:45 PM",6
001100 4,day,theft/other,,precinct 32,"12/19/2024, 9:47:00 AM",2024,,cluster 11,theft/other,393173.95,property|theft/other,"38.9487916125,-77.0787458915",-77.0787458915,3E,4500 - 4599 block of 40th street nw,3,2,others,property,202,"12/19/2024, 9:45:00 AM",142324.53,001100,2D1,38.9487916125,24196099,"12/19/2024, 10:28:57 AM",6
001100 4,day,theft/other,,precinct 32,"12/31/2024, 8:28:00 AM",2024,,cluster 11,theft/other,393039.43,property|theft/other,"38.9492466458,-77.0802982386",-77.0802982386,3E,4530 - 4599 block of wisconsin avenue nw,3,2,others,property,202,"12/31/2024, 7:53:00 AM",142375.16,001100,2D1,38.9492466458,24201861,"12/31/2024, 1:07:40 PM",6
001002 4,day,theft f/auto,,precinct 29,"9/3/2026, 9:00:00 AM",2026,,cluster 14,theft f/auto,393320.76,property|theft f/auto,"38.9345996466,-77.0770369414",-77.0770369414,3A,3300 - 3499 block of 39th street nw,3,2,others,property,204,"9/3/2026, 7:00:00 AM",140748.97,001002,2D2,38.9345996466,26125533,"9/4/2026, 9:56:44 AM",7
000904 2,day,motor vehicle theft,,precinct 9,"1/3/2023, 6:30:00 AM",2023,,cluster 13,motor vehicle theft,391375,property|motor vehicle theft,"38.9442668797,-77.0994924234",-77.0994924234,3D,5000 - 5017 block of warren street nw,3,2,others,property,205,"1/3/2023, 6:25:00 AM",141824,000904,2D2,38.9442668797,23001176,"1/3/2023, 7:45:46 AM",8
001002 1,evening,theft/other,,precinct 10,"9/11/2023, 4:38:00 PM",2023,,cluster 14,theft/other,392798.58,property|theft/other,"38.9358388469,-77.0830611003",-77.0830611003,3A,4200 - 4349 block of massachusetts avenue nw,3,2,others,property,204,"9/10/2023, 12:00:00 PM",140886.99,001002,2D2,38.9358388469,23150131,"9/11/2023, 6:58:36 PM",6
001002 4,evening,theft/other,,precinct 29,"1/19/2024, 4:00:00 PM",2024,,cluster 14,theft/other,393645.65,property|theft/other,"38.934751414,-77.0732898841",-77.0732898841,3A,3700 - 3749 block of newark street nw,3,2,others,property,204,"1/19/2024, 3:09:00 PM",140765.55,001002,2D2,38.934751414,24009370,"1/19/2024, 4:35:56 PM",6
000904 2,day,theft f/auto,,precinct 9,"1/16/2025, 6:00:00 PM",2025,,cluster 13,theft f/auto,391587.02,property|theft f/auto,"38.9460519441,-77.0970491269",-77.0970491269,3D,4900 - 4908 block of massachusetts avenue nw,3,2,others,property,205,"1/16/2025, 4:50:00 PM",142021.93,000904,2D2,38.9460519441,25007827,"1/17/2025, 12:06:46 PM",7
001100 4,evening,theft/other,,precinct 32,"11/26/2024, 5:27:00 PM",2024,,cluster 11,theft/other,393173.95,property|theft/other,"38.9487916125,-77.0787458915",-77.0787458915,3E,4500 - 4599 block of 40th street nw,3,2,others,property,202,"11/26/2024, 4:44:00 PM",142324.53,001100,2D1,38.9487916125,24183975,"11/26/2024, 6:03:53 PM",6
001002 4,day,theft/other,,precinct 29,"1/17/2026, 11:44:00 AM",2026,,cluster 14,theft/other,393697.56,property|theft/other,"38.9350777081,-77.0726914964",-77.0726914964,3A,3400 - 3421 block of wisconsin avenue nw,3,2,others,property,204,"1/17/2026, 11:39:00 AM",140801.73,001002,2D2,38.9350777081,26007791,"1/17/2026, 12:44:20 PM",6
001002 4,day,theft/other,,precinct 29,,2024,,cluster 14,theft/other,393645.65,property|theft/other,"38.934751414,-77.0732898841",-77.0732898841,3A,3700 - 3749 block of newark street nw,3,2,others,property,204,"1/19/2024, 8:54:00 AM",140765.55,001002,2D2,38.934751414,24009250,"1/19/2024, 10:06:31 AM",6
001002 4,day,theft/other,,precinct 29,"11/24/2023, 11:39:00 AM",2023,,cluster 14,theft/other,393645.65,property|theft/other,"38.934751414,-77.0732898841",-77.0732898841,3A,3700 - 3749 block of newark street nw,3,2,others,property,204,"11/24/2023, 10:20:00 AM",140765.55,001002,2D2,38.934751414,23192006,"11/24/2023, 11:18:06 AM",6
001002 4,day,theft/other,,precinct 29,"6/9/2023, 11:50:00 AM",2023,,cluster 14,theft/other,393720,property|theft/other,"38.9340623633,-77.0724316449",-77.0724316449,3A,3300 - 3399 block of wisconsin avenue nw,3,2,others,property,204,"6/9/2023, 11:10:00 AM",140689,001002,2D2,38.9340623633,23092199,"6/9/2023, 11:52:08 AM",6
001002 4,evening,theft/other,,precinct 29,"7/17/2025, 4:08:00 PM",2025,,cluster 14,theft/other,393645.65,property|theft/other,"38.934751414,-77.0732898841",-77.0732898841,3A,3700 - 3749 block of newark street nw,3,2,others,property,204,"7/17/2025, 3:33:00 PM",140765.55,001002,2D2,38.934751414,25108019,"7/17/2025, 4:13:16 PM",6
000903 2,evening,theft f/auto,,precinct 9,"1/16/2025, 7:10:00 PM",2025,,cluster 13,theft f/auto,391746.2,property|theft f/auto,"38.9441922538,-77.095210399",-77.095210399,3D,4250 - 4299 block of fordham road nw,3,2,others,property,205,"1/16/2025, 5:00:00 PM",141815.32,000903,2D2,38.9441922538,25007572,"1/16/2025, 9:08:37 PM",7
000902 1,day,theft/other,,precinct 8,"6/2/2023, 11:50:00 AM",2023,,cluster 13,theft/other,391788,property|theft/other,"38.9323979115,-77.0947125521",-77.0947125521,3D,4800 - 4899 block of loughboro road nw,3,2,others,property,205,"6/2/2023, 11:32:00 AM",140506,000902,2D2,38.9323979115,23422557,"6/14/2023, 8:22:20 AM",6
001004 3,evening,theft f/auto,,precinct 30,"10/11/2024, 7:00:00 PM",2024,,cluster 11,theft f/auto,392391.01,property|theft f/auto,"38.9426959444,-77.087770451",-77.087770451,3E,4100 - 4199 block of 45th street nw,3,2,others,property,202,"10/11/2024, 4:44:00 PM",141648.57,001004,2D1,38.9426959444,24157960,"10/11/2024, 7:15:08 PM",7
000600 3,day,theft/other,,precinct 27,"3/6/2024, 6:00:00 AM",2024,,cluster 15,theft/other,393716.95,property|theft/other,"38.9330137754,-77.072465757",-77.072465757,3A,3201 - 3299 block of wisconsin avenue nw,3,2,others,property,204,"3/5/2024, 11:00:00 PM",140572.6,000600,2D2,38.9330137754,24034503,"3/6/2024, 11:47:56 AM",6
001003 3,evening,theft/other,,precinct 30,"3/14/2024, 2:46:00 PM",2024,,cluster 11,theft/other,391696.79,property|theft/other,"38.945126307,-77.0957816153",-77.0957816153,3E,4800 - 4899 block of massachusetts avenue nw,3,2,others,property,202,"3/14/2024, 2:40:00 PM",141919.06,001003,2D1,38.945126307,24038844,"3/14/2024, 3:36:48 PM",6
001002 4,midnight,theft/other,,precinct 29,"8/16/2025, 5:01:00 PM",2025,,cluster 14,theft/other,393645.65,property|theft/other,"38.934751414,-77.0732898841",-77.0732898841,3A,3700 - 3749 block of newark street nw,3,2,others,property,204,"8/16/2025, 4:11:00 PM",140765.55,001002,2D2,38.934751414,25124952,"8/17/2025, 1:47:18 AM",6
000704 1,day,motor vehicle theft,,precinct 28,"8/22/2025, 7:20:00 AM",2025,,cluster 14,motor vehicle theft,393421.66,property|motor vehicle theft,"38.930583246,-77.0758689081",-77.0758689081,3A,3800 - 3899 block of massachusetts avenue nw,3,2,others,property,204,"8/21/2025, 8:00:00 PM",140303.03,000704,2D2,38.930583246,25127856,"8/22/2025, 9:16:52 AM",8
001003 3,day,theft f/auto,,precinct 30,"1/24/2025, 2:30:00 PM",2025,,cluster 11,theft f/auto,391696.79,property|theft f/auto,"38.945126307,-77.0957816153",-77.0957816153,3E,4800 - 4899 block of massachusetts avenue nw,3,2,others,property,202,"1/24/2025, 2:15:00 PM",141919.06,001003,2D1,38.945126307,25420516,"2/5/2025, 8:01:03 AM",7
001004 3,evening,theft f/auto,,precinct 30,"2/22/2023, 2:15:00 PM",2023,,cluster 11,theft f/auto,392421,property|theft f/auto,"38.9447809901,-77.0874270703",-77.0874270703,3E,4400 - 4499 block of warren street nw,3,2,others,property,202,"2/22/2023, 12:30:00 PM",141880,001004,2D1,38.9447809901,23420952,"2/23/2023, 3:32:30 PM",7
000904 2,evening,theft f/auto,,precinct 9,,2026,,cluster 13,theft f/auto,391226.69,property|theft f/auto,"38.9402560949,-77.101197539",-77.101197539,3D,5032 - 5135 block of tilden street nw,3,2,others,property,205,"5/5/2026, 2:30:00 PM",141378.93,000904,2D2,38.9402560949,26060252,"5/5/2026, 3:39:39 PM",7
001100 4,day,theft/other,,precinct 32,"5/26/2024, 7:40:00 AM",2024,,cluster 11,theft/other,393173.95,property|theft/other,"38.9487916125,-77.0787458915",-77.0787458915,3E,4500 - 4599 block of 40th street nw,3,2,others,property,202,"5/26/2024, 7:37:00 AM",142324.53,001100,2D1,38.9487916125,24079160,"5/26/2024, 8:08:22 AM",6
001002 4,day,theft/other,,precinct 29,"12/2/2024, 8:05:00 AM",2024,,cluster 14,theft/other,393645.65,property|theft/other,"38.934751414,-77.0732898841",-77.0732898841,3A,3700 - 3749 block of newark street nw,3,2,others,property,204,"12/2/2024, 8:00:00 AM",140765.55,001002,2D2,38.934751414,24186531,"12/2/2024, 9:06:43 AM",6
000904 2,evening,theft f/auto,,precinct 9,"9/10/2024, 2:50:00 PM",2024,,cluster 13,theft f/auto,391587.02,property|theft f/auto,"38.9460519441,-77.0970491269",-77.0970491269,3D,4900 - 4908 block of massachusetts avenue nw,3,2,others,property,205,"9/10/2024, 2:10:00 PM",142021.93,000904,2D2,38.9460519441,24139805,"9/10/2024, 9:49:45 PM",7
001002 2,day,theft/other,,precinct 29,"1/10/2025, 11:05:00 AM",2025,,cluster 14,theft/other,393254.53,property|theft/other,"38.9400305108,-77.0778067509",-77.0778067509,3A,10 - 99 block of ridge square nw,3,2,others,property,204,"1/10/2025, 11:04:00 AM",141351.9,001002,2D2,38.9400305108,25004280,"1/10/2025, 2:16:39 PM",6
001002 4,evening,theft/other,,precinct 29,"8/15/2025, 9:09:00 PM",2025,,cluster 14,theft/other,393697.56,property|theft/other,"38.9350777081,-77.0726914964",-77.0726914964,3A,3400 - 3421 block of wisconsin avenue nw,3,2,others,property,204,"8/15/2025, 8:38:00 PM",140801.73,001002,2D2,38.9350777081,25124555,"8/15/2025, 9:49:50 PM",6
001002 4,day,theft/other,,precinct 29,"3/29/2025, 11:15:00 AM",2025,,cluster 14,theft/other,393645.65,property|theft/other,"38.934751414,-77.0732898841",-77.0732898841,3A,3700 - 3749 block of newark street nw,3,2,others,property,204,"3/29/2025, 10:13:00 AM",140765.55,001002,2D2,38.934751414,25045227,"3/29/2025, 11:15:33 AM",6
000704 1,evening,theft/other,,precinct 28,"6/8/2025, 9:28:00 PM",2025,,cluster 14,theft/other,393705.62,property|theft/other,"38.932208262,-77.0725956118",-77.0725956118,3A,3200 - 3218 block of wisconsin avenue nw,3,2,others,property,204,"6/8/2025, 9:27:00 PM",140483.19,000704,2D2,38.932208262,25085853,"6/8/2025, 9:41:03 PM",6
001004 2,evening,theft/other,,precinct 31,"7/27/2026, 4:40:00 PM",2026,,cluster 11,theft/other,393070.63,property|theft/other,"38.9483570552,-77.0799373128",-77.0799373128,3E,4500 - 4537 block of wisconsin avenue nw,3,2,others,property,202,"7/27/2026, 3:50:00 PM",142276.38,001004,2D1,38.9483570552,26104882,"7/27/2026, 5:05:16 PM",6
001002 3,day,theft f/auto,,precinct 29,"7/15/2026, 9:40:00 AM",2026,,cluster 14,theft f/auto,393411.39,property|theft f/auto,"38.9383795808,-77.0759956628",-77.0759956628,3A,3600 - 3699 block of 38th street nw,3,2,others,property,204,"7/14/2026, 10:13:00 PM",141168.5,001002,2D2,38.9383795808,26098404,"7/15/2026, 10:21:06 AM",7
001004 2,day,theft/other,,precinct 31,"5/28/2026, 10:32:00 AM",2026,,cluster 11,theft/other,393070.63,property|theft/other,"38.9483570552,-77.0799373128",-77.0799373128,3E,4500 - 4537 block of wisconsin avenue nw,3,2,others,property,202,"5/28/2026, 10:25:00 AM",142276.38,001004,2D1,38.9483570552,26421984,"5/28/2026, 1:47:01 PM",6
000600 4,day,theft/other,,precinct 27,"5/25/2026, 2:30:00 PM",2026,,cluster 15,theft/other,393784,property|theft/other,"38.9346379082,-77.0716940666",-77.0716940666,3A,3600 - 3699 block of newark street nw,3,2,others,property,203,"5/24/2026, 12:00:00 AM",140752.84,000600,2D1,38.9346379082,26422112,"6/6/2026, 12:30:52 PM",6
000703 1,evening,theft/other,,precinct 28,"3/13/2026, 6:58:00 PM",2026,,cluster 14,theft/other,393203.59,property|theft/other,"38.9324226132,-77.0783859624",-77.0783859624,3A,3900 - 4099 block of massachusetts avenue nw,3,2,others,property,205,"3/13/2026, 1:17:00 PM",140507.4,000703,2D2,38.9324226132,26033136,"3/13/2026, 9:14:38 PM",6
000703 1,day,theft/other,,precinct 28,"1/19/2024, 7:00:00 AM",2024,,cluster 14,theft/other,393245.04,property|theft/other,"38.9290989586,-77.0779042699",-77.0779042699,3A,3900 - 3999 block of cathedral avenue nw,3,2,others,property,204,"1/19/2024, 4:45:00 AM",140138.41,000703,2D2,38.9290989586,24009251,"1/19/2024, 10:02:54 AM",6
001002 4,day,theft/other,,precinct 29,"1/19/2024, 10:17:00 AM",2024,,cluster 14,theft/other,393645.65,property|theft/other,"38.934751414,-77.0732898841",-77.0732898841,3A,3700 - 3749 block of newark street nw,3,2,others,property,204,"1/19/2024, 9:53:00 AM",140765.55,001002,2D2,38.934751414,24009258,"1/19/2024, 11:23:00 AM",6
001004 3,day,burglary,,precinct 30,"12/26/2025, 8:00:00 AM",2025,,cluster 11,burglary,392428.17,property|burglary,"38.9404535628,-77.0873390595",-77.0873390595,3E,4400 - 4499 block of sedgwick street nw,3,2,others,property,202,"12/26/2025, 1:42:00 AM",141399.61,001004,2D1,38.9404535628,25193315,"12/26/2025, 10:39:19 AM",5
001002 4,evening,theft/other,,precinct 29,"8/25/2026, 7:49:00 PM",2026,,cluster 14,theft/other,393645.65,property|theft/other,"38.934751414,-77.0732898841",-77.0732898841,3A,3700 - 3749 block of newark street nw,3,2,others,property,204,"8/25/2026, 7:12:00 PM",140765.55,001002,2D2,38.934751414,26120307,"8/25/2026, 8:43:01 PM",6
001003 3,evening,theft/other,,precinct 30,"5/20/2025, 1:11:00 PM",2025,,cluster 11,theft/other,391896.45,property|theft/other,"38.9455360663,-77.0934789754",-77.0934789754,3E,4700 - 4799 block of windom place nw,3,2,others,property,202,"5/20/2025, 1:11:00 PM",141964.34,001003,2D1,38.9455360663,25421970,"5/27/2025, 5:02:41 PM",6
000600 4,day,theft/other,,precinct 27,"9/11/2025, 3:37:00 AM",2025,,cluster 15,theft/other,393951.8,property|theft/other,"38.9373312986,-77.0697613308",-77.0697613308,3C,3500 - 3599 block of porter street nw,3,2,others,property,203,"9/11/2025, 3:35:00 AM",141051.7,000600,2D1,38.9373312986,25139400,"9/12/2025, 7:21:26 AM",6
001004 2,evening,theft/other,,precinct 31,"9/20/2026, 4:45:00 PM",2026,,cluster 11,theft/other,393070.63,property|theft/other,"38.9483570552,-77.0799373128",-77.0799373128,3E,4500 - 4537 block of wisconsin avenue nw,3,2,others,property,202,"9/20/2026, 4:25:00 PM",142276.38,001004,2D1,38.9483570552,26134601,"9/20/2026, 7:55:07 PM",6
001100 4,midnight,theft/other,,precinct 32,"4/29/2024, 8:40:00 PM",2024,,cluster 11,theft/other,393070.63,property|theft/other,"38.9483570552,-77.0799373128",-77.0799373128,3E,4500 - 4537 block of wisconsin avenue nw,3,2,others,property,202,"4/29/2024, 1:55:00 PM",142276.38,001100,2D1,38.9483570552,24064333,"4/30/2024, 4:55:41 AM",6